ISO-10303-21;
HEADER;
FILE_DESCRIPTION(('Open CASCADE Model'),'2;1');
FILE_NAME('Open CASCADE Shape Model','2026-05-22T11:22:47',('Author'),(
    'Open CASCADE'),'Open CASCADE STEP processor 7.8','Open CASCADE 7.8'
  ,'Unknown');
FILE_SCHEMA(('AUTOMOTIVE_DESIGN { 1 0 10303 214 1 1 1 1 }'));
ENDSEC;
DATA;
#1 = APPLICATION_PROTOCOL_DEFINITION('international standard',
  'automotive_design',2000,#2);
#2 = APPLICATION_CONTEXT(
  'core data for automotive mechanical design processes');
#3 = SHAPE_DEFINITION_REPRESENTATION(#4,#10);
#4 = PRODUCT_DEFINITION_SHAPE('','',#5);
#5 = PRODUCT_DEFINITION('design','',#6,#9);
#6 = PRODUCT_DEFINITION_FORMATION('','',#7);
#7 = PRODUCT('Open CASCADE STEP translator 7.8 6',
  'Open CASCADE STEP translator 7.8 6','',(#8));
#8 = PRODUCT_CONTEXT('',#2,'mechanical');
#9 = PRODUCT_DEFINITION_CONTEXT('part definition',#2,'design');
#10 = ADVANCED_BREP_SHAPE_REPRESENTATION('',(#11,#15),#7191);
#11 = AXIS2_PLACEMENT_3D('',#12,#13,#14);
#12 = CARTESIAN_POINT('',(0.,0.,0.));
#13 = DIRECTION('',(0.,0.,1.));
#14 = DIRECTION('',(1.,0.,-0.));
#15 = MANIFOLD_SOLID_BREP('',#16);
#16 = CLOSED_SHELL('',(#17,#113,#204,#295,#386,#469,#656,#894,#1127,
    #1360,#1386,#1393,#1465,#1621,#1694,#1838,#1888,#2005,#2055,#2150,
    #2294,#2320,#2370,#2419,#2473,#2522,#2550,#2600,#2649,#2703,#2752,
    #2780,#2830,#2879,#2933,#2982,#3010,#3060,#3109,#3163,#3212,#3240,
    #3265,#3272,#4682,#5291,#5338,#5365,#5392,#5419,#5446,#5473,#5500,
    #5527,#5554,#5581,#5608,#5635,#5662,#5689,#5716,#5743,#5770,#5797,
    #5824,#5851,#5878,#5905,#5932,#5939,#6543,#6590,#6617,#6644,#6671,
    #6698,#6745,#6772,#6799,#6826,#6853,#6900,#6927,#6954,#6981,#7008,
    #7055,#7082,#7109,#7136,#7163,#7170,#7177,#7184));
#17 = ADVANCED_FACE('',(#18),#32,.F.);
#18 = FACE_BOUND('',#19,.F.);
#19 = EDGE_LOOP('',(#20,#50,#81,#82));
#20 = ORIENTED_EDGE('',*,*,#21,.T.);
#21 = EDGE_CURVE('',#22,#24,#26,.T.);
#22 = VERTEX_POINT('',#23);
#23 = CARTESIAN_POINT('',(-12.89999999999,-23.57000000025,-26.12));
#24 = VERTEX_POINT('',#25);
#25 = CARTESIAN_POINT('',(-17.69999999999,-23.57000000025,-26.12));
#26 = SEAM_CURVE('',#27,(#31,#43),.PCURVE_S1.);
#27 = LINE('',#28,#29);
#28 = CARTESIAN_POINT('',(38.301025000004,-23.57000000025,-26.12));
#29 = VECTOR('',#30,1.);
#30 = DIRECTION('',(-1.,1.055180248732E-13,-2.517430708338E-14));
#31 = PCURVE('',#32,#37);
#32 = CYLINDRICAL_SURFACE('',#33,2.55);
#33 = AXIS2_PLACEMENT_3D('',#34,#35,#36);
#34 = CARTESIAN_POINT('',(38.301025000004,-23.57000000025,-23.57));
#35 = DIRECTION('',(-1.,1.055180248732E-13,-2.517430708338E-14));
#36 = DIRECTION('',(-2.517430708338E-14,4.123090757702E-14,1.));
#37 = DEFINITIONAL_REPRESENTATION('',(#38),#42);
#38 = LINE('',#39,#40);
#39 = CARTESIAN_POINT('',(3.141592653589,-3.552713678801E-14));
#40 = VECTOR('',#41,1.);
#41 = DIRECTION('',(9.344377123928E-15,1.));
#42 = ( GEOMETRIC_REPRESENTATION_CONTEXT(2) 
PARAMETRIC_REPRESENTATION_CONTEXT() REPRESENTATION_CONTEXT('2D SPACE',''
  ) );
#43 = PCURVE('',#32,#44);
#44 = DEFINITIONAL_REPRESENTATION('',(#45),#49);
#45 = LINE('',#46,#47);
#46 = CARTESIAN_POINT('',(-3.14159265359,-3.552713678801E-14));
#47 = VECTOR('',#48,1.);
#48 = DIRECTION('',(9.344377123928E-15,1.));
#49 = ( GEOMETRIC_REPRESENTATION_CONTEXT(2) 
PARAMETRIC_REPRESENTATION_CONTEXT() REPRESENTATION_CONTEXT('2D SPACE',''
  ) );
#50 = ORIENTED_EDGE('',*,*,#51,.F.);
#51 = EDGE_CURVE('',#24,#24,#52,.T.);
#52 = SURFACE_CURVE('',#53,(#58,#65),.PCURVE_S1.);
#53 = CIRCLE('',#54,2.55);
#54 = AXIS2_PLACEMENT_3D('',#55,#56,#57);
#55 = CARTESIAN_POINT('',(-17.69999999999,-23.57000000025,-23.57));
#56 = DIRECTION('',(-1.,1.055180248732E-13,-2.517430708338E-14));
#57 = DIRECTION('',(2.517430708338E-14,-4.123090757702E-14,-1.));
#58 = PCURVE('',#32,#59);
#59 = DEFINITIONAL_REPRESENTATION('',(#60),#64);
#60 = LINE('',#61,#62);
#61 = CARTESIAN_POINT('',(-3.141592653587,56.001025));
#62 = VECTOR('',#63,1.);
#63 = DIRECTION('',(1.,0.));
#64 = ( GEOMETRIC_REPRESENTATION_CONTEXT(2) 
PARAMETRIC_REPRESENTATION_CONTEXT() REPRESENTATION_CONTEXT('2D SPACE',''
  ) );
#65 = PCURVE('',#66,#71);
#66 = PLANE('',#67);
#67 = AXIS2_PLACEMENT_3D('',#68,#69,#70);
#68 = CARTESIAN_POINT('',(-17.69999999999,23.599999999247,-23.6));
#69 = DIRECTION('',(1.,-1.055180248732E-13,2.517430708338E-14));
#70 = DIRECTION('',(2.517430708338E-14,-4.123090757702E-14,-1.));
#71 = DEFINITIONAL_REPRESENTATION('',(#72),#80);
#72 = ( BOUNDED_CURVE() B_SPLINE_CURVE(2,(#73,#74,#75,#76,#77,#78,#79),
.UNSPECIFIED.,.T.,.F.) B_SPLINE_CURVE_WITH_KNOTS((1,2,2,2,2,1),(
    -2.094395102393,0.,2.094395102393,4.188790204786,6.28318530718,
8.377580409573),.UNSPECIFIED.) CURVE() GEOMETRIC_REPRESENTATION_ITEM() 
RATIONAL_B_SPLINE_CURVE((1.,0.5,1.,0.5,1.,0.5,1.)) REPRESENTATION_ITEM(
  '') );
#73 = CARTESIAN_POINT('',(2.520000000002,-47.1699999995));
#74 = CARTESIAN_POINT('',(2.520000000002,-51.5867295588));
#75 = CARTESIAN_POINT('',(-1.304999999998,-49.37836477915));
#76 = CARTESIAN_POINT('',(-5.129999999998,-47.1699999995));
#77 = CARTESIAN_POINT('',(-1.304999999998,-44.96163521985));
#78 = CARTESIAN_POINT('',(2.520000000002,-42.75327044019));
#79 = CARTESIAN_POINT('',(2.520000000002,-47.1699999995));
#80 = ( GEOMETRIC_REPRESENTATION_CONTEXT(2) 
PARAMETRIC_REPRESENTATION_CONTEXT() REPRESENTATION_CONTEXT('2D SPACE',''
  ) );
#81 = ORIENTED_EDGE('',*,*,#21,.F.);
#82 = ORIENTED_EDGE('',*,*,#83,.T.);
#83 = EDGE_CURVE('',#22,#22,#84,.T.);
#84 = SURFACE_CURVE('',#85,(#90,#97),.PCURVE_S1.);
#85 = CIRCLE('',#86,2.55);
#86 = AXIS2_PLACEMENT_3D('',#87,#88,#89);
#87 = CARTESIAN_POINT('',(-12.89999999999,-23.57000000025,-23.57));
#88 = DIRECTION('',(-1.,1.055180248732E-13,-2.517430708338E-14));
#89 = DIRECTION('',(2.517430708338E-14,-4.123090757702E-14,-1.));
#90 = PCURVE('',#32,#91);
#91 = DEFINITIONAL_REPRESENTATION('',(#92),#96);
#92 = LINE('',#93,#94);
#93 = CARTESIAN_POINT('',(-3.141592653588,51.201025));
#94 = VECTOR('',#95,1.);
#95 = DIRECTION('',(1.,0.));
#96 = ( GEOMETRIC_REPRESENTATION_CONTEXT(2) 
PARAMETRIC_REPRESENTATION_CONTEXT() REPRESENTATION_CONTEXT('2D SPACE',''
  ) );
#97 = PCURVE('',#98,#103);
#98 = PLANE('',#99);
#99 = AXIS2_PLACEMENT_3D('',#100,#101,#102);
#100 = CARTESIAN_POINT('',(-12.89999999999,23.599999999247,-23.6));
#101 = DIRECTION('',(1.,-1.055180248732E-13,2.517430708338E-14));
#102 = DIRECTION('',(2.517430708338E-14,-4.123090757702E-14,-1.));
#103 = DEFINITIONAL_REPRESENTATION('',(#104),#112);
#104 = ( BOUNDED_CURVE() B_SPLINE_CURVE(2,(#105,#106,#107,#108,#109,#110
,#111),.UNSPECIFIED.,.T.,.F.) B_SPLINE_CURVE_WITH_KNOTS((1,2,2,2,2,1),(
    -2.094395102393,0.,2.094395102393,4.188790204786,6.28318530718,
8.377580409573),.UNSPECIFIED.) CURVE() GEOMETRIC_REPRESENTATION_ITEM() 
RATIONAL_B_SPLINE_CURVE((1.,0.5,1.,0.5,1.,0.5,1.)) REPRESENTATION_ITEM(
  '') );
#105 = CARTESIAN_POINT('',(2.520000000002,-47.1699999995));
#106 = CARTESIAN_POINT('',(2.520000000002,-51.5867295588));
#107 = CARTESIAN_POINT('',(-1.304999999998,-49.37836477915));
#108 = CARTESIAN_POINT('',(-5.129999999998,-47.1699999995));
#109 = CARTESIAN_POINT('',(-1.304999999998,-44.96163521985));
#110 = CARTESIAN_POINT('',(2.520000000002,-42.75327044019));
#111 = CARTESIAN_POINT('',(2.520000000002,-47.1699999995));
#112 = ( GEOMETRIC_REPRESENTATION_CONTEXT(2) 
PARAMETRIC_REPRESENTATION_CONTEXT() REPRESENTATION_CONTEXT('2D SPACE',''
  ) );
#113 = ADVANCED_FACE('',(#114),#128,.F.);
#114 = FACE_BOUND('',#115,.F.);
#115 = EDGE_LOOP('',(#116,#146,#172,#173));
#116 = ORIENTED_EDGE('',*,*,#117,.T.);
#117 = EDGE_CURVE('',#118,#120,#122,.T.);
#118 = VERTEX_POINT('',#119);
#119 = CARTESIAN_POINT('',(-12.9,-23.57000000025,21.019999999996));
#120 = VERTEX_POINT('',#121);
#121 = CARTESIAN_POINT('',(-17.7,-23.57000000025,21.019999999996));
#122 = SEAM_CURVE('',#123,(#127,#139),.PCURVE_S1.);
#123 = LINE('',#124,#125);
#124 = CARTESIAN_POINT('',(38.301024999995,-23.57000000025,
    21.019999999996));
#125 = VECTOR('',#126,1.);
#126 = DIRECTION('',(-1.,1.055180248732E-13,-2.517430708338E-14));
#127 = PCURVE('',#128,#133);
#128 = CYLINDRICAL_SURFACE('',#129,2.55);
#129 = AXIS2_PLACEMENT_3D('',#130,#131,#132);
#130 = CARTESIAN_POINT('',(38.301024999995,-23.57000000025,
    23.569999999996));
#131 = DIRECTION('',(-1.,1.055180248732E-13,-2.517430708338E-14));
#132 = DIRECTION('',(-2.517430708338E-14,4.123090757702E-14,1.));
#133 = DEFINITIONAL_REPRESENTATION('',(#134),#138);
#134 = LINE('',#135,#136);
#135 = CARTESIAN_POINT('',(3.141592653589,-2.84217094304E-14));
#136 = VECTOR('',#137,1.);
#137 = DIRECTION('',(9.34437712393E-15,1.));
#138 = ( GEOMETRIC_REPRESENTATION_CONTEXT(2) 
PARAMETRIC_REPRESENTATION_CONTEXT() REPRESENTATION_CONTEXT('2D SPACE',''
  ) );
#139 = PCURVE('',#128,#140);
#140 = DEFINITIONAL_REPRESENTATION('',(#141),#145);
#141 = LINE('',#142,#143);
#142 = CARTESIAN_POINT('',(-3.14159265359,-2.84217094304E-14));
#143 = VECTOR('',#144,1.);
#144 = DIRECTION('',(9.34437712393E-15,1.));
#145 = ( GEOMETRIC_REPRESENTATION_CONTEXT(2) 
PARAMETRIC_REPRESENTATION_CONTEXT() REPRESENTATION_CONTEXT('2D SPACE',''
  ) );
#146 = ORIENTED_EDGE('',*,*,#147,.F.);
#147 = EDGE_CURVE('',#120,#120,#148,.T.);
#148 = SURFACE_CURVE('',#149,(#154,#161),.PCURVE_S1.);
#149 = CIRCLE('',#150,2.55);
#150 = AXIS2_PLACEMENT_3D('',#151,#152,#153);
#151 = CARTESIAN_POINT('',(-17.7,-23.57000000025,23.569999999996));
#152 = DIRECTION('',(-1.,1.055180248732E-13,-2.517430708338E-14));
#153 = DIRECTION('',(-2.517430708338E-14,4.123090757702E-14,1.));
#154 = PCURVE('',#128,#155);
#155 = DEFINITIONAL_REPRESENTATION('',(#156),#160);
#156 = LINE('',#157,#158);
#157 = CARTESIAN_POINT('',(-6.283185307177,56.001025));
#158 = VECTOR('',#159,1.);
#159 = DIRECTION('',(1.,0.));
#160 = ( GEOMETRIC_REPRESENTATION_CONTEXT(2) 
PARAMETRIC_REPRESENTATION_CONTEXT() REPRESENTATION_CONTEXT('2D SPACE',''
  ) );
#161 = PCURVE('',#66,#162);
#162 = DEFINITIONAL_REPRESENTATION('',(#163),#171);
#163 = ( BOUNDED_CURVE() B_SPLINE_CURVE(2,(#164,#165,#166,#167,#168,#169
,#170),.UNSPECIFIED.,.T.,.F.) B_SPLINE_CURVE_WITH_KNOTS((1,2,2,2,2,1),(
    -2.094395102393,0.,2.094395102393,4.188790204786,6.28318530718,
8.377580409573),.UNSPECIFIED.) CURVE() GEOMETRIC_REPRESENTATION_ITEM() 
RATIONAL_B_SPLINE_CURVE((1.,0.5,1.,0.5,1.,0.5,1.)) REPRESENTATION_ITEM(
  '') );
#164 = CARTESIAN_POINT('',(-49.71999999999,-47.1699999995));
#165 = CARTESIAN_POINT('',(-49.71999999999,-42.7532704402));
#166 = CARTESIAN_POINT('',(-45.89499999999,-44.96163521985));
#167 = CARTESIAN_POINT('',(-42.06999999999,-47.1699999995));
#168 = CARTESIAN_POINT('',(-45.89499999999,-49.37836477915));
#169 = CARTESIAN_POINT('',(-49.71999999999,-51.5867295588));
#170 = CARTESIAN_POINT('',(-49.71999999999,-47.1699999995));
#171 = ( GEOMETRIC_REPRESENTATION_CONTEXT(2) 
PARAMETRIC_REPRESENTATION_CONTEXT() REPRESENTATION_CONTEXT('2D SPACE',''
  ) );
#172 = ORIENTED_EDGE('',*,*,#117,.F.);
#173 = ORIENTED_EDGE('',*,*,#174,.T.);
#174 = EDGE_CURVE('',#118,#118,#175,.T.);
#175 = SURFACE_CURVE('',#176,(#181,#188),.PCURVE_S1.);
#176 = CIRCLE('',#177,2.55);
#177 = AXIS2_PLACEMENT_3D('',#178,#179,#180);
#178 = CARTESIAN_POINT('',(-12.9,-23.57000000025,23.569999999996));
#179 = DIRECTION('',(-1.,1.055180248732E-13,-2.517430708338E-14));
#180 = DIRECTION('',(2.517430708338E-14,-4.123090757702E-14,-1.));
#181 = PCURVE('',#128,#182);
#182 = DEFINITIONAL_REPRESENTATION('',(#183),#187);
#183 = LINE('',#184,#185);
#184 = CARTESIAN_POINT('',(-3.141592653588,51.201025000001));
#185 = VECTOR('',#186,1.);
#186 = DIRECTION('',(1.,0.));
#187 = ( GEOMETRIC_REPRESENTATION_CONTEXT(2) 
PARAMETRIC_REPRESENTATION_CONTEXT() REPRESENTATION_CONTEXT('2D SPACE',''
  ) );
#188 = PCURVE('',#189,#194);
#189 = PLANE('',#190);
#190 = AXIS2_PLACEMENT_3D('',#191,#192,#193);
#191 = CARTESIAN_POINT('',(-12.89999999999,23.599999999247,-23.6));
#192 = DIRECTION('',(1.,-1.055180248732E-13,2.517430708338E-14));
#193 = DIRECTION('',(2.517430708338E-14,-4.123090757702E-14,-1.));
#194 = DEFINITIONAL_REPRESENTATION('',(#195),#203);
#195 = ( BOUNDED_CURVE() B_SPLINE_CURVE(2,(#196,#197,#198,#199,#200,#201
,#202),.UNSPECIFIED.,.T.,.F.) B_SPLINE_CURVE_WITH_KNOTS((1,2,2,2,2,1),(
    -2.094395102393,0.,2.094395102393,4.188790204786,6.28318530718,
8.377580409573),.UNSPECIFIED.) CURVE() GEOMETRIC_REPRESENTATION_ITEM() 
RATIONAL_B_SPLINE_CURVE((1.,0.5,1.,0.5,1.,0.5,1.)) REPRESENTATION_ITEM(
  '') );
#196 = CARTESIAN_POINT('',(-44.61999999999,-47.1699999995));
#197 = CARTESIAN_POINT('',(-44.61999999999,-51.5867295588));
#198 = CARTESIAN_POINT('',(-48.44499999999,-49.37836477915));
#199 = CARTESIAN_POINT('',(-52.26999999999,-47.1699999995));
#200 = CARTESIAN_POINT('',(-48.44499999999,-44.96163521985));
#201 = CARTESIAN_POINT('',(-44.61999999999,-42.7532704402));
#202 = CARTESIAN_POINT('',(-44.61999999999,-47.1699999995));
#203 = ( GEOMETRIC_REPRESENTATION_CONTEXT(2) 
PARAMETRIC_REPRESENTATION_CONTEXT() REPRESENTATION_CONTEXT('2D SPACE',''
  ) );
#204 = ADVANCED_FACE('',(#205),#219,.F.);
#205 = FACE_BOUND('',#206,.F.);
#206 = EDGE_LOOP('',(#207,#237,#263,#264));
#207 = ORIENTED_EDGE('',*,*,#208,.T.);
#208 = EDGE_CURVE('',#209,#211,#213,.T.);
#209 = VERTEX_POINT('',#210);
#210 = CARTESIAN_POINT('',(-12.9,23.569999999247,21.019999999996));
#211 = VERTEX_POINT('',#212);
#212 = CARTESIAN_POINT('',(-17.7,23.569999999247,21.019999999996));
#213 = SEAM_CURVE('',#214,(#218,#230),.PCURVE_S1.);
#214 = LINE('',#215,#216);
#215 = CARTESIAN_POINT('',(38.301024999995,23.569999999247,
    21.019999999996));
#216 = VECTOR('',#217,1.);
#217 = DIRECTION('',(-1.,1.055180248732E-13,-2.517430708338E-14));
#218 = PCURVE('',#219,#224);
#219 = CYLINDRICAL_SURFACE('',#220,2.55);
#220 = AXIS2_PLACEMENT_3D('',#221,#222,#223);
#221 = CARTESIAN_POINT('',(38.301024999995,23.569999999247,
    23.569999999996));
#222 = DIRECTION('',(-1.,1.055180248732E-13,-2.517430708338E-14));
#223 = DIRECTION('',(-2.517430708338E-14,4.123090757702E-14,1.));
#224 = DEFINITIONAL_REPRESENTATION('',(#225),#229);
#225 = LINE('',#226,#227);
#226 = CARTESIAN_POINT('',(3.141592653589,-4.263256414561E-14));
#227 = VECTOR('',#228,1.);
#228 = DIRECTION('',(9.34437712393E-15,1.));
#229 = ( GEOMETRIC_REPRESENTATION_CONTEXT(2) 
PARAMETRIC_REPRESENTATION_CONTEXT() REPRESENTATION_CONTEXT('2D SPACE',''
  ) );
#230 = PCURVE('',#219,#231);
#231 = DEFINITIONAL_REPRESENTATION('',(#232),#236);
#232 = LINE('',#233,#234);
#233 = CARTESIAN_POINT('',(-3.14159265359,-4.263256414561E-14));
#234 = VECTOR('',#235,1.);
#235 = DIRECTION('',(9.34437712393E-15,1.));
#236 = ( GEOMETRIC_REPRESENTATION_CONTEXT(2) 
PARAMETRIC_REPRESENTATION_CONTEXT() REPRESENTATION_CONTEXT('2D SPACE',''
  ) );
#237 = ORIENTED_EDGE('',*,*,#238,.F.);
#238 = EDGE_CURVE('',#211,#211,#239,.T.);
#239 = SURFACE_CURVE('',#240,(#245,#252),.PCURVE_S1.);
#240 = CIRCLE('',#241,2.55);
#241 = AXIS2_PLACEMENT_3D('',#242,#243,#244);
#242 = CARTESIAN_POINT('',(-17.7,23.569999999247,23.569999999996));
#243 = DIRECTION('',(-1.,1.055180248732E-13,-2.517430708338E-14));
#244 = DIRECTION('',(2.517430708338E-14,-4.123090757702E-14,-1.));
#245 = PCURVE('',#219,#246);
#246 = DEFINITIONAL_REPRESENTATION('',(#247),#251);
#247 = LINE('',#248,#249);
#248 = CARTESIAN_POINT('',(-3.141592653587,56.001025));
#249 = VECTOR('',#250,1.);
#250 = DIRECTION('',(1.,0.));
#251 = ( GEOMETRIC_REPRESENTATION_CONTEXT(2) 
PARAMETRIC_REPRESENTATION_CONTEXT() REPRESENTATION_CONTEXT('2D SPACE',''
  ) );
#252 = PCURVE('',#66,#253);
#253 = DEFINITIONAL_REPRESENTATION('',(#254),#262);
#254 = ( BOUNDED_CURVE() B_SPLINE_CURVE(2,(#255,#256,#257,#258,#259,#260
,#261),.UNSPECIFIED.,.T.,.F.) B_SPLINE_CURVE_WITH_KNOTS((1,2,2,2,2,1),(
    -2.094395102393,0.,2.094395102393,4.188790204786,6.28318530718,
8.377580409573),.UNSPECIFIED.) CURVE() GEOMETRIC_REPRESENTATION_ITEM() 
RATIONAL_B_SPLINE_CURVE((1.,0.5,1.,0.5,1.,0.5,1.)) REPRESENTATION_ITEM(
  '') );
#255 = CARTESIAN_POINT('',(-44.62,-3.000000000192E-02));
#256 = CARTESIAN_POINT('',(-44.62,-4.446729559303));
#257 = CARTESIAN_POINT('',(-48.445,-2.238364779652));
#258 = CARTESIAN_POINT('',(-52.27,-3.000000000192E-02));
#259 = CARTESIAN_POINT('',(-48.445,2.178364779648));
#260 = CARTESIAN_POINT('',(-44.62,4.386729559299));
#261 = CARTESIAN_POINT('',(-44.62,-3.000000000192E-02));
#262 = ( GEOMETRIC_REPRESENTATION_CONTEXT(2) 
PARAMETRIC_REPRESENTATION_CONTEXT() REPRESENTATION_CONTEXT('2D SPACE',''
  ) );
#263 = ORIENTED_EDGE('',*,*,#208,.F.);
#264 = ORIENTED_EDGE('',*,*,#265,.T.);
#265 = EDGE_CURVE('',#209,#209,#266,.T.);
#266 = SURFACE_CURVE('',#267,(#272,#279),.PCURVE_S1.);
#267 = CIRCLE('',#268,2.55);
#268 = AXIS2_PLACEMENT_3D('',#269,#270,#271);
#269 = CARTESIAN_POINT('',(-12.9,23.569999999247,23.569999999996));
#270 = DIRECTION('',(-1.,1.055180248732E-13,-2.517430708338E-14));
#271 = DIRECTION('',(2.517430708338E-14,-4.123090757702E-14,-1.));
#272 = PCURVE('',#219,#273);
#273 = DEFINITIONAL_REPRESENTATION('',(#274),#278);
#274 = LINE('',#275,#276);
#275 = CARTESIAN_POINT('',(-3.141592653588,51.201025000001));
#276 = VECTOR('',#277,1.);
#277 = DIRECTION('',(1.,0.));
#278 = ( GEOMETRIC_REPRESENTATION_CONTEXT(2) 
PARAMETRIC_REPRESENTATION_CONTEXT() REPRESENTATION_CONTEXT('2D SPACE',''
  ) );
#279 = PCURVE('',#280,#285);
#280 = PLANE('',#281);
#281 = AXIS2_PLACEMENT_3D('',#282,#283,#284);
#282 = CARTESIAN_POINT('',(-12.89999999999,23.599999999247,-23.6));
#283 = DIRECTION('',(1.,-1.055180248732E-13,2.517430708338E-14));
#284 = DIRECTION('',(2.517430708338E-14,-4.123090757702E-14,-1.));
#285 = DEFINITIONAL_REPRESENTATION('',(#286),#294);
#286 = ( BOUNDED_CURVE() B_SPLINE_CURVE(2,(#287,#288,#289,#290,#291,#292
,#293),.UNSPECIFIED.,.T.,.F.) B_SPLINE_CURVE_WITH_KNOTS((1,2,2,2,2,1),(
    -2.094395102393,0.,2.094395102393,4.188790204786,6.28318530718,
8.377580409573),.UNSPECIFIED.) CURVE() GEOMETRIC_REPRESENTATION_ITEM() 
RATIONAL_B_SPLINE_CURVE((1.,0.5,1.,0.5,1.,0.5,1.)) REPRESENTATION_ITEM(
  '') );
#287 = CARTESIAN_POINT('',(-44.62,-3.000000000192E-02));
#288 = CARTESIAN_POINT('',(-44.62,-4.446729559303));
#289 = CARTESIAN_POINT('',(-48.445,-2.238364779652));
#290 = CARTESIAN_POINT('',(-52.27,-3.000000000192E-02));
#291 = CARTESIAN_POINT('',(-48.445,2.178364779648));
#292 = CARTESIAN_POINT('',(-44.62,4.386729559299));
#293 = CARTESIAN_POINT('',(-44.62,-3.000000000192E-02));
#294 = ( GEOMETRIC_REPRESENTATION_CONTEXT(2) 
PARAMETRIC_REPRESENTATION_CONTEXT() REPRESENTATION_CONTEXT('2D SPACE',''
  ) );
#295 = ADVANCED_FACE('',(#296),#310,.F.);
#296 = FACE_BOUND('',#297,.F.);
#297 = EDGE_LOOP('',(#298,#328,#354,#355));
#298 = ORIENTED_EDGE('',*,*,#299,.T.);
#299 = EDGE_CURVE('',#300,#302,#304,.T.);
#300 = VERTEX_POINT('',#301);
#301 = CARTESIAN_POINT('',(-12.89999999999,23.569999999247,-26.12));
#302 = VERTEX_POINT('',#303);
#303 = CARTESIAN_POINT('',(-17.69999999999,23.569999999247,-26.12));
#304 = SEAM_CURVE('',#305,(#309,#321),.PCURVE_S1.);
#305 = LINE('',#306,#307);
#306 = CARTESIAN_POINT('',(38.301025000004,23.569999999247,-26.12));
#307 = VECTOR('',#308,1.);
#308 = DIRECTION('',(-1.,1.055180248732E-13,-2.517430708338E-14));
#309 = PCURVE('',#310,#315);
#310 = CYLINDRICAL_SURFACE('',#311,2.55);
#311 = AXIS2_PLACEMENT_3D('',#312,#313,#314);
#312 = CARTESIAN_POINT('',(38.301025000004,23.569999999247,-23.57));
#313 = DIRECTION('',(-1.,1.055180248732E-13,-2.517430708338E-14));
#314 = DIRECTION('',(-2.517430708338E-14,4.123090757702E-14,1.));
#315 = DEFINITIONAL_REPRESENTATION('',(#316),#320);
#316 = LINE('',#317,#318);
#317 = CARTESIAN_POINT('',(3.141592653589,-4.973799150321E-14));
#318 = VECTOR('',#319,1.);
#319 = DIRECTION('',(9.344377123928E-15,1.));
#320 = ( GEOMETRIC_REPRESENTATION_CONTEXT(2) 
PARAMETRIC_REPRESENTATION_CONTEXT() REPRESENTATION_CONTEXT('2D SPACE',''
  ) );
#321 = PCURVE('',#310,#322);
#322 = DEFINITIONAL_REPRESENTATION('',(#323),#327);
#323 = LINE('',#324,#325);
#324 = CARTESIAN_POINT('',(-3.14159265359,-4.973799150321E-14));
#325 = VECTOR('',#326,1.);
#326 = DIRECTION('',(9.344377123928E-15,1.));
#327 = ( GEOMETRIC_REPRESENTATION_CONTEXT(2) 
PARAMETRIC_REPRESENTATION_CONTEXT() REPRESENTATION_CONTEXT('2D SPACE',''
  ) );
#328 = ORIENTED_EDGE('',*,*,#329,.F.);
#329 = EDGE_CURVE('',#302,#302,#330,.T.);
#330 = SURFACE_CURVE('',#331,(#336,#343),.PCURVE_S1.);
#331 = CIRCLE('',#332,2.55);
#332 = AXIS2_PLACEMENT_3D('',#333,#334,#335);
#333 = CARTESIAN_POINT('',(-17.69999999999,23.569999999247,-23.57));
#334 = DIRECTION('',(-1.,1.055180248732E-13,-2.517430708338E-14));
#335 = DIRECTION('',(-2.517430708338E-14,4.123090757702E-14,1.));
#336 = PCURVE('',#310,#337);
#337 = DEFINITIONAL_REPRESENTATION('',(#338),#342);
#338 = LINE('',#339,#340);
#339 = CARTESIAN_POINT('',(-6.283185307177,56.001025));
#340 = VECTOR('',#341,1.);
#341 = DIRECTION('',(1.,0.));
#342 = ( GEOMETRIC_REPRESENTATION_CONTEXT(2) 
PARAMETRIC_REPRESENTATION_CONTEXT() REPRESENTATION_CONTEXT('2D SPACE',''
  ) );
#343 = PCURVE('',#66,#344);
#344 = DEFINITIONAL_REPRESENTATION('',(#345),#353);
#345 = ( BOUNDED_CURVE() B_SPLINE_CURVE(2,(#346,#347,#348,#349,#350,#351
,#352),.UNSPECIFIED.,.T.,.F.) B_SPLINE_CURVE_WITH_KNOTS((1,2,2,2,2,1),(
    -2.094395102393,0.,2.094395102393,4.188790204786,6.28318530718,
8.377580409573),.UNSPECIFIED.) CURVE() GEOMETRIC_REPRESENTATION_ITEM() 
RATIONAL_B_SPLINE_CURVE((1.,0.5,1.,0.5,1.,0.5,1.)) REPRESENTATION_ITEM(
  '') );
#346 = CARTESIAN_POINT('',(-2.58,-2.999999999997E-02));
#347 = CARTESIAN_POINT('',(-2.58,4.386729559301));
#348 = CARTESIAN_POINT('',(1.245,2.17836477965));
#349 = CARTESIAN_POINT('',(5.07,-2.999999999997E-02));
#350 = CARTESIAN_POINT('',(1.245,-2.23836477965));
#351 = CARTESIAN_POINT('',(-2.58,-4.446729559301));
#352 = CARTESIAN_POINT('',(-2.58,-2.999999999997E-02));
#353 = ( GEOMETRIC_REPRESENTATION_CONTEXT(2) 
PARAMETRIC_REPRESENTATION_CONTEXT() REPRESENTATION_CONTEXT('2D SPACE',''
  ) );
#354 = ORIENTED_EDGE('',*,*,#299,.F.);
#355 = ORIENTED_EDGE('',*,*,#356,.T.);
#356 = EDGE_CURVE('',#300,#300,#357,.T.);
#357 = SURFACE_CURVE('',#358,(#363,#370),.PCURVE_S1.);
#358 = CIRCLE('',#359,2.55);
#359 = AXIS2_PLACEMENT_3D('',#360,#361,#362);
#360 = CARTESIAN_POINT('',(-12.89999999999,23.569999999247,-23.57));
#361 = DIRECTION('',(-1.,1.055180248732E-13,-2.517430708338E-14));
#362 = DIRECTION('',(2.517430708338E-14,-4.123090757702E-14,-1.));
#363 = PCURVE('',#310,#364);
#364 = DEFINITIONAL_REPRESENTATION('',(#365),#369);
#365 = LINE('',#366,#367);
#366 = CARTESIAN_POINT('',(-3.141592653588,51.201025));
#367 = VECTOR('',#368,1.);
#368 = DIRECTION('',(1.,0.));
#369 = ( GEOMETRIC_REPRESENTATION_CONTEXT(2) 
PARAMETRIC_REPRESENTATION_CONTEXT() REPRESENTATION_CONTEXT('2D SPACE',''
  ) );
#370 = PCURVE('',#371,#376);
#371 = PLANE('',#372);
#372 = AXIS2_PLACEMENT_3D('',#373,#374,#375);
#373 = CARTESIAN_POINT('',(-12.89999999999,23.599999999247,-23.6));
#374 = DIRECTION('',(1.,-1.055180248732E-13,2.517430708338E-14));
#375 = DIRECTION('',(2.517430708338E-14,-4.123090757702E-14,-1.));
#376 = DEFINITIONAL_REPRESENTATION('',(#377),#385);
#377 = ( BOUNDED_CURVE() B_SPLINE_CURVE(2,(#378,#379,#380,#381,#382,#383
,#384),.UNSPECIFIED.,.T.,.F.) B_SPLINE_CURVE_WITH_KNOTS((1,2,2,2,2,1),(
    -2.094395102393,0.,2.094395102393,4.188790204786,6.28318530718,
8.377580409573),.UNSPECIFIED.) CURVE() GEOMETRIC_REPRESENTATION_ITEM() 
RATIONAL_B_SPLINE_CURVE((1.,0.5,1.,0.5,1.,0.5,1.)) REPRESENTATION_ITEM(
  '') );
#378 = CARTESIAN_POINT('',(2.52,-2.999999999997E-02));
#379 = CARTESIAN_POINT('',(2.52,-4.446729559301));
#380 = CARTESIAN_POINT('',(-1.305,-2.23836477965));
#381 = CARTESIAN_POINT('',(-5.13,-2.999999999997E-02));
#382 = CARTESIAN_POINT('',(-1.305,2.17836477965));
#383 = CARTESIAN_POINT('',(2.52,4.386729559301));
#384 = CARTESIAN_POINT('',(2.52,-2.999999999997E-02));
#385 = ( GEOMETRIC_REPRESENTATION_CONTEXT(2) 
PARAMETRIC_REPRESENTATION_CONTEXT() REPRESENTATION_CONTEXT('2D SPACE',''
  ) );
#386 = ADVANCED_FACE('',(#387),#400,.T.);
#387 = FACE_BOUND('',#388,.T.);
#388 = EDGE_LOOP('',(#389,#418,#441,#468));
#389 = ORIENTED_EDGE('',*,*,#390,.F.);
#390 = EDGE_CURVE('',#391,#391,#393,.T.);
#391 = VERTEX_POINT('',#392);
#392 = CARTESIAN_POINT('',(-17.7,-2.526121534174E-10,19.049999999996));
#393 = SURFACE_CURVE('',#394,(#399,#411),.PCURVE_S1.);
#394 = CIRCLE('',#395,19.05);
#395 = AXIS2_PLACEMENT_3D('',#396,#397,#398);
#396 = CARTESIAN_POINT('',(-17.7,-2.526121534174E-10,-4.376943252282E-12
    ));
#397 = DIRECTION('',(1.,-1.055180248732E-13,2.517430708338E-14));
#398 = DIRECTION('',(2.517430708338E-14,-4.123090757702E-14,-1.));
#399 = PCURVE('',#400,#405);
#400 = CYLINDRICAL_SURFACE('',#401,19.05);
#401 = AXIS2_PLACEMENT_3D('',#402,#403,#404);
#402 = CARTESIAN_POINT('',(-19.3,-2.526121534174E-10,-4.376943252282E-12
    ));
#403 = DIRECTION('',(1.,-1.055180248732E-13,2.517430708338E-14));
#404 = DIRECTION('',(2.517430708338E-14,-4.123090757702E-14,-1.));
#405 = DEFINITIONAL_REPRESENTATION('',(#406),#410);
#406 = LINE('',#407,#408);
#407 = CARTESIAN_POINT('',(-1.24344978758E-14,1.6));
#408 = VECTOR('',#409,1.);
#409 = DIRECTION('',(1.,0.));
#410 = ( GEOMETRIC_REPRESENTATION_CONTEXT(2) 
PARAMETRIC_REPRESENTATION_CONTEXT() REPRESENTATION_CONTEXT('2D SPACE',''
  ) );
#411 = PCURVE('',#66,#412);
#412 = DEFINITIONAL_REPRESENTATION('',(#413),#417);
#413 = CIRCLE('',#414,19.05);
#414 = AXIS2_PLACEMENT_2D('',#415,#416);
#415 = CARTESIAN_POINT('',(-23.59999999999,-23.5999999995));
#416 = DIRECTION('',(1.,0.));
#417 = ( GEOMETRIC_REPRESENTATION_CONTEXT(2) 
PARAMETRIC_REPRESENTATION_CONTEXT() REPRESENTATION_CONTEXT('2D SPACE',''
  ) );
#418 = ORIENTED_EDGE('',*,*,#419,.T.);
#419 = EDGE_CURVE('',#391,#420,#422,.T.);
#420 = VERTEX_POINT('',#421);
#421 = CARTESIAN_POINT('',(-19.3,-2.526121534174E-10,19.049999999996));
#422 = SEAM_CURVE('',#423,(#427,#434),.PCURVE_S1.);
#423 = LINE('',#424,#425);
#424 = CARTESIAN_POINT('',(-19.3,-2.526121534174E-10,19.049999999996));
#425 = VECTOR('',#426,1.);
#426 = DIRECTION('',(-1.,1.055180248732E-13,-2.517430708338E-14));
#427 = PCURVE('',#400,#428);
#428 = DEFINITIONAL_REPRESENTATION('',(#429),#433);
#429 = LINE('',#430,#431);
#430 = CARTESIAN_POINT('',(3.141592653589,-1.42108547152E-14));
#431 = VECTOR('',#432,1.);
#432 = DIRECTION('',(0.,-1.));
#433 = ( GEOMETRIC_REPRESENTATION_CONTEXT(2) 
PARAMETRIC_REPRESENTATION_CONTEXT() REPRESENTATION_CONTEXT('2D SPACE',''
  ) );
#434 = PCURVE('',#400,#435);
#435 = DEFINITIONAL_REPRESENTATION('',(#436),#440);
#436 = LINE('',#437,#438);
#437 = CARTESIAN_POINT('',(9.42477796077,-1.42108547152E-14));
#438 = VECTOR('',#439,1.);
#439 = DIRECTION('',(0.,-1.));
#440 = ( GEOMETRIC_REPRESENTATION_CONTEXT(2) 
PARAMETRIC_REPRESENTATION_CONTEXT() REPRESENTATION_CONTEXT('2D SPACE',''
  ) );
#441 = ORIENTED_EDGE('',*,*,#442,.T.);
#442 = EDGE_CURVE('',#420,#420,#443,.T.);
#443 = SURFACE_CURVE('',#444,(#449,#456),.PCURVE_S1.);
#444 = CIRCLE('',#445,19.05);
#445 = AXIS2_PLACEMENT_3D('',#446,#447,#448);
#446 = CARTESIAN_POINT('',(-19.3,-2.526121534174E-10,-4.376943252282E-12
    ));
#447 = DIRECTION('',(1.,-1.055180248732E-13,2.517430708338E-14));
#448 = DIRECTION('',(2.517430708338E-14,-4.123090757702E-14,-1.));
#449 = PCURVE('',#400,#450);
#450 = DEFINITIONAL_REPRESENTATION('',(#451),#455);
#451 = LINE('',#452,#453);
#452 = CARTESIAN_POINT('',(-5.329070518201E-15,7.105427357601E-15));
#453 = VECTOR('',#454,1.);
#454 = DIRECTION('',(1.,0.));
#455 = ( GEOMETRIC_REPRESENTATION_CONTEXT(2) 
PARAMETRIC_REPRESENTATION_CONTEXT() REPRESENTATION_CONTEXT('2D SPACE',''
  ) );
#456 = PCURVE('',#457,#462);
#457 = PLANE('',#458);
#458 = AXIS2_PLACEMENT_3D('',#459,#460,#461);
#459 = CARTESIAN_POINT('',(-19.3,-2.526121534174E-10,-4.376943252282E-12
    ));
#460 = DIRECTION('',(1.,-1.055180248732E-13,2.517430708338E-14));
#461 = DIRECTION('',(2.517430708338E-14,-4.123090757702E-14,-1.));
#462 = DEFINITIONAL_REPRESENTATION('',(#463),#467);
#463 = CIRCLE('',#464,19.05);
#464 = AXIS2_PLACEMENT_2D('',#465,#466);
#465 = CARTESIAN_POINT('',(0.,0.));
#466 = DIRECTION('',(1.,0.));
#467 = ( GEOMETRIC_REPRESENTATION_CONTEXT(2) 
PARAMETRIC_REPRESENTATION_CONTEXT() REPRESENTATION_CONTEXT('2D SPACE',''
  ) );
#468 = ORIENTED_EDGE('',*,*,#419,.F.);
#469 = ADVANCED_FACE('',(#470),#483,.T.);
#470 = FACE_BOUND('',#471,.T.);
#471 = EDGE_LOOP('',(#472,#501,#524,#553,#581,#610,#633,#655));
#472 = ORIENTED_EDGE('',*,*,#473,.F.);
#473 = EDGE_CURVE('',#474,#474,#476,.T.);
#474 = VERTEX_POINT('',#475);
#475 = CARTESIAN_POINT('',(-19.3,-2.526121534174E-10,3.174999999996));
#476 = SURFACE_CURVE('',#477,(#482,#494),.PCURVE_S1.);
#477 = CIRCLE('',#478,3.175);
#478 = AXIS2_PLACEMENT_3D('',#479,#480,#481);
#479 = CARTESIAN_POINT('',(-19.3,-2.526121534174E-10,-4.376943252282E-12
    ));
#480 = DIRECTION('',(1.,-1.055180248732E-13,2.517430708338E-14));
#481 = DIRECTION('',(2.517430708338E-14,-4.123090757702E-14,-1.));
#482 = PCURVE('',#483,#488);
#483 = CYLINDRICAL_SURFACE('',#484,3.175);
#484 = AXIS2_PLACEMENT_3D('',#485,#486,#487);
#485 = CARTESIAN_POINT('',(-38.3,-2.526121534174E-10,-4.376943252282E-12
    ));
#486 = DIRECTION('',(1.,-1.055180248732E-13,2.517430708338E-14));
#487 = DIRECTION('',(2.517430708338E-14,-4.123090757702E-14,-1.));
#488 = DEFINITIONAL_REPRESENTATION('',(#489),#493);
#489 = LINE('',#490,#491);
#490 = CARTESIAN_POINT('',(-4.138911435803E-13,19.));
#491 = VECTOR('',#492,1.);
#492 = DIRECTION('',(1.,0.));
#493 = ( GEOMETRIC_REPRESENTATION_CONTEXT(2) 
PARAMETRIC_REPRESENTATION_CONTEXT() REPRESENTATION_CONTEXT('2D SPACE',''
  ) );
#494 = PCURVE('',#457,#495);
#495 = DEFINITIONAL_REPRESENTATION('',(#496),#500);
#496 = CIRCLE('',#497,3.175);
#497 = AXIS2_PLACEMENT_2D('',#498,#499);
#498 = CARTESIAN_POINT('',(0.,0.));
#499 = DIRECTION('',(1.,0.));
#500 = ( GEOMETRIC_REPRESENTATION_CONTEXT(2) 
PARAMETRIC_REPRESENTATION_CONTEXT() REPRESENTATION_CONTEXT('2D SPACE',''
  ) );
#501 = ORIENTED_EDGE('',*,*,#502,.T.);
#502 = EDGE_CURVE('',#474,#503,#505,.T.);
#503 = VERTEX_POINT('',#504);
#504 = CARTESIAN_POINT('',(-38.3,-2.526121534174E-10,3.174999999996));
#505 = SEAM_CURVE('',#506,(#510,#517),.PCURVE_S1.);
#506 = LINE('',#507,#508);
#507 = CARTESIAN_POINT('',(-38.3,-2.526121534174E-10,3.174999999996));
#508 = VECTOR('',#509,1.);
#509 = DIRECTION('',(-1.,1.055180248732E-13,-2.517430708338E-14));
#510 = PCURVE('',#483,#511);
#511 = DEFINITIONAL_REPRESENTATION('',(#512),#516);
#512 = LINE('',#513,#514);
#513 = CARTESIAN_POINT('',(3.14159265359,-1.7763568394E-14));
#514 = VECTOR('',#515,1.);
#515 = DIRECTION('',(0.,-1.));
#516 = ( GEOMETRIC_REPRESENTATION_CONTEXT(2) 
PARAMETRIC_REPRESENTATION_CONTEXT() REPRESENTATION_CONTEXT('2D SPACE',''
  ) );
#517 = PCURVE('',#483,#518);
#518 = DEFINITIONAL_REPRESENTATION('',(#519),#523);
#519 = LINE('',#520,#521);
#520 = CARTESIAN_POINT('',(9.424777960769,-1.7763568394E-14));
#521 = VECTOR('',#522,1.);
#522 = DIRECTION('',(0.,-1.));
#523 = ( GEOMETRIC_REPRESENTATION_CONTEXT(2) 
PARAMETRIC_REPRESENTATION_CONTEXT() REPRESENTATION_CONTEXT('2D SPACE',''
  ) );
#524 = ORIENTED_EDGE('',*,*,#525,.F.);
#525 = EDGE_CURVE('',#526,#503,#528,.T.);
#526 = VERTEX_POINT('',#527);
#527 = CARTESIAN_POINT('',(-38.3,2.674999999747,-1.710263138004));
#528 = SURFACE_CURVE('',#529,(#534,#541),.PCURVE_S1.);
#529 = CIRCLE('',#530,3.175);
#530 = AXIS2_PLACEMENT_3D('',#531,#532,#533);
#531 = CARTESIAN_POINT('',(-38.3,-2.526121534174E-10,-4.376943252282E-12
    ));
#532 = DIRECTION('',(-1.,1.055180248732E-13,-2.517430708338E-14));
#533 = DIRECTION('',(-2.517430708338E-14,4.123090757702E-14,1.));
#534 = PCURVE('',#483,#535);
#535 = DEFINITIONAL_REPRESENTATION('',(#536),#540);
#536 = LINE('',#537,#538);
#537 = CARTESIAN_POINT('',(9.424777960769,5.387271990515E-15));
#538 = VECTOR('',#539,1.);
#539 = DIRECTION('',(-1.,-8.57410967071E-16));
#540 = ( GEOMETRIC_REPRESENTATION_CONTEXT(2) 
PARAMETRIC_REPRESENTATION_CONTEXT() REPRESENTATION_CONTEXT('2D SPACE',''
  ) );
#541 = PCURVE('',#542,#547);
#542 = PLANE('',#543);
#543 = AXIS2_PLACEMENT_3D('',#544,#545,#546);
#544 = CARTESIAN_POINT('',(-38.3,-2.526121534174E-10,-4.376943252282E-12
    ));
#545 = DIRECTION('',(-1.,1.055180248732E-13,-2.517430708338E-14));
#546 = DIRECTION('',(-2.517430708338E-14,4.123090757702E-14,1.));
#547 = DEFINITIONAL_REPRESENTATION('',(#548),#552);
#548 = CIRCLE('',#549,3.175);
#549 = AXIS2_PLACEMENT_2D('',#550,#551);
#550 = CARTESIAN_POINT('',(0.,0.));
#551 = DIRECTION('',(1.,0.));
#552 = ( GEOMETRIC_REPRESENTATION_CONTEXT(2) 
PARAMETRIC_REPRESENTATION_CONTEXT() REPRESENTATION_CONTEXT('2D SPACE',''
  ) );
#553 = ORIENTED_EDGE('',*,*,#554,.F.);
#554 = EDGE_CURVE('',#555,#526,#557,.T.);
#555 = VERTEX_POINT('',#556);
#556 = CARTESIAN_POINT('',(-23.3,2.674999999747,-1.710263138004));
#557 = SURFACE_CURVE('',#558,(#562,#569),.PCURVE_S1.);
#558 = LINE('',#559,#560);
#559 = CARTESIAN_POINT('',(-23.3,2.674999999747,-1.710263138004));
#560 = VECTOR('',#561,1.);
#561 = DIRECTION('',(-1.,1.055180248732E-13,-2.517430708338E-14));
#562 = PCURVE('',#483,#563);
#563 = DEFINITIONAL_REPRESENTATION('',(#564),#568);
#564 = LINE('',#565,#566);
#565 = CARTESIAN_POINT('',(7.285129201691,15.));
#566 = VECTOR('',#567,1.);
#567 = DIRECTION('',(0.,-1.));
#568 = ( GEOMETRIC_REPRESENTATION_CONTEXT(2) 
PARAMETRIC_REPRESENTATION_CONTEXT() REPRESENTATION_CONTEXT('2D SPACE',''
  ) );
#569 = PCURVE('',#570,#575);
#570 = PLANE('',#571);
#571 = AXIS2_PLACEMENT_3D('',#572,#573,#574);
#572 = CARTESIAN_POINT('',(-23.3,2.674999999747,-1.710263138004));
#573 = DIRECTION('',(-1.055180248732E-13,-1.,4.123090757701E-14));
#574 = DIRECTION('',(1.,-1.055180248732E-13,2.517430708338E-14));
#575 = DEFINITIONAL_REPRESENTATION('',(#576),#580);
#576 = LINE('',#577,#578);
#577 = CARTESIAN_POINT('',(0.,0.));
#578 = VECTOR('',#579,1.);
#579 = DIRECTION('',(-1.,0.));
#580 = ( GEOMETRIC_REPRESENTATION_CONTEXT(2) 
PARAMETRIC_REPRESENTATION_CONTEXT() REPRESENTATION_CONTEXT('2D SPACE',''
  ) );
#581 = ORIENTED_EDGE('',*,*,#582,.T.);
#582 = EDGE_CURVE('',#555,#583,#585,.T.);
#583 = VERTEX_POINT('',#584);
#584 = CARTESIAN_POINT('',(-23.3,2.674999999747,1.710263137996));
#585 = SURFACE_CURVE('',#586,(#591,#598),.PCURVE_S1.);
#586 = CIRCLE('',#587,3.175);
#587 = AXIS2_PLACEMENT_3D('',#588,#589,#590);
#588 = CARTESIAN_POINT('',(-23.3,-2.526121534174E-10,-4.376943252282E-12
    ));
#589 = DIRECTION('',(1.,-1.055180248732E-13,2.517430708338E-14));
#590 = DIRECTION('',(2.517430708338E-14,-4.123090757702E-14,-1.));
#591 = PCURVE('',#483,#592);
#592 = DEFINITIONAL_REPRESENTATION('',(#593),#597);
#593 = LINE('',#594,#595);
#594 = CARTESIAN_POINT('',(6.28318530718,15.));
#595 = VECTOR('',#596,1.);
#596 = DIRECTION('',(1.,0.));
#597 = ( GEOMETRIC_REPRESENTATION_CONTEXT(2) 
PARAMETRIC_REPRESENTATION_CONTEXT() REPRESENTATION_CONTEXT('2D SPACE',''
  ) );
#598 = PCURVE('',#599,#604);
#599 = PLANE('',#600);
#600 = AXIS2_PLACEMENT_3D('',#601,#602,#603);
#601 = CARTESIAN_POINT('',(-23.3,-2.526121534174E-10,-4.376943252282E-12
    ));
#602 = DIRECTION('',(1.,-1.055180248732E-13,2.517430708338E-14));
#603 = DIRECTION('',(2.517430708338E-14,-4.123090757702E-14,-1.));
#604 = DEFINITIONAL_REPRESENTATION('',(#605),#609);
#605 = CIRCLE('',#606,3.175);
#606 = AXIS2_PLACEMENT_2D('',#607,#608);
#607 = CARTESIAN_POINT('',(0.,0.));
#608 = DIRECTION('',(1.,0.));
#609 = ( GEOMETRIC_REPRESENTATION_CONTEXT(2) 
PARAMETRIC_REPRESENTATION_CONTEXT() REPRESENTATION_CONTEXT('2D SPACE',''
  ) );
#610 = ORIENTED_EDGE('',*,*,#611,.T.);
#611 = EDGE_CURVE('',#583,#612,#614,.T.);
#612 = VERTEX_POINT('',#613);
#613 = CARTESIAN_POINT('',(-38.3,2.674999999747,1.710263137996));
#614 = SURFACE_CURVE('',#615,(#619,#626),.PCURVE_S1.);
#615 = LINE('',#616,#617);
#616 = CARTESIAN_POINT('',(-23.3,2.674999999747,1.710263137996));
#617 = VECTOR('',#618,1.);
#618 = DIRECTION('',(-1.,1.055180248732E-13,-2.517430708338E-14));
#619 = PCURVE('',#483,#620);
#620 = DEFINITIONAL_REPRESENTATION('',(#621),#625);
#621 = LINE('',#622,#623);
#622 = CARTESIAN_POINT('',(8.422834066259,15.));
#623 = VECTOR('',#624,1.);
#624 = DIRECTION('',(0.,-1.));
#625 = ( GEOMETRIC_REPRESENTATION_CONTEXT(2) 
PARAMETRIC_REPRESENTATION_CONTEXT() REPRESENTATION_CONTEXT('2D SPACE',''
  ) );
#626 = PCURVE('',#570,#627);
#627 = DEFINITIONAL_REPRESENTATION('',(#628),#632);
#628 = LINE('',#629,#630);
#629 = CARTESIAN_POINT('',(8.610937885878E-14,3.420526276));
#630 = VECTOR('',#631,1.);
#631 = DIRECTION('',(-1.,0.));
#632 = ( GEOMETRIC_REPRESENTATION_CONTEXT(2) 
PARAMETRIC_REPRESENTATION_CONTEXT() REPRESENTATION_CONTEXT('2D SPACE',''
  ) );
#633 = ORIENTED_EDGE('',*,*,#634,.F.);
#634 = EDGE_CURVE('',#503,#612,#635,.T.);
#635 = SURFACE_CURVE('',#636,(#641,#648),.PCURVE_S1.);
#636 = CIRCLE('',#637,3.175);
#637 = AXIS2_PLACEMENT_3D('',#638,#639,#640);
#638 = CARTESIAN_POINT('',(-38.3,-2.526121534174E-10,-4.376943252282E-12
    ));
#639 = DIRECTION('',(-1.,1.055180248732E-13,-2.517430708338E-14));
#640 = DIRECTION('',(-2.517430708338E-14,4.123090757702E-14,1.));
#641 = PCURVE('',#483,#642);
#642 = DEFINITIONAL_REPRESENTATION('',(#643),#647);
#643 = LINE('',#644,#645);
#644 = CARTESIAN_POINT('',(9.42477796077,0.));
#645 = VECTOR('',#646,1.);
#646 = DIRECTION('',(-1.,0.));
#647 = ( GEOMETRIC_REPRESENTATION_CONTEXT(2) 
PARAMETRIC_REPRESENTATION_CONTEXT() REPRESENTATION_CONTEXT('2D SPACE',''
  ) );
#648 = PCURVE('',#542,#649);
#649 = DEFINITIONAL_REPRESENTATION('',(#650),#654);
#650 = CIRCLE('',#651,3.175);
#651 = AXIS2_PLACEMENT_2D('',#652,#653);
#652 = CARTESIAN_POINT('',(0.,0.));
#653 = DIRECTION('',(1.,0.));
#654 = ( GEOMETRIC_REPRESENTATION_CONTEXT(2) 
PARAMETRIC_REPRESENTATION_CONTEXT() REPRESENTATION_CONTEXT('2D SPACE',''
  ) );
#655 = ORIENTED_EDGE('',*,*,#502,.F.);
#656 = ADVANCED_FACE('',(#657,#891),#371,.T.);
#657 = FACE_BOUND('',#658,.T.);
#658 = EDGE_LOOP('',(#659,#690,#718,#751,#779,#808,#836,#865));
#659 = ORIENTED_EDGE('',*,*,#660,.F.);
#660 = EDGE_CURVE('',#661,#663,#665,.T.);
#661 = VERTEX_POINT('',#662);
#662 = CARTESIAN_POINT('',(-12.89999999999,25.700000000247,-18.57));
#663 = VERTEX_POINT('',#664);
#664 = CARTESIAN_POINT('',(-12.89999999999,28.200000000247,-16.07));
#665 = SURFACE_CURVE('',#666,(#671,#678),.PCURVE_S1.);
#666 = CIRCLE('',#667,2.5);
#667 = AXIS2_PLACEMENT_3D('',#668,#669,#670);
#668 = CARTESIAN_POINT('',(-12.89999999999,25.700000000247,-16.07));
#669 = DIRECTION('',(1.,-1.055180248732E-13,2.517430708338E-14));
#670 = DIRECTION('',(2.517430708338E-14,-4.123090757702E-14,-1.));
#671 = PCURVE('',#371,#672);
#672 = DEFINITIONAL_REPRESENTATION('',(#673),#677);
#673 = CIRCLE('',#674,2.5);
#674 = AXIS2_PLACEMENT_2D('',#675,#676);
#675 = CARTESIAN_POINT('',(-7.53,2.100000001));
#676 = DIRECTION('',(1.,0.));
#677 = ( GEOMETRIC_REPRESENTATION_CONTEXT(2) 
PARAMETRIC_REPRESENTATION_CONTEXT() REPRESENTATION_CONTEXT('2D SPACE',''
  ) );
#678 = PCURVE('',#679,#684);
#679 = CYLINDRICAL_SURFACE('',#680,2.5);
#680 = AXIS2_PLACEMENT_3D('',#681,#682,#683);
#681 = CARTESIAN_POINT('',(38.300000000005,25.700000000247,-16.07));
#682 = DIRECTION('',(-1.,1.055180248732E-13,-2.517430708338E-14));
#683 = DIRECTION('',(-2.517430708338E-14,4.123090757702E-14,1.));
#684 = DEFINITIONAL_REPRESENTATION('',(#685),#689);
#685 = LINE('',#686,#687);
#686 = CARTESIAN_POINT('',(3.141592653592,51.200000000001));
#687 = VECTOR('',#688,1.);
#688 = DIRECTION('',(-1.,4.523455546963E-15));
#689 = ( GEOMETRIC_REPRESENTATION_CONTEXT(2) 
PARAMETRIC_REPRESENTATION_CONTEXT() REPRESENTATION_CONTEXT('2D SPACE',''
  ) );
#690 = ORIENTED_EDGE('',*,*,#691,.F.);
#691 = EDGE_CURVE('',#692,#661,#694,.T.);
#692 = VERTEX_POINT('',#693);
#693 = CARTESIAN_POINT('',(-12.89999999999,23.569999999247,-18.57));
#694 = SURFACE_CURVE('',#695,(#699,#706),.PCURVE_S1.);
#695 = LINE('',#696,#697);
#696 = CARTESIAN_POINT('',(-12.89999999999,23.569999999247,-18.57));
#697 = VECTOR('',#698,1.);
#698 = DIRECTION('',(1.055180248732E-13,1.,-4.123090757701E-14));
#699 = PCURVE('',#371,#700);
#700 = DEFINITIONAL_REPRESENTATION('',(#701),#705);
#701 = LINE('',#702,#703);
#702 = CARTESIAN_POINT('',(-5.03,-3.000000000018E-02));
#703 = VECTOR('',#704,1.);
#704 = DIRECTION('',(-7.345872749418E-27,1.));
#705 = ( GEOMETRIC_REPRESENTATION_CONTEXT(2) 
PARAMETRIC_REPRESENTATION_CONTEXT() REPRESENTATION_CONTEXT('2D SPACE',''
  ) );
#706 = PCURVE('',#707,#712);
#707 = PLANE('',#708);
#708 = AXIS2_PLACEMENT_3D('',#709,#710,#711);
#709 = CARTESIAN_POINT('',(38.300000000004,23.569999999247,-18.57));
#710 = DIRECTION('',(-2.517430708338E-14,4.123090757702E-14,1.));
#711 = DIRECTION('',(1.,-1.055180248732E-13,2.517430708338E-14));
#712 = DEFINITIONAL_REPRESENTATION('',(#713),#717);
#713 = LINE('',#714,#715);
#714 = CARTESIAN_POINT('',(-51.2,-5.402522873508E-12));
#715 = VECTOR('',#716,1.);
#716 = DIRECTION('',(-1.03795952867E-27,1.));
#717 = ( GEOMETRIC_REPRESENTATION_CONTEXT(2) 
PARAMETRIC_REPRESENTATION_CONTEXT() REPRESENTATION_CONTEXT('2D SPACE',''
  ) );
#718 = ORIENTED_EDGE('',*,*,#719,.F.);
#719 = EDGE_CURVE('',#720,#692,#722,.T.);
#720 = VERTEX_POINT('',#721);
#721 = CARTESIAN_POINT('',(-12.89999999999,18.569999999247,-23.57));
#722 = SURFACE_CURVE('',#723,(#728,#739),.PCURVE_S1.);
#723 = CIRCLE('',#724,5.);
#724 = AXIS2_PLACEMENT_3D('',#725,#726,#727);
#725 = CARTESIAN_POINT('',(-12.89999999999,23.569999999247,-23.57));
#726 = DIRECTION('',(-1.,1.055180248732E-13,-2.517430708338E-14));
#727 = DIRECTION('',(-2.517430708338E-14,4.123090757702E-14,1.));
#728 = PCURVE('',#371,#729);
#729 = DEFINITIONAL_REPRESENTATION('',(#730),#738);
#730 = ( BOUNDED_CURVE() B_SPLINE_CURVE(2,(#731,#732,#733,#734,#735,#736
,#737),.UNSPECIFIED.,.T.,.F.) B_SPLINE_CURVE_WITH_KNOTS((1,2,2,2,2,1),(
    -2.094395102393,0.,2.094395102393,4.188790204786,6.28318530718,
8.377580409573),.UNSPECIFIED.) CURVE() GEOMETRIC_REPRESENTATION_ITEM() 
RATIONAL_B_SPLINE_CURVE((1.,0.5,1.,0.5,1.,0.5,1.)) REPRESENTATION_ITEM(
  '') );
#731 = CARTESIAN_POINT('',(-5.03,-2.999999999997E-02));
#732 = CARTESIAN_POINT('',(-5.03,8.630254037844));
#733 = CARTESIAN_POINT('',(2.47,4.300127018922));
#734 = CARTESIAN_POINT('',(9.97,-2.999999999997E-02));
#735 = CARTESIAN_POINT('',(2.47,-4.360127018922));
#736 = CARTESIAN_POINT('',(-5.03,-8.690254037844));
#737 = CARTESIAN_POINT('',(-5.03,-2.999999999997E-02));
#738 = ( GEOMETRIC_REPRESENTATION_CONTEXT(2) 
PARAMETRIC_REPRESENTATION_CONTEXT() REPRESENTATION_CONTEXT('2D SPACE',''
  ) );
#739 = PCURVE('',#740,#745);
#740 = CYLINDRICAL_SURFACE('',#741,5.);
#741 = AXIS2_PLACEMENT_3D('',#742,#743,#744);
#742 = CARTESIAN_POINT('',(38.300000000004,23.569999999247,-23.57));
#743 = DIRECTION('',(-1.,1.055180248732E-13,-2.517430708338E-14));
#744 = DIRECTION('',(-2.517430708338E-14,4.123090757702E-14,1.));
#745 = DEFINITIONAL_REPRESENTATION('',(#746),#750);
#746 = LINE('',#747,#748);
#747 = CARTESIAN_POINT('',(2.566835632933E-13,51.2));
#748 = VECTOR('',#749,1.);
#749 = DIRECTION('',(1.,0.));
#750 = ( GEOMETRIC_REPRESENTATION_CONTEXT(2) 
PARAMETRIC_REPRESENTATION_CONTEXT() REPRESENTATION_CONTEXT('2D SPACE',''
  ) );
#751 = ORIENTED_EDGE('',*,*,#752,.F.);
#752 = EDGE_CURVE('',#753,#720,#755,.T.);
#753 = VERTEX_POINT('',#754);
#754 = CARTESIAN_POINT('',(-12.89999999999,18.569999999247,-25.7));
#755 = SURFACE_CURVE('',#756,(#760,#767),.PCURVE_S1.);
#756 = LINE('',#757,#758);
#757 = CARTESIAN_POINT('',(-12.89999999999,18.569999999247,-23.57));
#758 = VECTOR('',#759,1.);
#759 = DIRECTION('',(-2.517430708338E-14,3.960205924277E-14,1.));
#760 = PCURVE('',#371,#761);
#761 = DEFINITIONAL_REPRESENTATION('',(#762),#766);
#762 = LINE('',#763,#764);
#763 = CARTESIAN_POINT('',(-2.999999999982E-02,-5.03));
#764 = VECTOR('',#765,1.);
#765 = DIRECTION('',(-1.,-1.62884833425E-15));
#766 = ( GEOMETRIC_REPRESENTATION_CONTEXT(2) 
PARAMETRIC_REPRESENTATION_CONTEXT() REPRESENTATION_CONTEXT('2D SPACE',''
  ) );
#767 = PCURVE('',#768,#773);
#768 = PLANE('',#769);
#769 = AXIS2_PLACEMENT_3D('',#770,#771,#772);
#770 = CARTESIAN_POINT('',(38.300000000004,18.569999999247,-23.57));
#771 = DIRECTION('',(-1.055180248732E-13,-1.,3.960205924276E-14));
#772 = DIRECTION('',(-2.517430708338E-14,3.960205924276E-14,1.));
#773 = DEFINITIONAL_REPRESENTATION('',(#774),#778);
#774 = LINE('',#775,#776);
#775 = CARTESIAN_POINT('',(1.288924522669E-12,51.2));
#776 = VECTOR('',#777,1.);
#777 = DIRECTION('',(1.,0.));
#778 = ( GEOMETRIC_REPRESENTATION_CONTEXT(2) 
PARAMETRIC_REPRESENTATION_CONTEXT() REPRESENTATION_CONTEXT('2D SPACE',''
  ) );
#779 = ORIENTED_EDGE('',*,*,#780,.F.);
#780 = EDGE_CURVE('',#781,#753,#783,.T.);
#781 = VERTEX_POINT('',#782);
#782 = CARTESIAN_POINT('',(-12.89999999999,16.069999999247,-28.2));
#783 = SURFACE_CURVE('',#784,(#789,#796),.PCURVE_S1.);
#784 = CIRCLE('',#785,2.5);
#785 = AXIS2_PLACEMENT_3D('',#786,#787,#788);
#786 = CARTESIAN_POINT('',(-12.89999999999,16.069999999247,-25.7));
#787 = DIRECTION('',(1.,-1.055180248732E-13,2.517430708338E-14));
#788 = DIRECTION('',(-2.517430708338E-14,4.123090757702E-14,1.));
#789 = PCURVE('',#371,#790);
#790 = DEFINITIONAL_REPRESENTATION('',(#791),#795);
#791 = CIRCLE('',#792,2.5);
#792 = AXIS2_PLACEMENT_2D('',#793,#794);
#793 = CARTESIAN_POINT('',(2.1,-7.53));
#794 = DIRECTION('',(-1.,0.));
#795 = ( GEOMETRIC_REPRESENTATION_CONTEXT(2) 
PARAMETRIC_REPRESENTATION_CONTEXT() REPRESENTATION_CONTEXT('2D SPACE',''
  ) );
#796 = PCURVE('',#797,#802);
#797 = CYLINDRICAL_SURFACE('',#798,2.5);
#798 = AXIS2_PLACEMENT_3D('',#799,#800,#801);
#799 = CARTESIAN_POINT('',(38.300000000004,16.069999999247,-25.7));
#800 = DIRECTION('',(-1.,1.055180248732E-13,-2.517430708338E-14));
#801 = DIRECTION('',(-2.517430708338E-14,4.123090757702E-14,1.));
#802 = DEFINITIONAL_REPRESENTATION('',(#803),#807);
#803 = LINE('',#804,#805);
#804 = CARTESIAN_POINT('',(6.283185307182,51.2));
#805 = VECTOR('',#806,1.);
#806 = DIRECTION('',(-1.,0.));
#807 = ( GEOMETRIC_REPRESENTATION_CONTEXT(2) 
PARAMETRIC_REPRESENTATION_CONTEXT() REPRESENTATION_CONTEXT('2D SPACE',''
  ) );
#808 = ORIENTED_EDGE('',*,*,#809,.T.);
#809 = EDGE_CURVE('',#781,#810,#812,.T.);
#810 = VERTEX_POINT('',#811);
#811 = CARTESIAN_POINT('',(-12.89999999999,23.599999999247,-28.2));
#812 = SURFACE_CURVE('',#813,(#817,#824),.PCURVE_S1.);
#813 = LINE('',#814,#815);
#814 = CARTESIAN_POINT('',(-12.89999999999,-23.60000000025,
    -28.19999999999));
#815 = VECTOR('',#816,1.);
#816 = DIRECTION('',(1.055180248732E-13,1.,-4.123090757701E-14));
#817 = PCURVE('',#371,#818);
#818 = DEFINITIONAL_REPRESENTATION('',(#819),#823);
#819 = LINE('',#820,#821);
#820 = CARTESIAN_POINT('',(4.599999999992,-47.1999999995));
#821 = VECTOR('',#822,1.);
#822 = DIRECTION('',(-7.345872749418E-27,1.));
#823 = ( GEOMETRIC_REPRESENTATION_CONTEXT(2) 
PARAMETRIC_REPRESENTATION_CONTEXT() REPRESENTATION_CONTEXT('2D SPACE',''
  ) );
#824 = PCURVE('',#825,#830);
#825 = PLANE('',#826);
#826 = AXIS2_PLACEMENT_3D('',#827,#828,#829);
#827 = CARTESIAN_POINT('',(-12.89999999999,-23.60000000025,
    -28.19999999999));
#828 = DIRECTION('',(-2.517430708338E-14,4.123090757702E-14,1.));
#829 = DIRECTION('',(1.,-1.055180248732E-13,2.517430708338E-14));
#830 = DEFINITIONAL_REPRESENTATION('',(#831),#835);
#831 = LINE('',#832,#833);
#832 = CARTESIAN_POINT('',(0.,0.));
#833 = VECTOR('',#834,1.);
#834 = DIRECTION('',(-1.03795952867E-27,1.));
#835 = ( GEOMETRIC_REPRESENTATION_CONTEXT(2) 
PARAMETRIC_REPRESENTATION_CONTEXT() REPRESENTATION_CONTEXT('2D SPACE',''
  ) );
#836 = ORIENTED_EDGE('',*,*,#837,.T.);
#837 = EDGE_CURVE('',#810,#838,#840,.T.);
#838 = VERTEX_POINT('',#839);
#839 = CARTESIAN_POINT('',(-12.89999999999,28.200000000247,-23.6));
#840 = SURFACE_CURVE('',#841,(#846,#853),.PCURVE_S1.);
#841 = CIRCLE('',#842,4.6);
#842 = AXIS2_PLACEMENT_3D('',#843,#844,#845);
#843 = CARTESIAN_POINT('',(-12.89999999999,23.599999999247,-23.6));
#844 = DIRECTION('',(1.,-1.055180248732E-13,2.517430708338E-14));
#845 = DIRECTION('',(2.517430708338E-14,-4.123090757702E-14,-1.));
#846 = PCURVE('',#371,#847);
#847 = DEFINITIONAL_REPRESENTATION('',(#848),#852);
#848 = CIRCLE('',#849,4.6);
#849 = AXIS2_PLACEMENT_2D('',#850,#851);
#850 = CARTESIAN_POINT('',(0.,0.));
#851 = DIRECTION('',(1.,0.));
#852 = ( GEOMETRIC_REPRESENTATION_CONTEXT(2) 
PARAMETRIC_REPRESENTATION_CONTEXT() REPRESENTATION_CONTEXT('2D SPACE',''
  ) );
#853 = PCURVE('',#854,#859);
#854 = CYLINDRICAL_SURFACE('',#855,4.6);
#855 = AXIS2_PLACEMENT_3D('',#856,#857,#858);
#856 = CARTESIAN_POINT('',(-12.89999999999,23.599999999247,-23.6));
#857 = DIRECTION('',(-1.,1.055180248732E-13,-2.517430708338E-14));
#858 = DIRECTION('',(-2.517430708338E-14,4.123090757702E-14,1.));
#859 = DEFINITIONAL_REPRESENTATION('',(#860),#864);
#860 = LINE('',#861,#862);
#861 = CARTESIAN_POINT('',(3.14159265359,7.105427357601E-15));
#862 = VECTOR('',#863,1.);
#863 = DIRECTION('',(-1.,0.));
#864 = ( GEOMETRIC_REPRESENTATION_CONTEXT(2) 
PARAMETRIC_REPRESENTATION_CONTEXT() REPRESENTATION_CONTEXT('2D SPACE',''
  ) );
#865 = ORIENTED_EDGE('',*,*,#866,.T.);
#866 = EDGE_CURVE('',#838,#663,#867,.T.);
#867 = SURFACE_CURVE('',#868,(#872,#879),.PCURVE_S1.);
#868 = LINE('',#869,#870);
#869 = CARTESIAN_POINT('',(-12.89999999999,28.200000000247,-23.6));
#870 = VECTOR('',#871,1.);
#871 = DIRECTION('',(-2.517430708338E-14,4.108389711295E-14,1.));
#872 = PCURVE('',#371,#873);
#873 = DEFINITIONAL_REPRESENTATION('',(#874),#878);
#874 = LINE('',#875,#876);
#875 = CARTESIAN_POINT('',(-1.896621748955E-13,4.600000001));
#876 = VECTOR('',#877,1.);
#877 = DIRECTION('',(-1.,-1.4701046407E-16));
#878 = ( GEOMETRIC_REPRESENTATION_CONTEXT(2) 
PARAMETRIC_REPRESENTATION_CONTEXT() REPRESENTATION_CONTEXT('2D SPACE',''
  ) );
#879 = PCURVE('',#880,#885);
#880 = PLANE('',#881);
#881 = AXIS2_PLACEMENT_3D('',#882,#883,#884);
#882 = CARTESIAN_POINT('',(-12.89999999999,28.200000000247,-23.6));
#883 = DIRECTION('',(-1.055180248732E-13,-1.,4.108389711295E-14));
#884 = DIRECTION('',(-2.517430708338E-14,4.108389711295E-14,1.));
#885 = DEFINITIONAL_REPRESENTATION('',(#886),#890);
#886 = LINE('',#887,#888);
#887 = CARTESIAN_POINT('',(0.,0.));
#888 = VECTOR('',#889,1.);
#889 = DIRECTION('',(1.,0.));
#890 = ( GEOMETRIC_REPRESENTATION_CONTEXT(2) 
PARAMETRIC_REPRESENTATION_CONTEXT() REPRESENTATION_CONTEXT('2D SPACE',''
  ) );
#891 = FACE_BOUND('',#892,.T.);
#892 = EDGE_LOOP('',(#893));
#893 = ORIENTED_EDGE('',*,*,#356,.T.);
#894 = ADVANCED_FACE('',(#895,#1124),#98,.T.);
#895 = FACE_BOUND('',#896,.T.);
#896 = EDGE_LOOP('',(#897,#928,#956,#989,#1017,#1046,#1074,#1103));
#897 = ORIENTED_EDGE('',*,*,#898,.F.);
#898 = EDGE_CURVE('',#899,#901,#903,.T.);
#899 = VERTEX_POINT('',#900);
#900 = CARTESIAN_POINT('',(-12.89999999999,-18.57000000025,
    -25.69999999999));
#901 = VERTEX_POINT('',#902);
#902 = CARTESIAN_POINT('',(-12.89999999999,-16.07000000025,
    -28.19999999999));
#903 = SURFACE_CURVE('',#904,(#909,#916),.PCURVE_S1.);
#904 = CIRCLE('',#905,2.5);
#905 = AXIS2_PLACEMENT_3D('',#906,#907,#908);
#906 = CARTESIAN_POINT('',(-12.89999999999,-16.07000000025,
    -25.69999999999));
#907 = DIRECTION('',(1.,-1.055180248732E-13,2.517430708338E-14));
#908 = DIRECTION('',(2.517430708338E-14,-4.123090757702E-14,-1.));
#909 = PCURVE('',#98,#910);
#910 = DEFINITIONAL_REPRESENTATION('',(#911),#915);
#911 = CIRCLE('',#912,2.5);
#912 = AXIS2_PLACEMENT_2D('',#913,#914);
#913 = CARTESIAN_POINT('',(2.099999999992,-39.6699999995));
#914 = DIRECTION('',(1.,0.));
#915 = ( GEOMETRIC_REPRESENTATION_CONTEXT(2) 
PARAMETRIC_REPRESENTATION_CONTEXT() REPRESENTATION_CONTEXT('2D SPACE',''
  ) );
#916 = PCURVE('',#917,#922);
#917 = CYLINDRICAL_SURFACE('',#918,2.5);
#918 = AXIS2_PLACEMENT_3D('',#919,#920,#921);
#919 = CARTESIAN_POINT('',(38.300000000004,-16.07000000025,
    -25.69999999999));
#920 = DIRECTION('',(-1.,1.055180248732E-13,-2.517430708338E-14));
#921 = DIRECTION('',(-2.517430708338E-14,4.123090757702E-14,1.));
#922 = DEFINITIONAL_REPRESENTATION('',(#923),#927);
#923 = LINE('',#924,#925);
#924 = CARTESIAN_POINT('',(9.42477796077,51.2));
#925 = VECTOR('',#926,1.);
#926 = DIRECTION('',(-1.,0.));
#927 = ( GEOMETRIC_REPRESENTATION_CONTEXT(2) 
PARAMETRIC_REPRESENTATION_CONTEXT() REPRESENTATION_CONTEXT('2D SPACE',''
  ) );
#928 = ORIENTED_EDGE('',*,*,#929,.F.);
#929 = EDGE_CURVE('',#930,#899,#932,.T.);
#930 = VERTEX_POINT('',#931);
#931 = CARTESIAN_POINT('',(-12.89999999999,-18.57000000025,-23.57));
#932 = SURFACE_CURVE('',#933,(#937,#944),.PCURVE_S1.);
#933 = LINE('',#934,#935);
#934 = CARTESIAN_POINT('',(-12.89999999999,-18.57000000025,-23.57));
#935 = VECTOR('',#936,1.);
#936 = DIRECTION('',(2.517430708338E-14,-4.285975591127E-14,-1.));
#937 = PCURVE('',#98,#938);
#938 = DEFINITIONAL_REPRESENTATION('',(#939),#943);
#939 = LINE('',#940,#941);
#940 = CARTESIAN_POINT('',(-2.999999999829E-02,-42.1699999995));
#941 = VECTOR('',#942,1.);
#942 = DIRECTION('',(1.,-1.62884833425E-15));
#943 = ( GEOMETRIC_REPRESENTATION_CONTEXT(2) 
PARAMETRIC_REPRESENTATION_CONTEXT() REPRESENTATION_CONTEXT('2D SPACE',''
  ) );
#944 = PCURVE('',#945,#950);
#945 = PLANE('',#946);
#946 = AXIS2_PLACEMENT_3D('',#947,#948,#949);
#947 = CARTESIAN_POINT('',(38.300000000004,-18.57000000025,-23.57));
#948 = DIRECTION('',(1.055180248732E-13,1.,-4.285975591127E-14));
#949 = DIRECTION('',(2.517430708338E-14,-4.285975591127E-14,-1.));
#950 = DEFINITIONAL_REPRESENTATION('',(#951),#955);
#951 = LINE('',#952,#953);
#952 = CARTESIAN_POINT('',(-1.288924522669E-12,51.2));
#953 = VECTOR('',#954,1.);
#954 = DIRECTION('',(1.,0.));
#955 = ( GEOMETRIC_REPRESENTATION_CONTEXT(2) 
PARAMETRIC_REPRESENTATION_CONTEXT() REPRESENTATION_CONTEXT('2D SPACE',''
  ) );
#956 = ORIENTED_EDGE('',*,*,#957,.F.);
#957 = EDGE_CURVE('',#958,#930,#960,.T.);
#958 = VERTEX_POINT('',#959);
#959 = CARTESIAN_POINT('',(-12.89999999999,-23.57000000025,-18.57));
#960 = SURFACE_CURVE('',#961,(#966,#977),.PCURVE_S1.);
#961 = CIRCLE('',#962,5.);
#962 = AXIS2_PLACEMENT_3D('',#963,#964,#965);
#963 = CARTESIAN_POINT('',(-12.89999999999,-23.57000000025,-23.57));
#964 = DIRECTION('',(-1.,1.055180248732E-13,-2.517430708338E-14));
#965 = DIRECTION('',(2.517430708338E-14,-4.123090757702E-14,-1.));
#966 = PCURVE('',#98,#967);
#967 = DEFINITIONAL_REPRESENTATION('',(#968),#976);
#968 = ( BOUNDED_CURVE() B_SPLINE_CURVE(2,(#969,#970,#971,#972,#973,#974
,#975),.UNSPECIFIED.,.T.,.F.) B_SPLINE_CURVE_WITH_KNOTS((1,2,2,2,2,1),(
    -2.094395102393,0.,2.094395102393,4.188790204786,6.28318530718,
8.377580409573),.UNSPECIFIED.) CURVE() GEOMETRIC_REPRESENTATION_ITEM() 
RATIONAL_B_SPLINE_CURVE((1.,0.5,1.,0.5,1.,0.5,1.)) REPRESENTATION_ITEM(
  '') );
#969 = CARTESIAN_POINT('',(4.970000000002,-47.1699999995));
#970 = CARTESIAN_POINT('',(4.970000000002,-55.83025403734));
#971 = CARTESIAN_POINT('',(-2.529999999998,-51.50012701842));
#972 = CARTESIAN_POINT('',(-10.02999999999,-47.1699999995));
#973 = CARTESIAN_POINT('',(-2.529999999998,-42.83987298057));
#974 = CARTESIAN_POINT('',(4.970000000002,-38.50974596165));
#975 = CARTESIAN_POINT('',(4.970000000002,-47.1699999995));
#976 = ( GEOMETRIC_REPRESENTATION_CONTEXT(2) 
PARAMETRIC_REPRESENTATION_CONTEXT() REPRESENTATION_CONTEXT('2D SPACE',''
  ) );
#977 = PCURVE('',#978,#983);
#978 = CYLINDRICAL_SURFACE('',#979,5.);
#979 = AXIS2_PLACEMENT_3D('',#980,#981,#982);
#980 = CARTESIAN_POINT('',(38.300000000004,-23.57000000025,-23.57));
#981 = DIRECTION('',(-1.,1.055180248732E-13,-2.517430708338E-14));
#982 = DIRECTION('',(-2.517430708338E-14,4.123090757702E-14,1.));
#983 = DEFINITIONAL_REPRESENTATION('',(#984),#988);
#984 = LINE('',#985,#986);
#985 = CARTESIAN_POINT('',(-3.14159265359,51.2));
#986 = VECTOR('',#987,1.);
#987 = DIRECTION('',(1.,0.));
#988 = ( GEOMETRIC_REPRESENTATION_CONTEXT(2) 
PARAMETRIC_REPRESENTATION_CONTEXT() REPRESENTATION_CONTEXT('2D SPACE',''
  ) );
#989 = ORIENTED_EDGE('',*,*,#990,.F.);
#990 = EDGE_CURVE('',#991,#958,#993,.T.);
#991 = VERTEX_POINT('',#992);
#992 = CARTESIAN_POINT('',(-12.89999999999,-25.70000000025,-18.57));
#993 = SURFACE_CURVE('',#994,(#998,#1005),.PCURVE_S1.);
#994 = LINE('',#995,#996);
#995 = CARTESIAN_POINT('',(-12.89999999999,-23.57000000025,-18.57));
#996 = VECTOR('',#997,1.);
#997 = DIRECTION('',(1.055180248732E-13,1.,-4.123090757701E-14));
#998 = PCURVE('',#98,#999);
#999 = DEFINITIONAL_REPRESENTATION('',(#1000),#1004);
#1000 = LINE('',#1001,#1002);
#1001 = CARTESIAN_POINT('',(-5.029999999998,-47.1699999995));
#1002 = VECTOR('',#1003,1.);
#1003 = DIRECTION('',(-7.345872749418E-27,1.));
#1004 = ( GEOMETRIC_REPRESENTATION_CONTEXT(2) 
PARAMETRIC_REPRESENTATION_CONTEXT() REPRESENTATION_CONTEXT('2D SPACE',''
  ) );
#1005 = PCURVE('',#1006,#1011);
#1006 = PLANE('',#1007);
#1007 = AXIS2_PLACEMENT_3D('',#1008,#1009,#1010);
#1008 = CARTESIAN_POINT('',(38.300000000004,-23.57000000025,-18.57));
#1009 = DIRECTION('',(-2.517430708338E-14,4.123090757702E-14,1.));
#1010 = DIRECTION('',(1.,-1.055180248732E-13,2.517430708338E-14));
#1011 = DEFINITIONAL_REPRESENTATION('',(#1012),#1016);
#1012 = LINE('',#1013,#1014);
#1013 = CARTESIAN_POINT('',(-51.2,-5.402522873508E-12));
#1014 = VECTOR('',#1015,1.);
#1015 = DIRECTION('',(-1.03795952867E-27,1.));
#1016 = ( GEOMETRIC_REPRESENTATION_CONTEXT(2) 
PARAMETRIC_REPRESENTATION_CONTEXT() REPRESENTATION_CONTEXT('2D SPACE',''
  ) );
#1017 = ORIENTED_EDGE('',*,*,#1018,.F.);
#1018 = EDGE_CURVE('',#1019,#991,#1021,.T.);
#1019 = VERTEX_POINT('',#1020);
#1020 = CARTESIAN_POINT('',(-12.89999999999,-28.20000000025,-16.07));
#1021 = SURFACE_CURVE('',#1022,(#1027,#1034),.PCURVE_S1.);
#1022 = CIRCLE('',#1023,2.5);
#1023 = AXIS2_PLACEMENT_3D('',#1024,#1025,#1026);
#1024 = CARTESIAN_POINT('',(-12.89999999999,-25.70000000025,-16.07));
#1025 = DIRECTION('',(1.,-1.055180248732E-13,2.517430708338E-14));
#1026 = DIRECTION('',(-2.517430708338E-14,4.123090757702E-14,1.));
#1027 = PCURVE('',#98,#1028);
#1028 = DEFINITIONAL_REPRESENTATION('',(#1029),#1033);
#1029 = CIRCLE('',#1030,2.5);
#1030 = AXIS2_PLACEMENT_2D('',#1031,#1032);
#1031 = CARTESIAN_POINT('',(-7.529999999998,-49.2999999995));
#1032 = DIRECTION('',(-1.,0.));
#1033 = ( GEOMETRIC_REPRESENTATION_CONTEXT(2) 
PARAMETRIC_REPRESENTATION_CONTEXT() REPRESENTATION_CONTEXT('2D SPACE',''
  ) );
#1034 = PCURVE('',#1035,#1040);
#1035 = CYLINDRICAL_SURFACE('',#1036,2.5);
#1036 = AXIS2_PLACEMENT_3D('',#1037,#1038,#1039);
#1037 = CARTESIAN_POINT('',(38.300000000004,-25.70000000025,-16.07));
#1038 = DIRECTION('',(-1.,1.055180248732E-13,-2.517430708338E-14));
#1039 = DIRECTION('',(-2.517430708338E-14,4.123090757702E-14,1.));
#1040 = DEFINITIONAL_REPRESENTATION('',(#1041),#1045);
#1041 = LINE('',#1042,#1043);
#1042 = CARTESIAN_POINT('',(6.28318530718,51.2));
#1043 = VECTOR('',#1044,1.);
#1044 = DIRECTION('',(-1.,-4.523455546975E-15));
#1045 = ( GEOMETRIC_REPRESENTATION_CONTEXT(2) 
PARAMETRIC_REPRESENTATION_CONTEXT() REPRESENTATION_CONTEXT('2D SPACE',''
  ) );
#1046 = ORIENTED_EDGE('',*,*,#1047,.T.);
#1047 = EDGE_CURVE('',#1019,#1048,#1050,.T.);
#1048 = VERTEX_POINT('',#1049);
#1049 = CARTESIAN_POINT('',(-12.89999999999,-28.20000000025,-23.6));
#1050 = SURFACE_CURVE('',#1051,(#1055,#1062),.PCURVE_S1.);
#1051 = LINE('',#1052,#1053);
#1052 = CARTESIAN_POINT('',(-12.89999999999,-28.20000000025,-23.6));
#1053 = VECTOR('',#1054,1.);
#1054 = DIRECTION('',(2.517430708338E-14,-4.108389711295E-14,-1.));
#1055 = PCURVE('',#98,#1056);
#1056 = DEFINITIONAL_REPRESENTATION('',(#1057),#1061);
#1057 = LINE('',#1058,#1059);
#1058 = CARTESIAN_POINT('',(2.135761012469E-12,-51.7999999995));
#1059 = VECTOR('',#1060,1.);
#1060 = DIRECTION('',(1.,1.4701046407E-16));
#1061 = ( GEOMETRIC_REPRESENTATION_CONTEXT(2) 
PARAMETRIC_REPRESENTATION_CONTEXT() REPRESENTATION_CONTEXT('2D SPACE',''
  ) );
#1062 = PCURVE('',#1063,#1068);
#1063 = PLANE('',#1064);
#1064 = AXIS2_PLACEMENT_3D('',#1065,#1066,#1067);
#1065 = CARTESIAN_POINT('',(-12.89999999999,-28.20000000025,-23.6));
#1066 = DIRECTION('',(1.055180248732E-13,1.,-4.108389711295E-14));
#1067 = DIRECTION('',(2.517430708338E-14,-4.108389711295E-14,-1.));
#1068 = DEFINITIONAL_REPRESENTATION('',(#1069),#1073);
#1069 = LINE('',#1070,#1071);
#1070 = CARTESIAN_POINT('',(0.,0.));
#1071 = VECTOR('',#1072,1.);
#1072 = DIRECTION('',(1.,0.));
#1073 = ( GEOMETRIC_REPRESENTATION_CONTEXT(2) 
PARAMETRIC_REPRESENTATION_CONTEXT() REPRESENTATION_CONTEXT('2D SPACE',''
  ) );
#1074 = ORIENTED_EDGE('',*,*,#1075,.T.);
#1075 = EDGE_CURVE('',#1048,#1076,#1078,.T.);
#1076 = VERTEX_POINT('',#1077);
#1077 = CARTESIAN_POINT('',(-12.89999999999,-23.60000000025,
    -28.19999999999));
#1078 = SURFACE_CURVE('',#1079,(#1084,#1091),.PCURVE_S1.);
#1079 = CIRCLE('',#1080,4.6);
#1080 = AXIS2_PLACEMENT_3D('',#1081,#1082,#1083);
#1081 = CARTESIAN_POINT('',(-12.89999999999,-23.60000000025,-23.6));
#1082 = DIRECTION('',(1.,-1.055180248732E-13,2.517430708338E-14));
#1083 = DIRECTION('',(2.517430708338E-14,-4.123090757702E-14,-1.));
#1084 = PCURVE('',#98,#1085);
#1085 = DEFINITIONAL_REPRESENTATION('',(#1086),#1090);
#1086 = CIRCLE('',#1087,4.6);
#1087 = AXIS2_PLACEMENT_2D('',#1088,#1089);
#1088 = CARTESIAN_POINT('',(1.946098837615E-12,-47.1999999995));
#1089 = DIRECTION('',(1.,0.));
#1090 = ( GEOMETRIC_REPRESENTATION_CONTEXT(2) 
PARAMETRIC_REPRESENTATION_CONTEXT() REPRESENTATION_CONTEXT('2D SPACE',''
  ) );
#1091 = PCURVE('',#1092,#1097);
#1092 = CYLINDRICAL_SURFACE('',#1093,4.6);
#1093 = AXIS2_PLACEMENT_3D('',#1094,#1095,#1096);
#1094 = CARTESIAN_POINT('',(-12.89999999999,-23.60000000025,-23.6));
#1095 = DIRECTION('',(-1.,1.055180248732E-13,-2.517430708338E-14));
#1096 = DIRECTION('',(-2.517430708338E-14,4.123090757702E-14,1.));
#1097 = DEFINITIONAL_REPRESENTATION('',(#1098),#1102);
#1098 = LINE('',#1099,#1100);
#1099 = CARTESIAN_POINT('',(9.424777960769,-4.973799150321E-14));
#1100 = VECTOR('',#1101,1.);
#1101 = DIRECTION('',(-1.,9.046911093941E-15));
#1102 = ( GEOMETRIC_REPRESENTATION_CONTEXT(2) 
PARAMETRIC_REPRESENTATION_CONTEXT() REPRESENTATION_CONTEXT('2D SPACE',''
  ) );
#1103 = ORIENTED_EDGE('',*,*,#1104,.T.);
#1104 = EDGE_CURVE('',#1076,#901,#1105,.T.);
#1105 = SURFACE_CURVE('',#1106,(#1110,#1117),.PCURVE_S1.);
#1106 = LINE('',#1107,#1108);
#1107 = CARTESIAN_POINT('',(-12.89999999999,-23.60000000025,
    -28.19999999999));
#1108 = VECTOR('',#1109,1.);
#1109 = DIRECTION('',(1.055180248732E-13,1.,-4.123090757701E-14));
#1110 = PCURVE('',#98,#1111);
#1111 = DEFINITIONAL_REPRESENTATION('',(#1112),#1116);
#1112 = LINE('',#1113,#1114);
#1113 = CARTESIAN_POINT('',(4.599999999992,-47.1999999995));
#1114 = VECTOR('',#1115,1.);
#1115 = DIRECTION('',(-7.345872749418E-27,1.));
#1116 = ( GEOMETRIC_REPRESENTATION_CONTEXT(2) 
PARAMETRIC_REPRESENTATION_CONTEXT() REPRESENTATION_CONTEXT('2D SPACE',''
  ) );
#1117 = PCURVE('',#825,#1118);
#1118 = DEFINITIONAL_REPRESENTATION('',(#1119),#1123);
#1119 = LINE('',#1120,#1121);
#1120 = CARTESIAN_POINT('',(0.,0.));
#1121 = VECTOR('',#1122,1.);
#1122 = DIRECTION('',(-1.03795952867E-27,1.));
#1123 = ( GEOMETRIC_REPRESENTATION_CONTEXT(2) 
PARAMETRIC_REPRESENTATION_CONTEXT() REPRESENTATION_CONTEXT('2D SPACE',''
  ) );
#1124 = FACE_BOUND('',#1125,.T.);
#1125 = EDGE_LOOP('',(#1126));
#1126 = ORIENTED_EDGE('',*,*,#83,.T.);
#1127 = ADVANCED_FACE('',(#1128,#1357),#189,.T.);
#1128 = FACE_BOUND('',#1129,.T.);
#1129 = EDGE_LOOP('',(#1130,#1161,#1189,#1222,#1250,#1279,#1307,#1336));
#1130 = ORIENTED_EDGE('',*,*,#1131,.F.);
#1131 = EDGE_CURVE('',#1132,#1134,#1136,.T.);
#1132 = VERTEX_POINT('',#1133);
#1133 = CARTESIAN_POINT('',(-12.9,-25.70000000025,18.569999999996));
#1134 = VERTEX_POINT('',#1135);
#1135 = CARTESIAN_POINT('',(-12.9,-28.20000000025,16.069999999996));
#1136 = SURFACE_CURVE('',#1137,(#1142,#1149),.PCURVE_S1.);
#1137 = CIRCLE('',#1138,2.5);
#1138 = AXIS2_PLACEMENT_3D('',#1139,#1140,#1141);
#1139 = CARTESIAN_POINT('',(-12.9,-25.70000000025,16.069999999996));
#1140 = DIRECTION('',(1.,-1.055180248732E-13,2.517430708338E-14));
#1141 = DIRECTION('',(2.517430708338E-14,-4.123090757702E-14,-1.));
#1142 = PCURVE('',#189,#1143);
#1143 = DEFINITIONAL_REPRESENTATION('',(#1144),#1148);
#1144 = CIRCLE('',#1145,2.5);
#1145 = AXIS2_PLACEMENT_2D('',#1146,#1147);
#1146 = CARTESIAN_POINT('',(-39.66999999999,-49.2999999995));
#1147 = DIRECTION('',(1.,0.));
#1148 = ( GEOMETRIC_REPRESENTATION_CONTEXT(2) 
PARAMETRIC_REPRESENTATION_CONTEXT() REPRESENTATION_CONTEXT('2D SPACE',''
  ) );
#1149 = PCURVE('',#1150,#1155);
#1150 = CYLINDRICAL_SURFACE('',#1151,2.5);
#1151 = AXIS2_PLACEMENT_3D('',#1152,#1153,#1154);
#1152 = CARTESIAN_POINT('',(38.299999999995,-25.70000000025,
    16.069999999996));
#1153 = DIRECTION('',(-1.,1.055180248732E-13,-2.517430708338E-14));
#1154 = DIRECTION('',(-2.517430708338E-14,4.123090757702E-14,1.));
#1155 = DEFINITIONAL_REPRESENTATION('',(#1156),#1160);
#1156 = LINE('',#1157,#1158);
#1157 = CARTESIAN_POINT('',(9.424777960769,51.200000000001));
#1158 = VECTOR('',#1159,1.);
#1159 = DIRECTION('',(-1.,0.));
#1160 = ( GEOMETRIC_REPRESENTATION_CONTEXT(2) 
PARAMETRIC_REPRESENTATION_CONTEXT() REPRESENTATION_CONTEXT('2D SPACE',''
  ) );
#1161 = ORIENTED_EDGE('',*,*,#1162,.F.);
#1162 = EDGE_CURVE('',#1163,#1132,#1165,.T.);
#1163 = VERTEX_POINT('',#1164);
#1164 = CARTESIAN_POINT('',(-12.9,-23.57000000025,18.569999999996));
#1165 = SURFACE_CURVE('',#1166,(#1170,#1177),.PCURVE_S1.);
#1166 = LINE('',#1167,#1168);
#1167 = CARTESIAN_POINT('',(-12.9,-23.57000000025,18.569999999996));
#1168 = VECTOR('',#1169,1.);
#1169 = DIRECTION('',(-1.055180248732E-13,-1.,4.123090757701E-14));
#1170 = PCURVE('',#189,#1171);
#1171 = DEFINITIONAL_REPRESENTATION('',(#1172),#1176);
#1172 = LINE('',#1173,#1174);
#1173 = CARTESIAN_POINT('',(-42.16999999999,-47.1699999995));
#1174 = VECTOR('',#1175,1.);
#1175 = DIRECTION('',(7.345872749418E-27,-1.));
#1176 = ( GEOMETRIC_REPRESENTATION_CONTEXT(2) 
PARAMETRIC_REPRESENTATION_CONTEXT() REPRESENTATION_CONTEXT('2D SPACE',''
  ) );
#1177 = PCURVE('',#1178,#1183);
#1178 = PLANE('',#1179);
#1179 = AXIS2_PLACEMENT_3D('',#1180,#1181,#1182);
#1180 = CARTESIAN_POINT('',(38.299999999995,-23.57000000025,
    18.569999999996));
#1181 = DIRECTION('',(2.517430708338E-14,-4.123090757702E-14,-1.));
#1182 = DIRECTION('',(-1.,1.055180248732E-13,-2.517430708338E-14));
#1183 = DEFINITIONAL_REPRESENTATION('',(#1184),#1188);
#1184 = LINE('',#1185,#1186);
#1185 = CARTESIAN_POINT('',(51.200000000001,-5.402522873508E-12));
#1186 = VECTOR('',#1187,1.);
#1187 = DIRECTION('',(-1.03795952867E-27,-1.));
#1188 = ( GEOMETRIC_REPRESENTATION_CONTEXT(2) 
PARAMETRIC_REPRESENTATION_CONTEXT() REPRESENTATION_CONTEXT('2D SPACE',''
  ) );
#1189 = ORIENTED_EDGE('',*,*,#1190,.F.);
#1190 = EDGE_CURVE('',#1191,#1163,#1193,.T.);
#1191 = VERTEX_POINT('',#1192);
#1192 = CARTESIAN_POINT('',(-12.9,-18.57000000025,23.569999999996));
#1193 = SURFACE_CURVE('',#1194,(#1199,#1210),.PCURVE_S1.);
#1194 = CIRCLE('',#1195,5.);
#1195 = AXIS2_PLACEMENT_3D('',#1196,#1197,#1198);
#1196 = CARTESIAN_POINT('',(-12.9,-23.57000000025,23.569999999996));
#1197 = DIRECTION('',(-1.,1.055180248732E-13,-2.517430708338E-14));
#1198 = DIRECTION('',(-2.517430708338E-14,4.123090757702E-14,1.));
#1199 = PCURVE('',#189,#1200);
#1200 = DEFINITIONAL_REPRESENTATION('',(#1201),#1209);
#1201 = ( BOUNDED_CURVE() B_SPLINE_CURVE(2,(#1202,#1203,#1204,#1205,
#1206,#1207,#1208),.UNSPECIFIED.,.T.,.F.) B_SPLINE_CURVE_WITH_KNOTS((1,2
    ,2,2,2,1),(-2.094395102393,0.,2.094395102393,4.188790204786,
6.28318530718,8.377580409573),.UNSPECIFIED.) CURVE() 
GEOMETRIC_REPRESENTATION_ITEM() RATIONAL_B_SPLINE_CURVE((1.,0.5,1.,0.5,
1.,0.5,1.)) REPRESENTATION_ITEM('') );
#1202 = CARTESIAN_POINT('',(-52.16999999999,-47.1699999995));
#1203 = CARTESIAN_POINT('',(-52.16999999999,-38.50974596165));
#1204 = CARTESIAN_POINT('',(-44.66999999999,-42.83987298058));
#1205 = CARTESIAN_POINT('',(-37.16999999999,-47.1699999995));
#1206 = CARTESIAN_POINT('',(-44.66999999999,-51.50012701842));
#1207 = CARTESIAN_POINT('',(-52.16999999999,-55.83025403734));
#1208 = CARTESIAN_POINT('',(-52.16999999999,-47.1699999995));
#1209 = ( GEOMETRIC_REPRESENTATION_CONTEXT(2) 
PARAMETRIC_REPRESENTATION_CONTEXT() REPRESENTATION_CONTEXT('2D SPACE',''
  ) );
#1210 = PCURVE('',#1211,#1216);
#1211 = CYLINDRICAL_SURFACE('',#1212,5.);
#1212 = AXIS2_PLACEMENT_3D('',#1213,#1214,#1215);
#1213 = CARTESIAN_POINT('',(38.299999999995,-23.57000000025,
    23.569999999996));
#1214 = DIRECTION('',(-1.,1.055180248732E-13,-2.517430708338E-14));
#1215 = DIRECTION('',(-2.517430708338E-14,4.123090757702E-14,1.));
#1216 = DEFINITIONAL_REPRESENTATION('',(#1217),#1221);
#1217 = LINE('',#1218,#1219);
#1218 = CARTESIAN_POINT('',(-2.544631172441E-13,51.200000000001));
#1219 = VECTOR('',#1220,1.);
#1220 = DIRECTION('',(1.,0.));
#1221 = ( GEOMETRIC_REPRESENTATION_CONTEXT(2) 
PARAMETRIC_REPRESENTATION_CONTEXT() REPRESENTATION_CONTEXT('2D SPACE',''
  ) );
#1222 = ORIENTED_EDGE('',*,*,#1223,.F.);
#1223 = EDGE_CURVE('',#1224,#1191,#1226,.T.);
#1224 = VERTEX_POINT('',#1225);
#1225 = CARTESIAN_POINT('',(-12.9,-18.57000000025,25.699999999996));
#1226 = SURFACE_CURVE('',#1227,(#1231,#1238),.PCURVE_S1.);
#1227 = LINE('',#1228,#1229);
#1228 = CARTESIAN_POINT('',(-12.9,-18.57000000025,23.569999999996));
#1229 = VECTOR('',#1230,1.);
#1230 = DIRECTION('',(2.517430708338E-14,-3.960205924277E-14,-1.));
#1231 = PCURVE('',#189,#1232);
#1232 = DEFINITIONAL_REPRESENTATION('',(#1233),#1237);
#1233 = LINE('',#1234,#1235);
#1234 = CARTESIAN_POINT('',(-47.16999999999,-42.1699999995));
#1235 = VECTOR('',#1236,1.);
#1236 = DIRECTION('',(1.,1.62884833425E-15));
#1237 = ( GEOMETRIC_REPRESENTATION_CONTEXT(2) 
PARAMETRIC_REPRESENTATION_CONTEXT() REPRESENTATION_CONTEXT('2D SPACE',''
  ) );
#1238 = PCURVE('',#1239,#1244);
#1239 = PLANE('',#1240);
#1240 = AXIS2_PLACEMENT_3D('',#1241,#1242,#1243);
#1241 = CARTESIAN_POINT('',(38.299999999995,-18.57000000025,
    23.569999999996));
#1242 = DIRECTION('',(1.055180248732E-13,1.,-3.960205924276E-14));
#1243 = DIRECTION('',(2.517430708338E-14,-3.960205924276E-14,-1.));
#1244 = DEFINITIONAL_REPRESENTATION('',(#1245),#1249);
#1245 = LINE('',#1246,#1247);
#1246 = CARTESIAN_POINT('',(-1.288924522669E-12,51.200000000001));
#1247 = VECTOR('',#1248,1.);
#1248 = DIRECTION('',(1.,0.));
#1249 = ( GEOMETRIC_REPRESENTATION_CONTEXT(2) 
PARAMETRIC_REPRESENTATION_CONTEXT() REPRESENTATION_CONTEXT('2D SPACE',''
  ) );
#1250 = ORIENTED_EDGE('',*,*,#1251,.F.);
#1251 = EDGE_CURVE('',#1252,#1224,#1254,.T.);
#1252 = VERTEX_POINT('',#1253);
#1253 = CARTESIAN_POINT('',(-12.9,-16.07000000025,28.199999999996));
#1254 = SURFACE_CURVE('',#1255,(#1260,#1267),.PCURVE_S1.);
#1255 = CIRCLE('',#1256,2.5);
#1256 = AXIS2_PLACEMENT_3D('',#1257,#1258,#1259);
#1257 = CARTESIAN_POINT('',(-12.9,-16.07000000025,25.699999999996));
#1258 = DIRECTION('',(1.,-1.055180248732E-13,2.517430708338E-14));
#1259 = DIRECTION('',(-2.517430708338E-14,4.123090757702E-14,1.));
#1260 = PCURVE('',#189,#1261);
#1261 = DEFINITIONAL_REPRESENTATION('',(#1262),#1266);
#1262 = CIRCLE('',#1263,2.5);
#1263 = AXIS2_PLACEMENT_2D('',#1264,#1265);
#1264 = CARTESIAN_POINT('',(-49.29999999999,-39.6699999995));
#1265 = DIRECTION('',(-1.,0.));
#1266 = ( GEOMETRIC_REPRESENTATION_CONTEXT(2) 
PARAMETRIC_REPRESENTATION_CONTEXT() REPRESENTATION_CONTEXT('2D SPACE',''
  ) );
#1267 = PCURVE('',#1268,#1273);
#1268 = CYLINDRICAL_SURFACE('',#1269,2.5);
#1269 = AXIS2_PLACEMENT_3D('',#1270,#1271,#1272);
#1270 = CARTESIAN_POINT('',(38.299999999995,-16.07000000025,
    25.699999999996));
#1271 = DIRECTION('',(-1.,1.055180248732E-13,-2.517430708338E-14));
#1272 = DIRECTION('',(-2.517430708338E-14,4.123090757702E-14,1.));
#1273 = DEFINITIONAL_REPRESENTATION('',(#1274),#1278);
#1274 = LINE('',#1275,#1276);
#1275 = CARTESIAN_POINT('',(6.28318530718,51.200000000001));
#1276 = VECTOR('',#1277,1.);
#1277 = DIRECTION('',(-1.,0.));
#1278 = ( GEOMETRIC_REPRESENTATION_CONTEXT(2) 
PARAMETRIC_REPRESENTATION_CONTEXT() REPRESENTATION_CONTEXT('2D SPACE',''
  ) );
#1279 = ORIENTED_EDGE('',*,*,#1280,.T.);
#1280 = EDGE_CURVE('',#1252,#1281,#1283,.T.);
#1281 = VERTEX_POINT('',#1282);
#1282 = CARTESIAN_POINT('',(-12.9,-23.60000000025,28.199999999996));
#1283 = SURFACE_CURVE('',#1284,(#1288,#1295),.PCURVE_S1.);
#1284 = LINE('',#1285,#1286);
#1285 = CARTESIAN_POINT('',(-12.9,-23.60000000025,28.199999999996));
#1286 = VECTOR('',#1287,1.);
#1287 = DIRECTION('',(-1.055180248732E-13,-1.,4.123090757701E-14));
#1288 = PCURVE('',#189,#1289);
#1289 = DEFINITIONAL_REPRESENTATION('',(#1290),#1294);
#1290 = LINE('',#1291,#1292);
#1291 = CARTESIAN_POINT('',(-51.79999999999,-47.1999999995));
#1292 = VECTOR('',#1293,1.);
#1293 = DIRECTION('',(7.345872749418E-27,-1.));
#1294 = ( GEOMETRIC_REPRESENTATION_CONTEXT(2) 
PARAMETRIC_REPRESENTATION_CONTEXT() REPRESENTATION_CONTEXT('2D SPACE',''
  ) );
#1295 = PCURVE('',#1296,#1301);
#1296 = PLANE('',#1297);
#1297 = AXIS2_PLACEMENT_3D('',#1298,#1299,#1300);
#1298 = CARTESIAN_POINT('',(-12.9,-23.60000000025,28.199999999996));
#1299 = DIRECTION('',(2.517430708338E-14,-4.123090757702E-14,-1.));
#1300 = DIRECTION('',(-1.,1.055180248732E-13,-2.517430708338E-14));
#1301 = DEFINITIONAL_REPRESENTATION('',(#1302),#1306);
#1302 = LINE('',#1303,#1304);
#1303 = CARTESIAN_POINT('',(0.,0.));
#1304 = VECTOR('',#1305,1.);
#1305 = DIRECTION('',(-1.03795952867E-27,-1.));
#1306 = ( GEOMETRIC_REPRESENTATION_CONTEXT(2) 
PARAMETRIC_REPRESENTATION_CONTEXT() REPRESENTATION_CONTEXT('2D SPACE',''
  ) );
#1307 = ORIENTED_EDGE('',*,*,#1308,.T.);
#1308 = EDGE_CURVE('',#1281,#1309,#1311,.T.);
#1309 = VERTEX_POINT('',#1310);
#1310 = CARTESIAN_POINT('',(-12.9,-28.20000000025,23.600000000006));
#1311 = SURFACE_CURVE('',#1312,(#1317,#1324),.PCURVE_S1.);
#1312 = CIRCLE('',#1313,4.6);
#1313 = AXIS2_PLACEMENT_3D('',#1314,#1315,#1316);
#1314 = CARTESIAN_POINT('',(-12.9,-23.60000000025,23.600000000006));
#1315 = DIRECTION('',(1.,-1.055180248732E-13,2.517430708338E-14));
#1316 = DIRECTION('',(-2.517430708338E-14,4.123090757702E-14,1.));
#1317 = PCURVE('',#189,#1318);
#1318 = DEFINITIONAL_REPRESENTATION('',(#1319),#1323);
#1319 = CIRCLE('',#1320,4.6);
#1320 = AXIS2_PLACEMENT_2D('',#1321,#1322);
#1321 = CARTESIAN_POINT('',(-47.2,-47.1999999995));
#1322 = DIRECTION('',(-1.,0.));
#1323 = ( GEOMETRIC_REPRESENTATION_CONTEXT(2) 
PARAMETRIC_REPRESENTATION_CONTEXT() REPRESENTATION_CONTEXT('2D SPACE',''
  ) );
#1324 = PCURVE('',#1325,#1330);
#1325 = CYLINDRICAL_SURFACE('',#1326,4.6);
#1326 = AXIS2_PLACEMENT_3D('',#1327,#1328,#1329);
#1327 = CARTESIAN_POINT('',(-12.9,-23.60000000025,23.600000000006));
#1328 = DIRECTION('',(-1.,1.055180248732E-13,-2.517430708338E-14));
#1329 = DIRECTION('',(-2.517430708338E-14,4.123090757702E-14,1.));
#1330 = DEFINITIONAL_REPRESENTATION('',(#1331),#1335);
#1331 = LINE('',#1332,#1333);
#1332 = CARTESIAN_POINT('',(6.28318530718,0.));
#1333 = VECTOR('',#1334,1.);
#1334 = DIRECTION('',(-1.,-4.52345554697E-15));
#1335 = ( GEOMETRIC_REPRESENTATION_CONTEXT(2) 
PARAMETRIC_REPRESENTATION_CONTEXT() REPRESENTATION_CONTEXT('2D SPACE',''
  ) );
#1336 = ORIENTED_EDGE('',*,*,#1337,.T.);
#1337 = EDGE_CURVE('',#1309,#1134,#1338,.T.);
#1338 = SURFACE_CURVE('',#1339,(#1343,#1350),.PCURVE_S1.);
#1339 = LINE('',#1340,#1341);
#1340 = CARTESIAN_POINT('',(-12.89999999999,-28.20000000025,-23.6));
#1341 = VECTOR('',#1342,1.);
#1342 = DIRECTION('',(2.517430708338E-14,-4.108389711295E-14,-1.));
#1343 = PCURVE('',#189,#1344);
#1344 = DEFINITIONAL_REPRESENTATION('',(#1345),#1349);
#1345 = LINE('',#1346,#1347);
#1346 = CARTESIAN_POINT('',(2.135761012469E-12,-51.7999999995));
#1347 = VECTOR('',#1348,1.);
#1348 = DIRECTION('',(1.,1.4701046407E-16));
#1349 = ( GEOMETRIC_REPRESENTATION_CONTEXT(2) 
PARAMETRIC_REPRESENTATION_CONTEXT() REPRESENTATION_CONTEXT('2D SPACE',''
  ) );
#1350 = PCURVE('',#1063,#1351);
#1351 = DEFINITIONAL_REPRESENTATION('',(#1352),#1356);
#1352 = LINE('',#1353,#1354);
#1353 = CARTESIAN_POINT('',(0.,0.));
#1354 = VECTOR('',#1355,1.);
#1355 = DIRECTION('',(1.,0.));
#1356 = ( GEOMETRIC_REPRESENTATION_CONTEXT(2) 
PARAMETRIC_REPRESENTATION_CONTEXT() REPRESENTATION_CONTEXT('2D SPACE',''
  ) );
#1357 = FACE_BOUND('',#1358,.T.);
#1358 = EDGE_LOOP('',(#1359));
#1359 = ORIENTED_EDGE('',*,*,#174,.T.);
#1360 = ADVANCED_FACE('',(#1361),#542,.T.);
#1361 = FACE_BOUND('',#1362,.T.);
#1362 = EDGE_LOOP('',(#1363,#1384,#1385));
#1363 = ORIENTED_EDGE('',*,*,#1364,.F.);
#1364 = EDGE_CURVE('',#526,#612,#1365,.T.);
#1365 = SURFACE_CURVE('',#1366,(#1370,#1377),.PCURVE_S1.);
#1366 = LINE('',#1367,#1368);
#1367 = CARTESIAN_POINT('',(-38.3,2.674999999747,-1.710263138004));
#1368 = VECTOR('',#1369,1.);
#1369 = DIRECTION('',(-2.517430708338E-14,4.123090757702E-14,1.));
#1370 = PCURVE('',#542,#1371);
#1371 = DEFINITIONAL_REPRESENTATION('',(#1372),#1376);
#1372 = LINE('',#1373,#1374);
#1373 = CARTESIAN_POINT('',(-1.710263138,2.675));
#1374 = VECTOR('',#1375,1.);
#1375 = DIRECTION('',(1.,0.));
#1376 = ( GEOMETRIC_REPRESENTATION_CONTEXT(2) 
PARAMETRIC_REPRESENTATION_CONTEXT() REPRESENTATION_CONTEXT('2D SPACE',''
  ) );
#1377 = PCURVE('',#570,#1378);
#1378 = DEFINITIONAL_REPRESENTATION('',(#1379),#1383);
#1379 = LINE('',#1380,#1381);
#1380 = CARTESIAN_POINT('',(-15.,3.776146062507E-13));
#1381 = VECTOR('',#1382,1.);
#1382 = DIRECTION('',(-4.351356753199E-27,1.));
#1383 = ( GEOMETRIC_REPRESENTATION_CONTEXT(2) 
PARAMETRIC_REPRESENTATION_CONTEXT() REPRESENTATION_CONTEXT('2D SPACE',''
  ) );
#1384 = ORIENTED_EDGE('',*,*,#525,.T.);
#1385 = ORIENTED_EDGE('',*,*,#634,.T.);
#1386 = ADVANCED_FACE('',(#1387,#1390),#457,.F.);
#1387 = FACE_BOUND('',#1388,.T.);
#1388 = EDGE_LOOP('',(#1389));
#1389 = ORIENTED_EDGE('',*,*,#442,.F.);
#1390 = FACE_BOUND('',#1391,.T.);
#1391 = EDGE_LOOP('',(#1392));
#1392 = ORIENTED_EDGE('',*,*,#473,.T.);
#1393 = ADVANCED_FACE('',(#1394),#854,.T.);
#1394 = FACE_BOUND('',#1395,.T.);
#1395 = EDGE_LOOP('',(#1396,#1422,#1443,#1444));
#1396 = ORIENTED_EDGE('',*,*,#1397,.T.);
#1397 = EDGE_CURVE('',#1398,#1400,#1402,.T.);
#1398 = VERTEX_POINT('',#1399);
#1399 = CARTESIAN_POINT('',(-17.69999999999,23.599999999247,-28.2));
#1400 = VERTEX_POINT('',#1401);
#1401 = CARTESIAN_POINT('',(-17.69999999999,28.200000000247,-23.6));
#1402 = SURFACE_CURVE('',#1403,(#1408,#1415),.PCURVE_S1.);
#1403 = CIRCLE('',#1404,4.6);
#1404 = AXIS2_PLACEMENT_3D('',#1405,#1406,#1407);
#1405 = CARTESIAN_POINT('',(-17.69999999999,23.599999999247,-23.6));
#1406 = DIRECTION('',(1.,-1.055180248732E-13,2.517430708338E-14));
#1407 = DIRECTION('',(2.517430708338E-14,-4.123090757702E-14,-1.));
#1408 = PCURVE('',#854,#1409);
#1409 = DEFINITIONAL_REPRESENTATION('',(#1410),#1414);
#1410 = LINE('',#1411,#1412);
#1411 = CARTESIAN_POINT('',(3.14159265359,4.8));
#1412 = VECTOR('',#1413,1.);
#1413 = DIRECTION('',(-1.,0.));
#1414 = ( GEOMETRIC_REPRESENTATION_CONTEXT(2) 
PARAMETRIC_REPRESENTATION_CONTEXT() REPRESENTATION_CONTEXT('2D SPACE',''
  ) );
#1415 = PCURVE('',#66,#1416);
#1416 = DEFINITIONAL_REPRESENTATION('',(#1417),#1421);
#1417 = CIRCLE('',#1418,4.6);
#1418 = AXIS2_PLACEMENT_2D('',#1419,#1420);
#1419 = CARTESIAN_POINT('',(0.,0.));
#1420 = DIRECTION('',(1.,0.));
#1421 = ( GEOMETRIC_REPRESENTATION_CONTEXT(2) 
PARAMETRIC_REPRESENTATION_CONTEXT() REPRESENTATION_CONTEXT('2D SPACE',''
  ) );
#1422 = ORIENTED_EDGE('',*,*,#1423,.F.);
#1423 = EDGE_CURVE('',#838,#1400,#1424,.T.);
#1424 = SURFACE_CURVE('',#1425,(#1429,#1436),.PCURVE_S1.);
#1425 = LINE('',#1426,#1427);
#1426 = CARTESIAN_POINT('',(-12.89999999999,28.200000000247,-23.6));
#1427 = VECTOR('',#1428,1.);
#1428 = DIRECTION('',(-1.,1.055180248732E-13,-2.517430708338E-14));
#1429 = PCURVE('',#854,#1430);
#1430 = DEFINITIONAL_REPRESENTATION('',(#1431),#1435);
#1431 = LINE('',#1432,#1433);
#1432 = CARTESIAN_POINT('',(1.570796326795,4.902744877093E-13));
#1433 = VECTOR('',#1434,1.);
#1434 = DIRECTION('',(0.,1.));
#1435 = ( GEOMETRIC_REPRESENTATION_CONTEXT(2) 
PARAMETRIC_REPRESENTATION_CONTEXT() REPRESENTATION_CONTEXT('2D SPACE',''
  ) );
#1436 = PCURVE('',#880,#1437);
#1437 = DEFINITIONAL_REPRESENTATION('',(#1438),#1442);
#1438 = LINE('',#1439,#1440);
#1439 = CARTESIAN_POINT('',(0.,0.));
#1440 = VECTOR('',#1441,1.);
#1441 = DIRECTION('',(4.335579535095E-27,1.));
#1442 = ( GEOMETRIC_REPRESENTATION_CONTEXT(2) 
PARAMETRIC_REPRESENTATION_CONTEXT() REPRESENTATION_CONTEXT('2D SPACE',''
  ) );
#1443 = ORIENTED_EDGE('',*,*,#837,.F.);
#1444 = ORIENTED_EDGE('',*,*,#1445,.T.);
#1445 = EDGE_CURVE('',#810,#1398,#1446,.T.);
#1446 = SURFACE_CURVE('',#1447,(#1451,#1458),.PCURVE_S1.);
#1447 = LINE('',#1448,#1449);
#1448 = CARTESIAN_POINT('',(-12.89999999999,23.599999999247,-28.2));
#1449 = VECTOR('',#1450,1.);
#1450 = DIRECTION('',(-1.,1.055180248732E-13,-2.517430708338E-14));
#1451 = PCURVE('',#854,#1452);
#1452 = DEFINITIONAL_REPRESENTATION('',(#1453),#1457);
#1453 = LINE('',#1454,#1455);
#1454 = CARTESIAN_POINT('',(3.14159265359,1.207922650792E-13));
#1455 = VECTOR('',#1456,1.);
#1456 = DIRECTION('',(5.181040781584E-15,1.));
#1457 = ( GEOMETRIC_REPRESENTATION_CONTEXT(2) 
PARAMETRIC_REPRESENTATION_CONTEXT() REPRESENTATION_CONTEXT('2D SPACE',''
  ) );
#1458 = PCURVE('',#825,#1459);
#1459 = DEFINITIONAL_REPRESENTATION('',(#1460),#1464);
#1460 = LINE('',#1461,#1462);
#1461 = CARTESIAN_POINT('',(-4.980450773962E-12,47.1999999995));
#1462 = VECTOR('',#1463,1.);
#1463 = DIRECTION('',(-1.,2.974021020506E-30));
#1464 = ( GEOMETRIC_REPRESENTATION_CONTEXT(2) 
PARAMETRIC_REPRESENTATION_CONTEXT() REPRESENTATION_CONTEXT('2D SPACE',''
  ) );
#1465 = ADVANCED_FACE('',(#1466),#880,.F.);
#1466 = FACE_BOUND('',#1467,.T.);
#1467 = EDGE_LOOP('',(#1468,#1498,#1526,#1547,#1548,#1549,#1572,#1600));
#1468 = ORIENTED_EDGE('',*,*,#1469,.F.);
#1469 = EDGE_CURVE('',#1470,#1472,#1474,.T.);
#1470 = VERTEX_POINT('',#1471);
#1471 = CARTESIAN_POINT('',(-6.700000000005,28.200000000247,
    16.069999999996));
#1472 = VERTEX_POINT('',#1473);
#1473 = CARTESIAN_POINT('',(-12.9,28.200000000247,16.069999999996));
#1474 = SURFACE_CURVE('',#1475,(#1479,#1486),.PCURVE_S1.);
#1475 = LINE('',#1476,#1477);
#1476 = CARTESIAN_POINT('',(38.299999999995,28.200000000247,
    16.069999999996));
#1477 = VECTOR('',#1478,1.);
#1478 = DIRECTION('',(-1.,1.055180248732E-13,-2.517430708338E-14));
#1479 = PCURVE('',#880,#1480);
#1480 = DEFINITIONAL_REPRESENTATION('',(#1481),#1485);
#1481 = LINE('',#1482,#1483);
#1482 = CARTESIAN_POINT('',(39.669999999999,-51.19999999999));
#1483 = VECTOR('',#1484,1.);
#1484 = DIRECTION('',(4.335579535095E-27,1.));
#1485 = ( GEOMETRIC_REPRESENTATION_CONTEXT(2) 
PARAMETRIC_REPRESENTATION_CONTEXT() REPRESENTATION_CONTEXT('2D SPACE',''
  ) );
#1486 = PCURVE('',#1487,#1492);
#1487 = CYLINDRICAL_SURFACE('',#1488,2.5);
#1488 = AXIS2_PLACEMENT_3D('',#1489,#1490,#1491);
#1489 = CARTESIAN_POINT('',(38.299999999995,25.700000000247,
    16.069999999996));
#1490 = DIRECTION('',(-1.,1.055180248732E-13,-2.517430708338E-14));
#1491 = DIRECTION('',(-2.517430708338E-14,4.123090757702E-14,1.));
#1492 = DEFINITIONAL_REPRESENTATION('',(#1493),#1497);
#1493 = LINE('',#1494,#1495);
#1494 = CARTESIAN_POINT('',(1.570796326795,2.771116669464E-13));
#1495 = VECTOR('',#1496,1.);
#1496 = DIRECTION('',(0.,1.));
#1497 = ( GEOMETRIC_REPRESENTATION_CONTEXT(2) 
PARAMETRIC_REPRESENTATION_CONTEXT() REPRESENTATION_CONTEXT('2D SPACE',''
  ) );
#1498 = ORIENTED_EDGE('',*,*,#1499,.T.);
#1499 = EDGE_CURVE('',#1470,#1500,#1502,.T.);
#1500 = VERTEX_POINT('',#1501);
#1501 = CARTESIAN_POINT('',(-6.699999999995,28.200000000247,-16.07));
#1502 = SURFACE_CURVE('',#1503,(#1507,#1514),.PCURVE_S1.);
#1503 = LINE('',#1504,#1505);
#1504 = CARTESIAN_POINT('',(-6.700000000005,28.200000000247,
    16.069999999996));
#1505 = VECTOR('',#1506,1.);
#1506 = DIRECTION('',(2.517430708338E-14,-4.166269935697E-14,-1.));
#1507 = PCURVE('',#880,#1508);
#1508 = DEFINITIONAL_REPRESENTATION('',(#1509),#1513);
#1509 = LINE('',#1510,#1511);
#1510 = CARTESIAN_POINT('',(39.67,-6.199999999992));
#1511 = VECTOR('',#1512,1.);
#1512 = DIRECTION('',(-1.,-5.99534287968E-29));
#1513 = ( GEOMETRIC_REPRESENTATION_CONTEXT(2) 
PARAMETRIC_REPRESENTATION_CONTEXT() REPRESENTATION_CONTEXT('2D SPACE',''
  ) );
#1514 = PCURVE('',#1515,#1520);
#1515 = PLANE('',#1516);
#1516 = AXIS2_PLACEMENT_3D('',#1517,#1518,#1519);
#1517 = CARTESIAN_POINT('',(-6.700000000005,25.700000000247,
    16.069999999996));
#1518 = DIRECTION('',(-1.,1.055180248732E-13,-2.517430708338E-14));
#1519 = DIRECTION('',(-2.517430708338E-14,4.123090757702E-14,1.));
#1520 = DEFINITIONAL_REPRESENTATION('',(#1521),#1525);
#1521 = LINE('',#1522,#1523);
#1522 = CARTESIAN_POINT('',(1.030772689425E-13,2.5));
#1523 = VECTOR('',#1524,1.);
#1524 = DIRECTION('',(-1.,-4.3179177995E-16));
#1525 = ( GEOMETRIC_REPRESENTATION_CONTEXT(2) 
PARAMETRIC_REPRESENTATION_CONTEXT() REPRESENTATION_CONTEXT('2D SPACE',''
  ) );
#1526 = ORIENTED_EDGE('',*,*,#1527,.T.);
#1527 = EDGE_CURVE('',#1500,#663,#1528,.T.);
#1528 = SURFACE_CURVE('',#1529,(#1533,#1540),.PCURVE_S1.);
#1529 = LINE('',#1530,#1531);
#1530 = CARTESIAN_POINT('',(38.300000000005,28.200000000247,-16.07));
#1531 = VECTOR('',#1532,1.);
#1532 = DIRECTION('',(-1.,1.055180248732E-13,-2.517430708338E-14));
#1533 = PCURVE('',#880,#1534);
#1534 = DEFINITIONAL_REPRESENTATION('',(#1535),#1539);
#1535 = LINE('',#1536,#1537);
#1536 = CARTESIAN_POINT('',(7.529999999999,-51.2));
#1537 = VECTOR('',#1538,1.);
#1538 = DIRECTION('',(4.335579535095E-27,1.));
#1539 = ( GEOMETRIC_REPRESENTATION_CONTEXT(2) 
PARAMETRIC_REPRESENTATION_CONTEXT() REPRESENTATION_CONTEXT('2D SPACE',''
  ) );
#1540 = PCURVE('',#679,#1541);
#1541 = DEFINITIONAL_REPRESENTATION('',(#1542),#1546);
#1542 = LINE('',#1543,#1544);
#1543 = CARTESIAN_POINT('',(1.570796326795,2.771116669464E-13));
#1544 = VECTOR('',#1545,1.);
#1545 = DIRECTION('',(0.,1.));
#1546 = ( GEOMETRIC_REPRESENTATION_CONTEXT(2) 
PARAMETRIC_REPRESENTATION_CONTEXT() REPRESENTATION_CONTEXT('2D SPACE',''
  ) );
#1547 = ORIENTED_EDGE('',*,*,#866,.F.);
#1548 = ORIENTED_EDGE('',*,*,#1423,.T.);
#1549 = ORIENTED_EDGE('',*,*,#1550,.T.);
#1550 = EDGE_CURVE('',#1400,#1551,#1553,.T.);
#1551 = VERTEX_POINT('',#1552);
#1552 = CARTESIAN_POINT('',(-17.7,28.200000000247,23.599999999996));
#1553 = SURFACE_CURVE('',#1554,(#1558,#1565),.PCURVE_S1.);
#1554 = LINE('',#1555,#1556);
#1555 = CARTESIAN_POINT('',(-17.69999999999,28.200000000247,-23.6));
#1556 = VECTOR('',#1557,1.);
#1557 = DIRECTION('',(-2.517430708338E-14,4.108389711295E-14,1.));
#1558 = PCURVE('',#880,#1559);
#1559 = DEFINITIONAL_REPRESENTATION('',(#1560),#1564);
#1560 = LINE('',#1561,#1562);
#1561 = CARTESIAN_POINT('',(1.208366740002E-13,4.8));
#1562 = VECTOR('',#1563,1.);
#1563 = DIRECTION('',(1.,0.));
#1564 = ( GEOMETRIC_REPRESENTATION_CONTEXT(2) 
PARAMETRIC_REPRESENTATION_CONTEXT() REPRESENTATION_CONTEXT('2D SPACE',''
  ) );
#1565 = PCURVE('',#66,#1566);
#1566 = DEFINITIONAL_REPRESENTATION('',(#1567),#1571);
#1567 = LINE('',#1568,#1569);
#1568 = CARTESIAN_POINT('',(-1.896621748955E-13,4.600000001));
#1569 = VECTOR('',#1570,1.);
#1570 = DIRECTION('',(-1.,-1.4701046407E-16));
#1571 = ( GEOMETRIC_REPRESENTATION_CONTEXT(2) 
PARAMETRIC_REPRESENTATION_CONTEXT() REPRESENTATION_CONTEXT('2D SPACE',''
  ) );
#1572 = ORIENTED_EDGE('',*,*,#1573,.F.);
#1573 = EDGE_CURVE('',#1574,#1551,#1576,.T.);
#1574 = VERTEX_POINT('',#1575);
#1575 = CARTESIAN_POINT('',(-12.89999999999,28.200000000247,
    23.599999999996));
#1576 = SURFACE_CURVE('',#1577,(#1581,#1588),.PCURVE_S1.);
#1577 = LINE('',#1578,#1579);
#1578 = CARTESIAN_POINT('',(-12.9,28.200000000247,23.599999999996));
#1579 = VECTOR('',#1580,1.);
#1580 = DIRECTION('',(-1.,1.055180248732E-13,-2.517430708338E-14));
#1581 = PCURVE('',#880,#1582);
#1582 = DEFINITIONAL_REPRESENTATION('',(#1583),#1587);
#1583 = LINE('',#1584,#1585);
#1584 = CARTESIAN_POINT('',(47.2,8.809108997809E-12));
#1585 = VECTOR('',#1586,1.);
#1586 = DIRECTION('',(4.335579535095E-27,1.));
#1587 = ( GEOMETRIC_REPRESENTATION_CONTEXT(2) 
PARAMETRIC_REPRESENTATION_CONTEXT() REPRESENTATION_CONTEXT('2D SPACE',''
  ) );
#1588 = PCURVE('',#1589,#1594);
#1589 = CYLINDRICAL_SURFACE('',#1590,4.6);
#1590 = AXIS2_PLACEMENT_3D('',#1591,#1592,#1593);
#1591 = CARTESIAN_POINT('',(-12.9,23.599999999247,23.599999999996));
#1592 = DIRECTION('',(-1.,1.055180248732E-13,-2.517430708338E-14));
#1593 = DIRECTION('',(-2.517430708338E-14,4.123090757702E-14,1.));
#1594 = DEFINITIONAL_REPRESENTATION('',(#1595),#1599);
#1595 = LINE('',#1596,#1597);
#1596 = CARTESIAN_POINT('',(1.570796326795,4.902744877093E-13));
#1597 = VECTOR('',#1598,1.);
#1598 = DIRECTION('',(0.,1.));
#1599 = ( GEOMETRIC_REPRESENTATION_CONTEXT(2) 
PARAMETRIC_REPRESENTATION_CONTEXT() REPRESENTATION_CONTEXT('2D SPACE',''
  ) );
#1600 = ORIENTED_EDGE('',*,*,#1601,.F.);
#1601 = EDGE_CURVE('',#1472,#1574,#1602,.T.);
#1602 = SURFACE_CURVE('',#1603,(#1607,#1614),.PCURVE_S1.);
#1603 = LINE('',#1604,#1605);
#1604 = CARTESIAN_POINT('',(-12.89999999999,28.200000000247,-23.6));
#1605 = VECTOR('',#1606,1.);
#1606 = DIRECTION('',(-2.517430708338E-14,4.108389711295E-14,1.));
#1607 = PCURVE('',#880,#1608);
#1608 = DEFINITIONAL_REPRESENTATION('',(#1609),#1613);
#1609 = LINE('',#1610,#1611);
#1610 = CARTESIAN_POINT('',(0.,0.));
#1611 = VECTOR('',#1612,1.);
#1612 = DIRECTION('',(1.,0.));
#1613 = ( GEOMETRIC_REPRESENTATION_CONTEXT(2) 
PARAMETRIC_REPRESENTATION_CONTEXT() REPRESENTATION_CONTEXT('2D SPACE',''
  ) );
#1614 = PCURVE('',#280,#1615);
#1615 = DEFINITIONAL_REPRESENTATION('',(#1616),#1620);
#1616 = LINE('',#1617,#1618);
#1617 = CARTESIAN_POINT('',(-1.896621748955E-13,4.600000001));
#1618 = VECTOR('',#1619,1.);
#1619 = DIRECTION('',(-1.,-1.4701046407E-16));
#1620 = ( GEOMETRIC_REPRESENTATION_CONTEXT(2) 
PARAMETRIC_REPRESENTATION_CONTEXT() REPRESENTATION_CONTEXT('2D SPACE',''
  ) );
#1621 = ADVANCED_FACE('',(#1622),#1589,.T.);
#1622 = FACE_BOUND('',#1623,.T.);
#1623 = EDGE_LOOP('',(#1624,#1648,#1671,#1693));
#1624 = ORIENTED_EDGE('',*,*,#1625,.T.);
#1625 = EDGE_CURVE('',#1551,#1626,#1628,.T.);
#1626 = VERTEX_POINT('',#1627);
#1627 = CARTESIAN_POINT('',(-17.7,23.599999999247,28.199999999996));
#1628 = SURFACE_CURVE('',#1629,(#1634,#1641),.PCURVE_S1.);
#1629 = CIRCLE('',#1630,4.6);
#1630 = AXIS2_PLACEMENT_3D('',#1631,#1632,#1633);
#1631 = CARTESIAN_POINT('',(-17.7,23.599999999247,23.599999999996));
#1632 = DIRECTION('',(1.,-1.055180248732E-13,2.517430708338E-14));
#1633 = DIRECTION('',(2.517430708338E-14,-4.123090757702E-14,-1.));
#1634 = PCURVE('',#1589,#1635);
#1635 = DEFINITIONAL_REPRESENTATION('',(#1636),#1640);
#1636 = LINE('',#1637,#1638);
#1637 = CARTESIAN_POINT('',(3.14159265359,4.799999999999));
#1638 = VECTOR('',#1639,1.);
#1639 = DIRECTION('',(-1.,-4.523455546971E-15));
#1640 = ( GEOMETRIC_REPRESENTATION_CONTEXT(2) 
PARAMETRIC_REPRESENTATION_CONTEXT() REPRESENTATION_CONTEXT('2D SPACE',''
  ) );
#1641 = PCURVE('',#66,#1642);
#1642 = DEFINITIONAL_REPRESENTATION('',(#1643),#1647);
#1643 = CIRCLE('',#1644,4.6);
#1644 = AXIS2_PLACEMENT_2D('',#1645,#1646);
#1645 = CARTESIAN_POINT('',(-47.2,-1.946098837635E-12));
#1646 = DIRECTION('',(1.,0.));
#1647 = ( GEOMETRIC_REPRESENTATION_CONTEXT(2) 
PARAMETRIC_REPRESENTATION_CONTEXT() REPRESENTATION_CONTEXT('2D SPACE',''
  ) );
#1648 = ORIENTED_EDGE('',*,*,#1649,.F.);
#1649 = EDGE_CURVE('',#1650,#1626,#1652,.T.);
#1650 = VERTEX_POINT('',#1651);
#1651 = CARTESIAN_POINT('',(-12.9,23.599999999247,28.199999999996));
#1652 = SURFACE_CURVE('',#1653,(#1657,#1664),.PCURVE_S1.);
#1653 = LINE('',#1654,#1655);
#1654 = CARTESIAN_POINT('',(-12.9,23.599999999247,28.199999999996));
#1655 = VECTOR('',#1656,1.);
#1656 = DIRECTION('',(-1.,1.055180248732E-13,-2.517430708338E-14));
#1657 = PCURVE('',#1589,#1658);
#1658 = DEFINITIONAL_REPRESENTATION('',(#1659),#1663);
#1659 = LINE('',#1660,#1661);
#1660 = CARTESIAN_POINT('',(0.,-1.108446667786E-12));
#1661 = VECTOR('',#1662,1.);
#1662 = DIRECTION('',(0.,1.));
#1663 = ( GEOMETRIC_REPRESENTATION_CONTEXT(2) 
PARAMETRIC_REPRESENTATION_CONTEXT() REPRESENTATION_CONTEXT('2D SPACE',''
  ) );
#1664 = PCURVE('',#1296,#1665);
#1665 = DEFINITIONAL_REPRESENTATION('',(#1666),#1670);
#1666 = LINE('',#1667,#1668);
#1667 = CARTESIAN_POINT('',(3.985690943898E-12,47.1999999995));
#1668 = VECTOR('',#1669,1.);
#1669 = DIRECTION('',(1.,2.974021020506E-30));
#1670 = ( GEOMETRIC_REPRESENTATION_CONTEXT(2) 
PARAMETRIC_REPRESENTATION_CONTEXT() REPRESENTATION_CONTEXT('2D SPACE',''
  ) );
#1671 = ORIENTED_EDGE('',*,*,#1672,.F.);
#1672 = EDGE_CURVE('',#1574,#1650,#1673,.T.);
#1673 = SURFACE_CURVE('',#1674,(#1679,#1686),.PCURVE_S1.);
#1674 = CIRCLE('',#1675,4.6);
#1675 = AXIS2_PLACEMENT_3D('',#1676,#1677,#1678);
#1676 = CARTESIAN_POINT('',(-12.9,23.599999999247,23.599999999996));
#1677 = DIRECTION('',(1.,-1.055180248732E-13,2.517430708338E-14));
#1678 = DIRECTION('',(2.517430708338E-14,-4.123090757702E-14,-1.));
#1679 = PCURVE('',#1589,#1680);
#1680 = DEFINITIONAL_REPRESENTATION('',(#1681),#1685);
#1681 = LINE('',#1682,#1683);
#1682 = CARTESIAN_POINT('',(3.14159265359,1.42108547152E-14));
#1683 = VECTOR('',#1684,1.);
#1684 = DIRECTION('',(-1.,-4.52345554697E-15));
#1685 = ( GEOMETRIC_REPRESENTATION_CONTEXT(2) 
PARAMETRIC_REPRESENTATION_CONTEXT() REPRESENTATION_CONTEXT('2D SPACE',''
  ) );
#1686 = PCURVE('',#280,#1687);
#1687 = DEFINITIONAL_REPRESENTATION('',(#1688),#1692);
#1688 = CIRCLE('',#1689,4.6);
#1689 = AXIS2_PLACEMENT_2D('',#1690,#1691);
#1690 = CARTESIAN_POINT('',(-47.2,-1.946098837635E-12));
#1691 = DIRECTION('',(1.,0.));
#1692 = ( GEOMETRIC_REPRESENTATION_CONTEXT(2) 
PARAMETRIC_REPRESENTATION_CONTEXT() REPRESENTATION_CONTEXT('2D SPACE',''
  ) );
#1693 = ORIENTED_EDGE('',*,*,#1573,.T.);
#1694 = ADVANCED_FACE('',(#1695),#1296,.F.);
#1695 = FACE_BOUND('',#1696,.T.);
#1696 = EDGE_LOOP('',(#1697,#1720,#1743,#1771,#1792,#1793,#1816,#1837));
#1697 = ORIENTED_EDGE('',*,*,#1698,.F.);
#1698 = EDGE_CURVE('',#1699,#1252,#1701,.T.);
#1699 = VERTEX_POINT('',#1700);
#1700 = CARTESIAN_POINT('',(-6.700000000005,-16.07000000025,
    28.199999999996));
#1701 = SURFACE_CURVE('',#1702,(#1706,#1713),.PCURVE_S1.);
#1702 = LINE('',#1703,#1704);
#1703 = CARTESIAN_POINT('',(38.299999999995,-16.07000000025,
    28.199999999996));
#1704 = VECTOR('',#1705,1.);
#1705 = DIRECTION('',(-1.,1.055180248732E-13,-2.517430708338E-14));
#1706 = PCURVE('',#1296,#1707);
#1707 = DEFINITIONAL_REPRESENTATION('',(#1708),#1712);
#1708 = LINE('',#1709,#1710);
#1709 = CARTESIAN_POINT('',(-51.2,7.530000000005));
#1710 = VECTOR('',#1711,1.);
#1711 = DIRECTION('',(1.,2.974021020506E-30));
#1712 = ( GEOMETRIC_REPRESENTATION_CONTEXT(2) 
PARAMETRIC_REPRESENTATION_CONTEXT() REPRESENTATION_CONTEXT('2D SPACE',''
  ) );
#1713 = PCURVE('',#1268,#1714);
#1714 = DEFINITIONAL_REPRESENTATION('',(#1715),#1719);
#1715 = LINE('',#1716,#1717);
#1716 = CARTESIAN_POINT('',(6.28318530718,-5.684341886081E-14));
#1717 = VECTOR('',#1718,1.);
#1718 = DIRECTION('',(0.,1.));
#1719 = ( GEOMETRIC_REPRESENTATION_CONTEXT(2) 
PARAMETRIC_REPRESENTATION_CONTEXT() REPRESENTATION_CONTEXT('2D SPACE',''
  ) );
#1720 = ORIENTED_EDGE('',*,*,#1721,.T.);
#1721 = EDGE_CURVE('',#1699,#1722,#1724,.T.);
#1722 = VERTEX_POINT('',#1723);
#1723 = CARTESIAN_POINT('',(-6.700000000005,16.069999999247,
    28.199999999996));
#1724 = SURFACE_CURVE('',#1725,(#1729,#1736),.PCURVE_S1.);
#1725 = LINE('',#1726,#1727);
#1726 = CARTESIAN_POINT('',(-6.700000000005,-16.07000000025,
    28.199999999996));
#1727 = VECTOR('',#1728,1.);
#1728 = DIRECTION('',(1.055180248732E-13,1.,-4.090706374205E-14));
#1729 = PCURVE('',#1296,#1730);
#1730 = DEFINITIONAL_REPRESENTATION('',(#1731),#1735);
#1731 = LINE('',#1732,#1733);
#1732 = CARTESIAN_POINT('',(-6.2,7.530000000001));
#1733 = VECTOR('',#1734,1.);
#1734 = DIRECTION('',(1.025337754187E-27,1.));
#1735 = ( GEOMETRIC_REPRESENTATION_CONTEXT(2) 
PARAMETRIC_REPRESENTATION_CONTEXT() REPRESENTATION_CONTEXT('2D SPACE',''
  ) );
#1736 = PCURVE('',#1515,#1737);
#1737 = DEFINITIONAL_REPRESENTATION('',(#1738),#1742);
#1738 = LINE('',#1739,#1740);
#1739 = CARTESIAN_POINT('',(12.129999999998,-41.7700000005));
#1740 = VECTOR('',#1741,1.);
#1741 = DIRECTION('',(3.238438349673E-16,1.));
#1742 = ( GEOMETRIC_REPRESENTATION_CONTEXT(2) 
PARAMETRIC_REPRESENTATION_CONTEXT() REPRESENTATION_CONTEXT('2D SPACE',''
  ) );
#1743 = ORIENTED_EDGE('',*,*,#1744,.T.);
#1744 = EDGE_CURVE('',#1722,#1745,#1747,.T.);
#1745 = VERTEX_POINT('',#1746);
#1746 = CARTESIAN_POINT('',(-12.9,16.069999999247,28.199999999996));
#1747 = SURFACE_CURVE('',#1748,(#1752,#1759),.PCURVE_S1.);
#1748 = LINE('',#1749,#1750);
#1749 = CARTESIAN_POINT('',(38.299999999995,16.069999999247,
    28.199999999996));
#1750 = VECTOR('',#1751,1.);
#1751 = DIRECTION('',(-1.,1.055180248732E-13,-2.517430708338E-14));
#1752 = PCURVE('',#1296,#1753);
#1753 = DEFINITIONAL_REPRESENTATION('',(#1754),#1758);
#1754 = LINE('',#1755,#1756);
#1755 = CARTESIAN_POINT('',(-51.19999999999,39.669999999505));
#1756 = VECTOR('',#1757,1.);
#1757 = DIRECTION('',(1.,2.974021020506E-30));
#1758 = ( GEOMETRIC_REPRESENTATION_CONTEXT(2) 
PARAMETRIC_REPRESENTATION_CONTEXT() REPRESENTATION_CONTEXT('2D SPACE',''
  ) );
#1759 = PCURVE('',#1760,#1765);
#1760 = CYLINDRICAL_SURFACE('',#1761,2.5);
#1761 = AXIS2_PLACEMENT_3D('',#1762,#1763,#1764);
#1762 = CARTESIAN_POINT('',(38.299999999995,16.069999999247,
    25.699999999996));
#1763 = DIRECTION('',(-1.,1.055180248732E-13,-2.517430708338E-14));
#1764 = DIRECTION('',(-2.517430708338E-14,4.123090757702E-14,1.));
#1765 = DEFINITIONAL_REPRESENTATION('',(#1766),#1770);
#1766 = LINE('',#1767,#1768);
#1767 = CARTESIAN_POINT('',(0.,-5.684341886081E-14));
#1768 = VECTOR('',#1769,1.);
#1769 = DIRECTION('',(0.,1.));
#1770 = ( GEOMETRIC_REPRESENTATION_CONTEXT(2) 
PARAMETRIC_REPRESENTATION_CONTEXT() REPRESENTATION_CONTEXT('2D SPACE',''
  ) );
#1771 = ORIENTED_EDGE('',*,*,#1772,.F.);
#1772 = EDGE_CURVE('',#1650,#1745,#1773,.T.);
#1773 = SURFACE_CURVE('',#1774,(#1778,#1785),.PCURVE_S1.);
#1774 = LINE('',#1775,#1776);
#1775 = CARTESIAN_POINT('',(-12.9,-23.60000000025,28.199999999996));
#1776 = VECTOR('',#1777,1.);
#1777 = DIRECTION('',(-1.055180248732E-13,-1.,4.123090757701E-14));
#1778 = PCURVE('',#1296,#1779);
#1779 = DEFINITIONAL_REPRESENTATION('',(#1780),#1784);
#1780 = LINE('',#1781,#1782);
#1781 = CARTESIAN_POINT('',(0.,0.));
#1782 = VECTOR('',#1783,1.);
#1783 = DIRECTION('',(-1.03795952867E-27,-1.));
#1784 = ( GEOMETRIC_REPRESENTATION_CONTEXT(2) 
PARAMETRIC_REPRESENTATION_CONTEXT() REPRESENTATION_CONTEXT('2D SPACE',''
  ) );
#1785 = PCURVE('',#280,#1786);
#1786 = DEFINITIONAL_REPRESENTATION('',(#1787),#1791);
#1787 = LINE('',#1788,#1789);
#1788 = CARTESIAN_POINT('',(-51.79999999999,-47.1999999995));
#1789 = VECTOR('',#1790,1.);
#1790 = DIRECTION('',(7.345872749418E-27,-1.));
#1791 = ( GEOMETRIC_REPRESENTATION_CONTEXT(2) 
PARAMETRIC_REPRESENTATION_CONTEXT() REPRESENTATION_CONTEXT('2D SPACE',''
  ) );
#1792 = ORIENTED_EDGE('',*,*,#1649,.T.);
#1793 = ORIENTED_EDGE('',*,*,#1794,.T.);
#1794 = EDGE_CURVE('',#1626,#1795,#1797,.T.);
#1795 = VERTEX_POINT('',#1796);
#1796 = CARTESIAN_POINT('',(-17.7,-23.60000000025,28.199999999996));
#1797 = SURFACE_CURVE('',#1798,(#1802,#1809),.PCURVE_S1.);
#1798 = LINE('',#1799,#1800);
#1799 = CARTESIAN_POINT('',(-17.7,-23.60000000025,28.199999999996));
#1800 = VECTOR('',#1801,1.);
#1801 = DIRECTION('',(-1.055180248732E-13,-1.,4.123090757701E-14));
#1802 = PCURVE('',#1296,#1803);
#1803 = DEFINITIONAL_REPRESENTATION('',(#1804),#1808);
#1804 = LINE('',#1805,#1806);
#1805 = CARTESIAN_POINT('',(4.799999999999,-5.064865193913E-13));
#1806 = VECTOR('',#1807,1.);
#1807 = DIRECTION('',(-1.03795952867E-27,-1.));
#1808 = ( GEOMETRIC_REPRESENTATION_CONTEXT(2) 
PARAMETRIC_REPRESENTATION_CONTEXT() REPRESENTATION_CONTEXT('2D SPACE',''
  ) );
#1809 = PCURVE('',#66,#1810);
#1810 = DEFINITIONAL_REPRESENTATION('',(#1811),#1815);
#1811 = LINE('',#1812,#1813);
#1812 = CARTESIAN_POINT('',(-51.79999999999,-47.1999999995));
#1813 = VECTOR('',#1814,1.);
#1814 = DIRECTION('',(7.345872749418E-27,-1.));
#1815 = ( GEOMETRIC_REPRESENTATION_CONTEXT(2) 
PARAMETRIC_REPRESENTATION_CONTEXT() REPRESENTATION_CONTEXT('2D SPACE',''
  ) );
#1816 = ORIENTED_EDGE('',*,*,#1817,.F.);
#1817 = EDGE_CURVE('',#1281,#1795,#1818,.T.);
#1818 = SURFACE_CURVE('',#1819,(#1823,#1830),.PCURVE_S1.);
#1819 = LINE('',#1820,#1821);
#1820 = CARTESIAN_POINT('',(-12.9,-23.60000000025,28.199999999996));
#1821 = VECTOR('',#1822,1.);
#1822 = DIRECTION('',(-1.,1.055180248732E-13,-2.517430708338E-14));
#1823 = PCURVE('',#1296,#1824);
#1824 = DEFINITIONAL_REPRESENTATION('',(#1825),#1829);
#1825 = LINE('',#1826,#1827);
#1826 = CARTESIAN_POINT('',(0.,0.));
#1827 = VECTOR('',#1828,1.);
#1828 = DIRECTION('',(1.,2.974021020506E-30));
#1829 = ( GEOMETRIC_REPRESENTATION_CONTEXT(2) 
PARAMETRIC_REPRESENTATION_CONTEXT() REPRESENTATION_CONTEXT('2D SPACE',''
  ) );
#1830 = PCURVE('',#1325,#1831);
#1831 = DEFINITIONAL_REPRESENTATION('',(#1832),#1836);
#1832 = LINE('',#1833,#1834);
#1833 = CARTESIAN_POINT('',(6.28318530718,-1.136868377216E-13));
#1834 = VECTOR('',#1835,1.);
#1835 = DIRECTION('',(0.,1.));
#1836 = ( GEOMETRIC_REPRESENTATION_CONTEXT(2) 
PARAMETRIC_REPRESENTATION_CONTEXT() REPRESENTATION_CONTEXT('2D SPACE',''
  ) );
#1837 = ORIENTED_EDGE('',*,*,#1280,.F.);
#1838 = ADVANCED_FACE('',(#1839),#1325,.T.);
#1839 = FACE_BOUND('',#1840,.T.);
#1840 = EDGE_LOOP('',(#1841,#1865,#1886,#1887));
#1841 = ORIENTED_EDGE('',*,*,#1842,.T.);
#1842 = EDGE_CURVE('',#1795,#1843,#1845,.T.);
#1843 = VERTEX_POINT('',#1844);
#1844 = CARTESIAN_POINT('',(-17.7,-28.20000000025,23.600000000006));
#1845 = SURFACE_CURVE('',#1846,(#1851,#1858),.PCURVE_S1.);
#1846 = CIRCLE('',#1847,4.6);
#1847 = AXIS2_PLACEMENT_3D('',#1848,#1849,#1850);
#1848 = CARTESIAN_POINT('',(-17.7,-23.60000000025,23.600000000006));
#1849 = DIRECTION('',(1.,-1.055180248732E-13,2.517430708338E-14));
#1850 = DIRECTION('',(-2.517430708338E-14,4.123090757702E-14,1.));
#1851 = PCURVE('',#1325,#1852);
#1852 = DEFINITIONAL_REPRESENTATION('',(#1853),#1857);
#1853 = LINE('',#1854,#1855);
#1854 = CARTESIAN_POINT('',(6.28318530718,4.799999999999));
#1855 = VECTOR('',#1856,1.);
#1856 = DIRECTION('',(-1.,-4.52345554697E-15));
#1857 = ( GEOMETRIC_REPRESENTATION_CONTEXT(2) 
PARAMETRIC_REPRESENTATION_CONTEXT() REPRESENTATION_CONTEXT('2D SPACE',''
  ) );
#1858 = PCURVE('',#66,#1859);
#1859 = DEFINITIONAL_REPRESENTATION('',(#1860),#1864);
#1860 = CIRCLE('',#1861,4.6);
#1861 = AXIS2_PLACEMENT_2D('',#1862,#1863);
#1862 = CARTESIAN_POINT('',(-47.2,-47.1999999995));
#1863 = DIRECTION('',(-1.,0.));
#1864 = ( GEOMETRIC_REPRESENTATION_CONTEXT(2) 
PARAMETRIC_REPRESENTATION_CONTEXT() REPRESENTATION_CONTEXT('2D SPACE',''
  ) );
#1865 = ORIENTED_EDGE('',*,*,#1866,.F.);
#1866 = EDGE_CURVE('',#1309,#1843,#1867,.T.);
#1867 = SURFACE_CURVE('',#1868,(#1872,#1879),.PCURVE_S1.);
#1868 = LINE('',#1869,#1870);
#1869 = CARTESIAN_POINT('',(-12.9,-28.20000000025,23.600000000006));
#1870 = VECTOR('',#1871,1.);
#1871 = DIRECTION('',(-1.,1.055180248732E-13,-2.517430708338E-14));
#1872 = PCURVE('',#1325,#1873);
#1873 = DEFINITIONAL_REPRESENTATION('',(#1874),#1878);
#1874 = LINE('',#1875,#1876);
#1875 = CARTESIAN_POINT('',(4.712388980385,-4.902744876745E-13));
#1876 = VECTOR('',#1877,1.);
#1877 = DIRECTION('',(0.,1.));
#1878 = ( GEOMETRIC_REPRESENTATION_CONTEXT(2) 
PARAMETRIC_REPRESENTATION_CONTEXT() REPRESENTATION_CONTEXT('2D SPACE',''
  ) );
#1879 = PCURVE('',#1063,#1880);
#1880 = DEFINITIONAL_REPRESENTATION('',(#1881),#1885);
#1881 = LINE('',#1882,#1883);
#1882 = CARTESIAN_POINT('',(-47.20000000001,8.809108997809E-12));
#1883 = VECTOR('',#1884,1.);
#1884 = DIRECTION('',(-4.335579535095E-27,1.));
#1885 = ( GEOMETRIC_REPRESENTATION_CONTEXT(2) 
PARAMETRIC_REPRESENTATION_CONTEXT() REPRESENTATION_CONTEXT('2D SPACE',''
  ) );
#1886 = ORIENTED_EDGE('',*,*,#1308,.F.);
#1887 = ORIENTED_EDGE('',*,*,#1817,.T.);
#1888 = ADVANCED_FACE('',(#1889),#1063,.F.);
#1889 = FACE_BOUND('',#1890,.T.);
#1890 = EDGE_LOOP('',(#1891,#1914,#1937,#1958,#1959,#1960,#1983,#2004));
#1891 = ORIENTED_EDGE('',*,*,#1892,.F.);
#1892 = EDGE_CURVE('',#1893,#1019,#1895,.T.);
#1893 = VERTEX_POINT('',#1894);
#1894 = CARTESIAN_POINT('',(-6.699999999996,-28.20000000025,-16.07));
#1895 = SURFACE_CURVE('',#1896,(#1900,#1907),.PCURVE_S1.);
#1896 = LINE('',#1897,#1898);
#1897 = CARTESIAN_POINT('',(38.300000000004,-28.20000000025,-16.07));
#1898 = VECTOR('',#1899,1.);
#1899 = DIRECTION('',(-1.,1.055180248732E-13,-2.517430708338E-14));
#1900 = PCURVE('',#1063,#1901);
#1901 = DEFINITIONAL_REPRESENTATION('',(#1902),#1906);
#1902 = LINE('',#1903,#1904);
#1903 = CARTESIAN_POINT('',(-7.529999999999,-51.2));
#1904 = VECTOR('',#1905,1.);
#1905 = DIRECTION('',(-4.335579535095E-27,1.));
#1906 = ( GEOMETRIC_REPRESENTATION_CONTEXT(2) 
PARAMETRIC_REPRESENTATION_CONTEXT() REPRESENTATION_CONTEXT('2D SPACE',''
  ) );
#1907 = PCURVE('',#1035,#1908);
#1908 = DEFINITIONAL_REPRESENTATION('',(#1909),#1913);
#1909 = LINE('',#1910,#1911);
#1910 = CARTESIAN_POINT('',(4.712388980385,-2.629008122312E-13));
#1911 = VECTOR('',#1912,1.);
#1912 = DIRECTION('',(0.,1.));
#1913 = ( GEOMETRIC_REPRESENTATION_CONTEXT(2) 
PARAMETRIC_REPRESENTATION_CONTEXT() REPRESENTATION_CONTEXT('2D SPACE',''
  ) );
#1914 = ORIENTED_EDGE('',*,*,#1915,.T.);
#1915 = EDGE_CURVE('',#1893,#1916,#1918,.T.);
#1916 = VERTEX_POINT('',#1917);
#1917 = CARTESIAN_POINT('',(-6.700000000005,-28.20000000025,
    16.069999999996));
#1918 = SURFACE_CURVE('',#1919,(#1923,#1930),.PCURVE_S1.);
#1919 = LINE('',#1920,#1921);
#1920 = CARTESIAN_POINT('',(-6.699999999996,-28.20000000025,-16.07));
#1921 = VECTOR('',#1922,1.);
#1922 = DIRECTION('',(-2.517430708338E-14,4.047527196209E-14,1.));
#1923 = PCURVE('',#1063,#1924);
#1924 = DEFINITIONAL_REPRESENTATION('',(#1925),#1929);
#1925 = LINE('',#1926,#1927);
#1926 = CARTESIAN_POINT('',(-7.53,-6.2));
#1927 = VECTOR('',#1928,1.);
#1928 = DIRECTION('',(-1.,-6.310887241768E-29));
#1929 = ( GEOMETRIC_REPRESENTATION_CONTEXT(2) 
PARAMETRIC_REPRESENTATION_CONTEXT() REPRESENTATION_CONTEXT('2D SPACE',''
  ) );
#1930 = PCURVE('',#1515,#1931);
#1931 = DEFINITIONAL_REPRESENTATION('',(#1932),#1936);
#1932 = LINE('',#1933,#1934);
#1933 = CARTESIAN_POINT('',(-32.14,-53.90000000049));
#1934 = VECTOR('',#1935,1.);
#1935 = DIRECTION('',(1.,-7.5563561493E-16));
#1936 = ( GEOMETRIC_REPRESENTATION_CONTEXT(2) 
PARAMETRIC_REPRESENTATION_CONTEXT() REPRESENTATION_CONTEXT('2D SPACE',''
  ) );
#1937 = ORIENTED_EDGE('',*,*,#1938,.T.);
#1938 = EDGE_CURVE('',#1916,#1134,#1939,.T.);
#1939 = SURFACE_CURVE('',#1940,(#1944,#1951),.PCURVE_S1.);
#1940 = LINE('',#1941,#1942);
#1941 = CARTESIAN_POINT('',(38.299999999995,-28.20000000025,
    16.069999999996));
#1942 = VECTOR('',#1943,1.);
#1943 = DIRECTION('',(-1.,1.055180248732E-13,-2.517430708338E-14));
#1944 = PCURVE('',#1063,#1945);
#1945 = DEFINITIONAL_REPRESENTATION('',(#1946),#1950);
#1946 = LINE('',#1947,#1948);
#1947 = CARTESIAN_POINT('',(-39.66999999999,-51.19999999999));
#1948 = VECTOR('',#1949,1.);
#1949 = DIRECTION('',(-4.335579535095E-27,1.));
#1950 = ( GEOMETRIC_REPRESENTATION_CONTEXT(2) 
PARAMETRIC_REPRESENTATION_CONTEXT() REPRESENTATION_CONTEXT('2D SPACE',''
  ) );
#1951 = PCURVE('',#1150,#1952);
#1952 = DEFINITIONAL_REPRESENTATION('',(#1953),#1957);
#1953 = LINE('',#1954,#1955);
#1954 = CARTESIAN_POINT('',(4.712388980385,-2.629008122312E-13));
#1955 = VECTOR('',#1956,1.);
#1956 = DIRECTION('',(0.,1.));
#1957 = ( GEOMETRIC_REPRESENTATION_CONTEXT(2) 
PARAMETRIC_REPRESENTATION_CONTEXT() REPRESENTATION_CONTEXT('2D SPACE',''
  ) );
#1958 = ORIENTED_EDGE('',*,*,#1337,.F.);
#1959 = ORIENTED_EDGE('',*,*,#1866,.T.);
#1960 = ORIENTED_EDGE('',*,*,#1961,.T.);
#1961 = EDGE_CURVE('',#1843,#1962,#1964,.T.);
#1962 = VERTEX_POINT('',#1963);
#1963 = CARTESIAN_POINT('',(-17.69999999999,-28.20000000025,-23.6));
#1964 = SURFACE_CURVE('',#1965,(#1969,#1976),.PCURVE_S1.);
#1965 = LINE('',#1966,#1967);
#1966 = CARTESIAN_POINT('',(-17.69999999999,-28.20000000025,-23.6));
#1967 = VECTOR('',#1968,1.);
#1968 = DIRECTION('',(2.517430708338E-14,-4.108389711295E-14,-1.));
#1969 = PCURVE('',#1063,#1970);
#1970 = DEFINITIONAL_REPRESENTATION('',(#1971),#1975);
#1971 = LINE('',#1972,#1973);
#1972 = CARTESIAN_POINT('',(-1.208366740002E-13,4.8));
#1973 = VECTOR('',#1974,1.);
#1974 = DIRECTION('',(1.,0.));
#1975 = ( GEOMETRIC_REPRESENTATION_CONTEXT(2) 
PARAMETRIC_REPRESENTATION_CONTEXT() REPRESENTATION_CONTEXT('2D SPACE',''
  ) );
#1976 = PCURVE('',#66,#1977);
#1977 = DEFINITIONAL_REPRESENTATION('',(#1978),#1982);
#1978 = LINE('',#1979,#1980);
#1979 = CARTESIAN_POINT('',(2.135761012469E-12,-51.7999999995));
#1980 = VECTOR('',#1981,1.);
#1981 = DIRECTION('',(1.,1.4701046407E-16));
#1982 = ( GEOMETRIC_REPRESENTATION_CONTEXT(2) 
PARAMETRIC_REPRESENTATION_CONTEXT() REPRESENTATION_CONTEXT('2D SPACE',''
  ) );
#1983 = ORIENTED_EDGE('',*,*,#1984,.F.);
#1984 = EDGE_CURVE('',#1048,#1962,#1985,.T.);
#1985 = SURFACE_CURVE('',#1986,(#1990,#1997),.PCURVE_S1.);
#1986 = LINE('',#1987,#1988);
#1987 = CARTESIAN_POINT('',(-12.89999999999,-28.20000000025,-23.6));
#1988 = VECTOR('',#1989,1.);
#1989 = DIRECTION('',(-1.,1.055180248732E-13,-2.517430708338E-14));
#1990 = PCURVE('',#1063,#1991);
#1991 = DEFINITIONAL_REPRESENTATION('',(#1992),#1996);
#1992 = LINE('',#1993,#1994);
#1993 = CARTESIAN_POINT('',(0.,0.));
#1994 = VECTOR('',#1995,1.);
#1995 = DIRECTION('',(-4.335579535095E-27,1.));
#1996 = ( GEOMETRIC_REPRESENTATION_CONTEXT(2) 
PARAMETRIC_REPRESENTATION_CONTEXT() REPRESENTATION_CONTEXT('2D SPACE',''
  ) );
#1997 = PCURVE('',#1092,#1998);
#1998 = DEFINITIONAL_REPRESENTATION('',(#1999),#2003);
#1999 = LINE('',#2000,#2001);
#2000 = CARTESIAN_POINT('',(4.712388980385,-4.902744876745E-13));
#2001 = VECTOR('',#2002,1.);
#2002 = DIRECTION('',(0.,1.));
#2003 = ( GEOMETRIC_REPRESENTATION_CONTEXT(2) 
PARAMETRIC_REPRESENTATION_CONTEXT() REPRESENTATION_CONTEXT('2D SPACE',''
  ) );
#2004 = ORIENTED_EDGE('',*,*,#1047,.F.);
#2005 = ADVANCED_FACE('',(#2006),#1092,.T.);
#2006 = FACE_BOUND('',#2007,.T.);
#2007 = EDGE_LOOP('',(#2008,#2032,#2053,#2054));
#2008 = ORIENTED_EDGE('',*,*,#2009,.T.);
#2009 = EDGE_CURVE('',#1962,#2010,#2012,.T.);
#2010 = VERTEX_POINT('',#2011);
#2011 = CARTESIAN_POINT('',(-17.69999999999,-23.60000000025,
    -28.19999999999));
#2012 = SURFACE_CURVE('',#2013,(#2018,#2025),.PCURVE_S1.);
#2013 = CIRCLE('',#2014,4.6);
#2014 = AXIS2_PLACEMENT_3D('',#2015,#2016,#2017);
#2015 = CARTESIAN_POINT('',(-17.69999999999,-23.60000000025,-23.6));
#2016 = DIRECTION('',(1.,-1.055180248732E-13,2.517430708338E-14));
#2017 = DIRECTION('',(2.517430708338E-14,-4.123090757702E-14,-1.));
#2018 = PCURVE('',#1092,#2019);
#2019 = DEFINITIONAL_REPRESENTATION('',(#2020),#2024);
#2020 = LINE('',#2021,#2022);
#2021 = CARTESIAN_POINT('',(9.424777960769,4.8));
#2022 = VECTOR('',#2023,1.);
#2023 = DIRECTION('',(-1.,9.046911093941E-15));
#2024 = ( GEOMETRIC_REPRESENTATION_CONTEXT(2) 
PARAMETRIC_REPRESENTATION_CONTEXT() REPRESENTATION_CONTEXT('2D SPACE',''
  ) );
#2025 = PCURVE('',#66,#2026);
#2026 = DEFINITIONAL_REPRESENTATION('',(#2027),#2031);
#2027 = CIRCLE('',#2028,4.6);
#2028 = AXIS2_PLACEMENT_2D('',#2029,#2030);
#2029 = CARTESIAN_POINT('',(1.946098837615E-12,-47.1999999995));
#2030 = DIRECTION('',(1.,0.));
#2031 = ( GEOMETRIC_REPRESENTATION_CONTEXT(2) 
PARAMETRIC_REPRESENTATION_CONTEXT() REPRESENTATION_CONTEXT('2D SPACE',''
  ) );
#2032 = ORIENTED_EDGE('',*,*,#2033,.F.);
#2033 = EDGE_CURVE('',#1076,#2010,#2034,.T.);
#2034 = SURFACE_CURVE('',#2035,(#2039,#2046),.PCURVE_S1.);
#2035 = LINE('',#2036,#2037);
#2036 = CARTESIAN_POINT('',(-12.89999999999,-23.60000000025,
    -28.19999999999));
#2037 = VECTOR('',#2038,1.);
#2038 = DIRECTION('',(-1.,1.055180248732E-13,-2.517430708338E-14));
#2039 = PCURVE('',#1092,#2040);
#2040 = DEFINITIONAL_REPRESENTATION('',(#2041),#2045);
#2041 = LINE('',#2042,#2043);
#2042 = CARTESIAN_POINT('',(3.14159265359,1.207922650792E-13));
#2043 = VECTOR('',#2044,1.);
#2044 = DIRECTION('',(5.181040781584E-15,1.));
#2045 = ( GEOMETRIC_REPRESENTATION_CONTEXT(2) 
PARAMETRIC_REPRESENTATION_CONTEXT() REPRESENTATION_CONTEXT('2D SPACE',''
  ) );
#2046 = PCURVE('',#825,#2047);
#2047 = DEFINITIONAL_REPRESENTATION('',(#2048),#2052);
#2048 = LINE('',#2049,#2050);
#2049 = CARTESIAN_POINT('',(0.,0.));
#2050 = VECTOR('',#2051,1.);
#2051 = DIRECTION('',(-1.,2.974021020506E-30));
#2052 = ( GEOMETRIC_REPRESENTATION_CONTEXT(2) 
PARAMETRIC_REPRESENTATION_CONTEXT() REPRESENTATION_CONTEXT('2D SPACE',''
  ) );
#2053 = ORIENTED_EDGE('',*,*,#1075,.F.);
#2054 = ORIENTED_EDGE('',*,*,#1984,.T.);
#2055 = ADVANCED_FACE('',(#2056),#825,.F.);
#2056 = FACE_BOUND('',#2057,.T.);
#2057 = EDGE_LOOP('',(#2058,#2081,#2104,#2125,#2126,#2127,#2148,#2149));
#2058 = ORIENTED_EDGE('',*,*,#2059,.F.);
#2059 = EDGE_CURVE('',#2060,#781,#2062,.T.);
#2060 = VERTEX_POINT('',#2061);
#2061 = CARTESIAN_POINT('',(-6.699999999996,16.069999999247,-28.2));
#2062 = SURFACE_CURVE('',#2063,(#2067,#2074),.PCURVE_S1.);
#2063 = LINE('',#2064,#2065);
#2064 = CARTESIAN_POINT('',(38.300000000004,16.069999999247,-28.2));
#2065 = VECTOR('',#2066,1.);
#2066 = DIRECTION('',(-1.,1.055180248732E-13,-2.517430708338E-14));
#2067 = PCURVE('',#825,#2068);
#2068 = DEFINITIONAL_REPRESENTATION('',(#2069),#2073);
#2069 = LINE('',#2070,#2071);
#2070 = CARTESIAN_POINT('',(51.199999999996,39.669999999505));
#2071 = VECTOR('',#2072,1.);
#2072 = DIRECTION('',(-1.,2.974021020506E-30));
#2073 = ( GEOMETRIC_REPRESENTATION_CONTEXT(2) 
PARAMETRIC_REPRESENTATION_CONTEXT() REPRESENTATION_CONTEXT('2D SPACE',''
  ) );
#2074 = PCURVE('',#797,#2075);
#2075 = DEFINITIONAL_REPRESENTATION('',(#2076),#2080);
#2076 = LINE('',#2077,#2078);
#2077 = CARTESIAN_POINT('',(3.14159265359,7.105427357601E-14));
#2078 = VECTOR('',#2079,1.);
#2079 = DIRECTION('',(0.,1.));
#2080 = ( GEOMETRIC_REPRESENTATION_CONTEXT(2) 
PARAMETRIC_REPRESENTATION_CONTEXT() REPRESENTATION_CONTEXT('2D SPACE',''
  ) );
#2081 = ORIENTED_EDGE('',*,*,#2082,.T.);
#2082 = EDGE_CURVE('',#2060,#2083,#2085,.T.);
#2083 = VERTEX_POINT('',#2084);
#2084 = CARTESIAN_POINT('',(-6.699999999996,-16.07000000025,
    -28.19999999999));
#2085 = SURFACE_CURVE('',#2086,(#2090,#2097),.PCURVE_S1.);
#2086 = LINE('',#2087,#2088);
#2087 = CARTESIAN_POINT('',(-6.699999999996,16.069999999247,-28.2));
#2088 = VECTOR('',#2089,1.);
#2089 = DIRECTION('',(-1.055180248732E-13,-1.,4.198654319194E-14));
#2090 = PCURVE('',#825,#2091);
#2091 = DEFINITIONAL_REPRESENTATION('',(#2092),#2096);
#2092 = LINE('',#2093,#2094);
#2093 = CARTESIAN_POINT('',(6.199999999996,39.669999999501));
#2094 = VECTOR('',#2095,1.);
#2095 = DIRECTION('',(1.063203077638E-27,-1.));
#2096 = ( GEOMETRIC_REPRESENTATION_CONTEXT(2) 
PARAMETRIC_REPRESENTATION_CONTEXT() REPRESENTATION_CONTEXT('2D SPACE',''
  ) );
#2097 = PCURVE('',#1515,#2098);
#2098 = DEFINITIONAL_REPRESENTATION('',(#2099),#2103);
#2099 = LINE('',#2100,#2101);
#2100 = CARTESIAN_POINT('',(-44.27,-9.630000000998));
#2101 = VECTOR('',#2102,1.);
#2102 = DIRECTION('',(7.556356149227E-16,-1.));
#2103 = ( GEOMETRIC_REPRESENTATION_CONTEXT(2) 
PARAMETRIC_REPRESENTATION_CONTEXT() REPRESENTATION_CONTEXT('2D SPACE',''
  ) );
#2104 = ORIENTED_EDGE('',*,*,#2105,.T.);
#2105 = EDGE_CURVE('',#2083,#901,#2106,.T.);
#2106 = SURFACE_CURVE('',#2107,(#2111,#2118),.PCURVE_S1.);
#2107 = LINE('',#2108,#2109);
#2108 = CARTESIAN_POINT('',(38.300000000004,-16.07000000025,
    -28.19999999999));
#2109 = VECTOR('',#2110,1.);
#2110 = DIRECTION('',(-1.,1.055180248732E-13,-2.517430708338E-14));
#2111 = PCURVE('',#825,#2112);
#2112 = DEFINITIONAL_REPRESENTATION('',(#2113),#2117);
#2113 = LINE('',#2114,#2115);
#2114 = CARTESIAN_POINT('',(51.199999999999,7.530000000005));
#2115 = VECTOR('',#2116,1.);
#2116 = DIRECTION('',(-1.,2.974021020506E-30));
#2117 = ( GEOMETRIC_REPRESENTATION_CONTEXT(2) 
PARAMETRIC_REPRESENTATION_CONTEXT() REPRESENTATION_CONTEXT('2D SPACE',''
  ) );
#2118 = PCURVE('',#917,#2119);
#2119 = DEFINITIONAL_REPRESENTATION('',(#2120),#2124);
#2120 = LINE('',#2121,#2122);
#2121 = CARTESIAN_POINT('',(3.14159265359,7.105427357601E-14));
#2122 = VECTOR('',#2123,1.);
#2123 = DIRECTION('',(0.,1.));
#2124 = ( GEOMETRIC_REPRESENTATION_CONTEXT(2) 
PARAMETRIC_REPRESENTATION_CONTEXT() REPRESENTATION_CONTEXT('2D SPACE',''
  ) );
#2125 = ORIENTED_EDGE('',*,*,#1104,.F.);
#2126 = ORIENTED_EDGE('',*,*,#2033,.T.);
#2127 = ORIENTED_EDGE('',*,*,#2128,.T.);
#2128 = EDGE_CURVE('',#2010,#1398,#2129,.T.);
#2129 = SURFACE_CURVE('',#2130,(#2134,#2141),.PCURVE_S1.);
#2130 = LINE('',#2131,#2132);
#2131 = CARTESIAN_POINT('',(-17.69999999999,-23.60000000025,
    -28.19999999999));
#2132 = VECTOR('',#2133,1.);
#2133 = DIRECTION('',(1.055180248732E-13,1.,-4.123090757701E-14));
#2134 = PCURVE('',#825,#2135);
#2135 = DEFINITIONAL_REPRESENTATION('',(#2136),#2140);
#2136 = LINE('',#2137,#2138);
#2137 = CARTESIAN_POINT('',(-4.8,-5.064865193914E-13));
#2138 = VECTOR('',#2139,1.);
#2139 = DIRECTION('',(-1.03795952867E-27,1.));
#2140 = ( GEOMETRIC_REPRESENTATION_CONTEXT(2) 
PARAMETRIC_REPRESENTATION_CONTEXT() REPRESENTATION_CONTEXT('2D SPACE',''
  ) );
#2141 = PCURVE('',#66,#2142);
#2142 = DEFINITIONAL_REPRESENTATION('',(#2143),#2147);
#2143 = LINE('',#2144,#2145);
#2144 = CARTESIAN_POINT('',(4.599999999992,-47.1999999995));
#2145 = VECTOR('',#2146,1.);
#2146 = DIRECTION('',(-7.345872749418E-27,1.));
#2147 = ( GEOMETRIC_REPRESENTATION_CONTEXT(2) 
PARAMETRIC_REPRESENTATION_CONTEXT() REPRESENTATION_CONTEXT('2D SPACE',''
  ) );
#2148 = ORIENTED_EDGE('',*,*,#1445,.F.);
#2149 = ORIENTED_EDGE('',*,*,#809,.F.);
#2150 = ADVANCED_FACE('',(#2151,#2291),#280,.T.);
#2151 = FACE_BOUND('',#2152,.T.);
#2152 = EDGE_LOOP('',(#2153,#2177,#2178,#2179,#2180,#2204,#2232,#2265));
#2153 = ORIENTED_EDGE('',*,*,#2154,.F.);
#2154 = EDGE_CURVE('',#1472,#2155,#2157,.T.);
#2155 = VERTEX_POINT('',#2156);
#2156 = CARTESIAN_POINT('',(-12.9,25.700000000247,18.569999999996));
#2157 = SURFACE_CURVE('',#2158,(#2163,#2170),.PCURVE_S1.);
#2158 = CIRCLE('',#2159,2.5);
#2159 = AXIS2_PLACEMENT_3D('',#2160,#2161,#2162);
#2160 = CARTESIAN_POINT('',(-12.9,25.700000000247,16.069999999996));
#2161 = DIRECTION('',(1.,-1.055180248732E-13,2.517430708338E-14));
#2162 = DIRECTION('',(-2.517430708338E-14,4.123090757702E-14,1.));
#2163 = PCURVE('',#280,#2164);
#2164 = DEFINITIONAL_REPRESENTATION('',(#2165),#2169);
#2165 = CIRCLE('',#2166,2.5);
#2166 = AXIS2_PLACEMENT_2D('',#2167,#2168);
#2167 = CARTESIAN_POINT('',(-39.67,2.100000000998));
#2168 = DIRECTION('',(-1.,0.));
#2169 = ( GEOMETRIC_REPRESENTATION_CONTEXT(2) 
PARAMETRIC_REPRESENTATION_CONTEXT() REPRESENTATION_CONTEXT('2D SPACE',''
  ) );
#2170 = PCURVE('',#1487,#2171);
#2171 = DEFINITIONAL_REPRESENTATION('',(#2172),#2176);
#2172 = LINE('',#2173,#2174);
#2173 = CARTESIAN_POINT('',(6.283185307179,51.200000000001));
#2174 = VECTOR('',#2175,1.);
#2175 = DIRECTION('',(-1.,0.));
#2176 = ( GEOMETRIC_REPRESENTATION_CONTEXT(2) 
PARAMETRIC_REPRESENTATION_CONTEXT() REPRESENTATION_CONTEXT('2D SPACE',''
  ) );
#2177 = ORIENTED_EDGE('',*,*,#1601,.T.);
#2178 = ORIENTED_EDGE('',*,*,#1672,.T.);
#2179 = ORIENTED_EDGE('',*,*,#1772,.T.);
#2180 = ORIENTED_EDGE('',*,*,#2181,.F.);
#2181 = EDGE_CURVE('',#2182,#1745,#2184,.T.);
#2182 = VERTEX_POINT('',#2183);
#2183 = CARTESIAN_POINT('',(-12.9,18.569999999247,25.699999999996));
#2184 = SURFACE_CURVE('',#2185,(#2190,#2197),.PCURVE_S1.);
#2185 = CIRCLE('',#2186,2.5);
#2186 = AXIS2_PLACEMENT_3D('',#2187,#2188,#2189);
#2187 = CARTESIAN_POINT('',(-12.9,16.069999999247,25.699999999996));
#2188 = DIRECTION('',(1.,-1.055180248732E-13,2.517430708338E-14));
#2189 = DIRECTION('',(2.517430708338E-14,-4.123090757702E-14,-1.));
#2190 = PCURVE('',#280,#2191);
#2191 = DEFINITIONAL_REPRESENTATION('',(#2192),#2196);
#2192 = CIRCLE('',#2193,2.5);
#2193 = AXIS2_PLACEMENT_2D('',#2194,#2195);
#2194 = CARTESIAN_POINT('',(-49.3,-7.530000000002));
#2195 = DIRECTION('',(1.,0.));
#2196 = ( GEOMETRIC_REPRESENTATION_CONTEXT(2) 
PARAMETRIC_REPRESENTATION_CONTEXT() REPRESENTATION_CONTEXT('2D SPACE',''
  ) );
#2197 = PCURVE('',#1760,#2198);
#2198 = DEFINITIONAL_REPRESENTATION('',(#2199),#2203);
#2199 = LINE('',#2200,#2201);
#2200 = CARTESIAN_POINT('',(3.141592653589,51.200000000001));
#2201 = VECTOR('',#2202,1.);
#2202 = DIRECTION('',(-1.,0.));
#2203 = ( GEOMETRIC_REPRESENTATION_CONTEXT(2) 
PARAMETRIC_REPRESENTATION_CONTEXT() REPRESENTATION_CONTEXT('2D SPACE',''
  ) );
#2204 = ORIENTED_EDGE('',*,*,#2205,.F.);
#2205 = EDGE_CURVE('',#2206,#2182,#2208,.T.);
#2206 = VERTEX_POINT('',#2207);
#2207 = CARTESIAN_POINT('',(-12.9,18.569999999247,23.569999999996));
#2208 = SURFACE_CURVE('',#2209,(#2213,#2220),.PCURVE_S1.);
#2209 = LINE('',#2210,#2211);
#2210 = CARTESIAN_POINT('',(-12.9,18.569999999247,23.569999999996));
#2211 = VECTOR('',#2212,1.);
#2212 = DIRECTION('',(-2.517430708338E-14,4.285975591127E-14,1.));
#2213 = PCURVE('',#280,#2214);
#2214 = DEFINITIONAL_REPRESENTATION('',(#2215),#2219);
#2215 = LINE('',#2216,#2217);
#2216 = CARTESIAN_POINT('',(-47.17,-5.030000000002));
#2217 = VECTOR('',#2218,1.);
#2218 = DIRECTION('',(-1.,1.62884833425E-15));
#2219 = ( GEOMETRIC_REPRESENTATION_CONTEXT(2) 
PARAMETRIC_REPRESENTATION_CONTEXT() REPRESENTATION_CONTEXT('2D SPACE',''
  ) );
#2220 = PCURVE('',#2221,#2226);
#2221 = PLANE('',#2222);
#2222 = AXIS2_PLACEMENT_3D('',#2223,#2224,#2225);
#2223 = CARTESIAN_POINT('',(38.299999999995,18.569999999247,
    23.569999999996));
#2224 = DIRECTION('',(-1.055180248732E-13,-1.,4.285975591127E-14));
#2225 = DIRECTION('',(-2.517430708338E-14,4.285975591127E-14,1.));
#2226 = DEFINITIONAL_REPRESENTATION('',(#2227),#2231);
#2227 = LINE('',#2228,#2229);
#2228 = CARTESIAN_POINT('',(1.288924522669E-12,51.200000000001));
#2229 = VECTOR('',#2230,1.);
#2230 = DIRECTION('',(1.,0.));
#2231 = ( GEOMETRIC_REPRESENTATION_CONTEXT(2) 
PARAMETRIC_REPRESENTATION_CONTEXT() REPRESENTATION_CONTEXT('2D SPACE',''
  ) );
#2232 = ORIENTED_EDGE('',*,*,#2233,.F.);
#2233 = EDGE_CURVE('',#2234,#2206,#2236,.T.);
#2234 = VERTEX_POINT('',#2235);
#2235 = CARTESIAN_POINT('',(-12.9,23.569999999247,18.569999999996));
#2236 = SURFACE_CURVE('',#2237,(#2242,#2253),.PCURVE_S1.);
#2237 = CIRCLE('',#2238,5.);
#2238 = AXIS2_PLACEMENT_3D('',#2239,#2240,#2241);
#2239 = CARTESIAN_POINT('',(-12.9,23.569999999247,23.569999999996));
#2240 = DIRECTION('',(-1.,1.055180248732E-13,-2.517430708338E-14));
#2241 = DIRECTION('',(2.517430708338E-14,-4.123090757702E-14,-1.));
#2242 = PCURVE('',#280,#2243);
#2243 = DEFINITIONAL_REPRESENTATION('',(#2244),#2252);
#2244 = ( BOUNDED_CURVE() B_SPLINE_CURVE(2,(#2245,#2246,#2247,#2248,
#2249,#2250,#2251),.UNSPECIFIED.,.T.,.F.) B_SPLINE_CURVE_WITH_KNOTS((1,2
    ,2,2,2,1),(-2.094395102393,0.,2.094395102393,4.188790204786,
6.28318530718,8.377580409573),.UNSPECIFIED.) CURVE() 
GEOMETRIC_REPRESENTATION_ITEM() RATIONAL_B_SPLINE_CURVE((1.,0.5,1.,0.5,
1.,0.5,1.)) REPRESENTATION_ITEM('') );
#2245 = CARTESIAN_POINT('',(-42.17,-3.000000000192E-02));
#2246 = CARTESIAN_POINT('',(-42.17,-8.690254037846));
#2247 = CARTESIAN_POINT('',(-49.67,-4.360127018924));
#2248 = CARTESIAN_POINT('',(-57.17,-3.000000000192E-02));
#2249 = CARTESIAN_POINT('',(-49.67,4.30012701892));
#2250 = CARTESIAN_POINT('',(-42.17,8.630254037842));
#2251 = CARTESIAN_POINT('',(-42.17,-3.000000000192E-02));
#2252 = ( GEOMETRIC_REPRESENTATION_CONTEXT(2) 
PARAMETRIC_REPRESENTATION_CONTEXT() REPRESENTATION_CONTEXT('2D SPACE',''
  ) );
#2253 = PCURVE('',#2254,#2259);
#2254 = CYLINDRICAL_SURFACE('',#2255,5.);
#2255 = AXIS2_PLACEMENT_3D('',#2256,#2257,#2258);
#2256 = CARTESIAN_POINT('',(38.299999999995,23.569999999247,
    23.569999999996));
#2257 = DIRECTION('',(-1.,1.055180248732E-13,-2.517430708338E-14));
#2258 = DIRECTION('',(-2.517430708338E-14,4.123090757702E-14,1.));
#2259 = DEFINITIONAL_REPRESENTATION('',(#2260),#2264);
#2260 = LINE('',#2261,#2262);
#2261 = CARTESIAN_POINT('',(3.141592653591,51.200000000001));
#2262 = VECTOR('',#2263,1.);
#2263 = DIRECTION('',(1.,0.));
#2264 = ( GEOMETRIC_REPRESENTATION_CONTEXT(2) 
PARAMETRIC_REPRESENTATION_CONTEXT() REPRESENTATION_CONTEXT('2D SPACE',''
  ) );
#2265 = ORIENTED_EDGE('',*,*,#2266,.F.);
#2266 = EDGE_CURVE('',#2155,#2234,#2267,.T.);
#2267 = SURFACE_CURVE('',#2268,(#2272,#2279),.PCURVE_S1.);
#2268 = LINE('',#2269,#2270);
#2269 = CARTESIAN_POINT('',(-12.9,23.569999999247,18.569999999996));
#2270 = VECTOR('',#2271,1.);
#2271 = DIRECTION('',(-1.055180248732E-13,-1.,4.123090757701E-14));
#2272 = PCURVE('',#280,#2273);
#2273 = DEFINITIONAL_REPRESENTATION('',(#2274),#2278);
#2274 = LINE('',#2275,#2276);
#2275 = CARTESIAN_POINT('',(-42.17,-3.000000000171E-02));
#2276 = VECTOR('',#2277,1.);
#2277 = DIRECTION('',(7.345872749418E-27,-1.));
#2278 = ( GEOMETRIC_REPRESENTATION_CONTEXT(2) 
PARAMETRIC_REPRESENTATION_CONTEXT() REPRESENTATION_CONTEXT('2D SPACE',''
  ) );
#2279 = PCURVE('',#2280,#2285);
#2280 = PLANE('',#2281);
#2281 = AXIS2_PLACEMENT_3D('',#2282,#2283,#2284);
#2282 = CARTESIAN_POINT('',(38.299999999995,23.569999999247,
    18.569999999996));
#2283 = DIRECTION('',(2.517430708338E-14,-4.123090757702E-14,-1.));
#2284 = DIRECTION('',(-1.,1.055180248732E-13,-2.517430708338E-14));
#2285 = DEFINITIONAL_REPRESENTATION('',(#2286),#2290);
#2286 = LINE('',#2287,#2288);
#2287 = CARTESIAN_POINT('',(51.200000000001,-5.402522873508E-12));
#2288 = VECTOR('',#2289,1.);
#2289 = DIRECTION('',(-1.03795952867E-27,-1.));
#2290 = ( GEOMETRIC_REPRESENTATION_CONTEXT(2) 
PARAMETRIC_REPRESENTATION_CONTEXT() REPRESENTATION_CONTEXT('2D SPACE',''
  ) );
#2291 = FACE_BOUND('',#2292,.T.);
#2292 = EDGE_LOOP('',(#2293));
#2293 = ORIENTED_EDGE('',*,*,#265,.T.);
#2294 = ADVANCED_FACE('',(#2295,#2305,#2308,#2311,#2314,#2317),#66,.F.);
#2295 = FACE_BOUND('',#2296,.T.);
#2296 = EDGE_LOOP('',(#2297,#2298,#2299,#2300,#2301,#2302,#2303,#2304));
#2297 = ORIENTED_EDGE('',*,*,#1397,.F.);
#2298 = ORIENTED_EDGE('',*,*,#2128,.F.);
#2299 = ORIENTED_EDGE('',*,*,#2009,.F.);
#2300 = ORIENTED_EDGE('',*,*,#1961,.F.);
#2301 = ORIENTED_EDGE('',*,*,#1842,.F.);
#2302 = ORIENTED_EDGE('',*,*,#1794,.F.);
#2303 = ORIENTED_EDGE('',*,*,#1625,.F.);
#2304 = ORIENTED_EDGE('',*,*,#1550,.F.);
#2305 = FACE_BOUND('',#2306,.T.);
#2306 = EDGE_LOOP('',(#2307));
#2307 = ORIENTED_EDGE('',*,*,#51,.F.);
#2308 = FACE_BOUND('',#2309,.T.);
#2309 = EDGE_LOOP('',(#2310));
#2310 = ORIENTED_EDGE('',*,*,#147,.F.);
#2311 = FACE_BOUND('',#2312,.T.);
#2312 = EDGE_LOOP('',(#2313));
#2313 = ORIENTED_EDGE('',*,*,#238,.F.);
#2314 = FACE_BOUND('',#2315,.T.);
#2315 = EDGE_LOOP('',(#2316));
#2316 = ORIENTED_EDGE('',*,*,#329,.F.);
#2317 = FACE_BOUND('',#2318,.T.);
#2318 = EDGE_LOOP('',(#2319));
#2319 = ORIENTED_EDGE('',*,*,#390,.T.);
#2320 = ADVANCED_FACE('',(#2321),#1487,.T.);
#2321 = FACE_BOUND('',#2322,.T.);
#2322 = EDGE_LOOP('',(#2323,#2346,#2368,#2369));
#2323 = ORIENTED_EDGE('',*,*,#2324,.F.);
#2324 = EDGE_CURVE('',#2325,#2155,#2327,.T.);
#2325 = VERTEX_POINT('',#2326);
#2326 = CARTESIAN_POINT('',(-6.700000000005,25.700000000247,
    18.569999999996));
#2327 = SURFACE_CURVE('',#2328,(#2332,#2339),.PCURVE_S1.);
#2328 = LINE('',#2329,#2330);
#2329 = CARTESIAN_POINT('',(38.299999999995,25.700000000247,
    18.569999999996));
#2330 = VECTOR('',#2331,1.);
#2331 = DIRECTION('',(-1.,1.055180248732E-13,-2.517430708338E-14));
#2332 = PCURVE('',#1487,#2333);
#2333 = DEFINITIONAL_REPRESENTATION('',(#2334),#2338);
#2334 = LINE('',#2335,#2336);
#2335 = CARTESIAN_POINT('',(0.,-4.973799150321E-14));
#2336 = VECTOR('',#2337,1.);
#2337 = DIRECTION('',(0.,1.));
#2338 = ( GEOMETRIC_REPRESENTATION_CONTEXT(2) 
PARAMETRIC_REPRESENTATION_CONTEXT() REPRESENTATION_CONTEXT('2D SPACE',''
  ) );
#2339 = PCURVE('',#2280,#2340);
#2340 = DEFINITIONAL_REPRESENTATION('',(#2341),#2345);
#2341 = LINE('',#2342,#2343);
#2342 = CARTESIAN_POINT('',(2.247533930854E-13,2.130000001));
#2343 = VECTOR('',#2344,1.);
#2344 = DIRECTION('',(1.,2.974021020506E-30));
#2345 = ( GEOMETRIC_REPRESENTATION_CONTEXT(2) 
PARAMETRIC_REPRESENTATION_CONTEXT() REPRESENTATION_CONTEXT('2D SPACE',''
  ) );
#2346 = ORIENTED_EDGE('',*,*,#2347,.T.);
#2347 = EDGE_CURVE('',#2325,#1470,#2348,.T.);
#2348 = SURFACE_CURVE('',#2349,(#2354,#2361),.PCURVE_S1.);
#2349 = CIRCLE('',#2350,2.5);
#2350 = AXIS2_PLACEMENT_3D('',#2351,#2352,#2353);
#2351 = CARTESIAN_POINT('',(-6.700000000005,25.700000000247,
    16.069999999996));
#2352 = DIRECTION('',(-1.,1.055180248732E-13,-2.517430708338E-14));
#2353 = DIRECTION('',(-2.517430708338E-14,4.123090757702E-14,1.));
#2354 = PCURVE('',#1487,#2355);
#2355 = DEFINITIONAL_REPRESENTATION('',(#2356),#2360);
#2356 = LINE('',#2357,#2358);
#2357 = CARTESIAN_POINT('',(0.,45.));
#2358 = VECTOR('',#2359,1.);
#2359 = DIRECTION('',(1.,0.));
#2360 = ( GEOMETRIC_REPRESENTATION_CONTEXT(2) 
PARAMETRIC_REPRESENTATION_CONTEXT() REPRESENTATION_CONTEXT('2D SPACE',''
  ) );
#2361 = PCURVE('',#1515,#2362);
#2362 = DEFINITIONAL_REPRESENTATION('',(#2363),#2367);
#2363 = CIRCLE('',#2364,2.5);
#2364 = AXIS2_PLACEMENT_2D('',#2365,#2366);
#2365 = CARTESIAN_POINT('',(0.,0.));
#2366 = DIRECTION('',(1.,0.));
#2367 = ( GEOMETRIC_REPRESENTATION_CONTEXT(2) 
PARAMETRIC_REPRESENTATION_CONTEXT() REPRESENTATION_CONTEXT('2D SPACE',''
  ) );
#2368 = ORIENTED_EDGE('',*,*,#1469,.T.);
#2369 = ORIENTED_EDGE('',*,*,#2154,.T.);
#2370 = ADVANCED_FACE('',(#2371),#2280,.F.);
#2371 = FACE_BOUND('',#2372,.T.);
#2372 = EDGE_LOOP('',(#2373,#2396,#2417,#2418));
#2373 = ORIENTED_EDGE('',*,*,#2374,.F.);
#2374 = EDGE_CURVE('',#2375,#2234,#2377,.T.);
#2375 = VERTEX_POINT('',#2376);
#2376 = CARTESIAN_POINT('',(-6.700000000005,23.569999999247,
    18.569999999996));
#2377 = SURFACE_CURVE('',#2378,(#2382,#2389),.PCURVE_S1.);
#2378 = LINE('',#2379,#2380);
#2379 = CARTESIAN_POINT('',(38.299999999995,23.569999999247,
    18.569999999996));
#2380 = VECTOR('',#2381,1.);
#2381 = DIRECTION('',(-1.,1.055180248732E-13,-2.517430708338E-14));
#2382 = PCURVE('',#2280,#2383);
#2383 = DEFINITIONAL_REPRESENTATION('',(#2384),#2388);
#2384 = LINE('',#2385,#2386);
#2385 = CARTESIAN_POINT('',(0.,0.));
#2386 = VECTOR('',#2387,1.);
#2387 = DIRECTION('',(1.,2.974021020506E-30));
#2388 = ( GEOMETRIC_REPRESENTATION_CONTEXT(2) 
PARAMETRIC_REPRESENTATION_CONTEXT() REPRESENTATION_CONTEXT('2D SPACE',''
  ) );
#2389 = PCURVE('',#2254,#2390);
#2390 = DEFINITIONAL_REPRESENTATION('',(#2391),#2395);
#2391 = LINE('',#2392,#2393);
#2392 = CARTESIAN_POINT('',(3.14159265359,1.207922650792E-13));
#2393 = VECTOR('',#2394,1.);
#2394 = DIRECTION('',(0.,1.));
#2395 = ( GEOMETRIC_REPRESENTATION_CONTEXT(2) 
PARAMETRIC_REPRESENTATION_CONTEXT() REPRESENTATION_CONTEXT('2D SPACE',''
  ) );
#2396 = ORIENTED_EDGE('',*,*,#2397,.T.);
#2397 = EDGE_CURVE('',#2375,#2325,#2398,.T.);
#2398 = SURFACE_CURVE('',#2399,(#2403,#2410),.PCURVE_S1.);
#2399 = LINE('',#2400,#2401);
#2400 = CARTESIAN_POINT('',(-6.700000000005,23.569999999247,
    18.569999999996));
#2401 = VECTOR('',#2402,1.);
#2402 = DIRECTION('',(1.055180248732E-13,1.,-4.123090757701E-14));
#2403 = PCURVE('',#2280,#2404);
#2404 = DEFINITIONAL_REPRESENTATION('',(#2405),#2409);
#2405 = LINE('',#2406,#2407);
#2406 = CARTESIAN_POINT('',(45.,-4.748311119294E-12));
#2407 = VECTOR('',#2408,1.);
#2408 = DIRECTION('',(1.03795952867E-27,1.));
#2409 = ( GEOMETRIC_REPRESENTATION_CONTEXT(2) 
PARAMETRIC_REPRESENTATION_CONTEXT() REPRESENTATION_CONTEXT('2D SPACE',''
  ) );
#2410 = PCURVE('',#1515,#2411);
#2411 = DEFINITIONAL_REPRESENTATION('',(#2412),#2416);
#2412 = LINE('',#2413,#2414);
#2413 = CARTESIAN_POINT('',(2.5,-2.130000001));
#2414 = VECTOR('',#2415,1.);
#2415 = DIRECTION('',(7.345872749418E-27,1.));
#2416 = ( GEOMETRIC_REPRESENTATION_CONTEXT(2) 
PARAMETRIC_REPRESENTATION_CONTEXT() REPRESENTATION_CONTEXT('2D SPACE',''
  ) );
#2417 = ORIENTED_EDGE('',*,*,#2324,.T.);
#2418 = ORIENTED_EDGE('',*,*,#2266,.T.);
#2419 = ADVANCED_FACE('',(#2420),#2254,.F.);
#2420 = FACE_BOUND('',#2421,.F.);
#2421 = EDGE_LOOP('',(#2422,#2445,#2446,#2447));
#2422 = ORIENTED_EDGE('',*,*,#2423,.T.);
#2423 = EDGE_CURVE('',#2424,#2206,#2426,.T.);
#2424 = VERTEX_POINT('',#2425);
#2425 = CARTESIAN_POINT('',(-6.700000000005,18.569999999247,
    23.569999999996));
#2426 = SURFACE_CURVE('',#2427,(#2431,#2438),.PCURVE_S1.);
#2427 = LINE('',#2428,#2429);
#2428 = CARTESIAN_POINT('',(38.299999999995,18.569999999247,
    23.569999999996));
#2429 = VECTOR('',#2430,1.);
#2430 = DIRECTION('',(-1.,1.055180248732E-13,-2.517430708338E-14));
#2431 = PCURVE('',#2254,#2432);
#2432 = DEFINITIONAL_REPRESENTATION('',(#2433),#2437);
#2433 = LINE('',#2434,#2435);
#2434 = CARTESIAN_POINT('',(4.712388980385,-5.329070518201E-13));
#2435 = VECTOR('',#2436,1.);
#2436 = DIRECTION('',(0.,1.));
#2437 = ( GEOMETRIC_REPRESENTATION_CONTEXT(2) 
PARAMETRIC_REPRESENTATION_CONTEXT() REPRESENTATION_CONTEXT('2D SPACE',''
  ) );
#2438 = PCURVE('',#2221,#2439);
#2439 = DEFINITIONAL_REPRESENTATION('',(#2440),#2444);
#2440 = LINE('',#2441,#2442);
#2441 = CARTESIAN_POINT('',(0.,0.));
#2442 = VECTOR('',#2443,1.);
#2443 = DIRECTION('',(4.521750708727E-27,1.));
#2444 = ( GEOMETRIC_REPRESENTATION_CONTEXT(2) 
PARAMETRIC_REPRESENTATION_CONTEXT() REPRESENTATION_CONTEXT('2D SPACE',''
  ) );
#2445 = ORIENTED_EDGE('',*,*,#2233,.F.);
#2446 = ORIENTED_EDGE('',*,*,#2374,.F.);
#2447 = ORIENTED_EDGE('',*,*,#2448,.F.);
#2448 = EDGE_CURVE('',#2424,#2375,#2449,.T.);
#2449 = SURFACE_CURVE('',#2450,(#2455,#2462),.PCURVE_S1.);
#2450 = CIRCLE('',#2451,5.);
#2451 = AXIS2_PLACEMENT_3D('',#2452,#2453,#2454);
#2452 = CARTESIAN_POINT('',(-6.700000000005,23.569999999247,
    23.569999999996));
#2453 = DIRECTION('',(1.,-1.055180248732E-13,2.517430708338E-14));
#2454 = DIRECTION('',(-2.517430708338E-14,4.123090757702E-14,1.));
#2455 = PCURVE('',#2254,#2456);
#2456 = DEFINITIONAL_REPRESENTATION('',(#2457),#2461);
#2457 = LINE('',#2458,#2459);
#2458 = CARTESIAN_POINT('',(6.28318530718,45.));
#2459 = VECTOR('',#2460,1.);
#2460 = DIRECTION('',(-1.,0.));
#2461 = ( GEOMETRIC_REPRESENTATION_CONTEXT(2) 
PARAMETRIC_REPRESENTATION_CONTEXT() REPRESENTATION_CONTEXT('2D SPACE',''
  ) );
#2462 = PCURVE('',#1515,#2463);
#2463 = DEFINITIONAL_REPRESENTATION('',(#2464),#2472);
#2464 = ( BOUNDED_CURVE() B_SPLINE_CURVE(2,(#2465,#2466,#2467,#2468,
#2469,#2470,#2471),.UNSPECIFIED.,.T.,.F.) B_SPLINE_CURVE_WITH_KNOTS((1,2
    ,2,2,2,1),(-2.094395102393,0.,2.094395102393,4.188790204786,
6.28318530718,8.377580409573),.UNSPECIFIED.) CURVE() 
GEOMETRIC_REPRESENTATION_ITEM() RATIONAL_B_SPLINE_CURVE((1.,0.5,1.,0.5,
1.,0.5,1.)) REPRESENTATION_ITEM('') );
#2465 = CARTESIAN_POINT('',(12.5,-2.130000001));
#2466 = CARTESIAN_POINT('',(12.5,-10.79025403884));
#2467 = CARTESIAN_POINT('',(5.,-6.460127019922));
#2468 = CARTESIAN_POINT('',(-2.5,-2.130000001));
#2469 = CARTESIAN_POINT('',(5.,2.200127017922));
#2470 = CARTESIAN_POINT('',(12.5,6.530254036844));
#2471 = CARTESIAN_POINT('',(12.5,-2.130000001));
#2472 = ( GEOMETRIC_REPRESENTATION_CONTEXT(2) 
PARAMETRIC_REPRESENTATION_CONTEXT() REPRESENTATION_CONTEXT('2D SPACE',''
  ) );
#2473 = ADVANCED_FACE('',(#2474),#2221,.F.);
#2474 = FACE_BOUND('',#2475,.T.);
#2475 = EDGE_LOOP('',(#2476,#2499,#2520,#2521));
#2476 = ORIENTED_EDGE('',*,*,#2477,.F.);
#2477 = EDGE_CURVE('',#2478,#2182,#2480,.T.);
#2478 = VERTEX_POINT('',#2479);
#2479 = CARTESIAN_POINT('',(-6.700000000005,18.569999999247,
    25.699999999996));
#2480 = SURFACE_CURVE('',#2481,(#2485,#2492),.PCURVE_S1.);
#2481 = LINE('',#2482,#2483);
#2482 = CARTESIAN_POINT('',(38.299999999995,18.569999999247,
    25.699999999996));
#2483 = VECTOR('',#2484,1.);
#2484 = DIRECTION('',(-1.,1.055180248732E-13,-2.517430708338E-14));
#2485 = PCURVE('',#2221,#2486);
#2486 = DEFINITIONAL_REPRESENTATION('',(#2487),#2491);
#2487 = LINE('',#2488,#2489);
#2488 = CARTESIAN_POINT('',(2.13,-5.36212740876E-14));
#2489 = VECTOR('',#2490,1.);
#2490 = DIRECTION('',(4.521750708727E-27,1.));
#2491 = ( GEOMETRIC_REPRESENTATION_CONTEXT(2) 
PARAMETRIC_REPRESENTATION_CONTEXT() REPRESENTATION_CONTEXT('2D SPACE',''
  ) );
#2492 = PCURVE('',#1760,#2493);
#2493 = DEFINITIONAL_REPRESENTATION('',(#2494),#2498);
#2494 = LINE('',#2495,#2496);
#2495 = CARTESIAN_POINT('',(1.570796326795,2.700062395888E-13));
#2496 = VECTOR('',#2497,1.);
#2497 = DIRECTION('',(0.,1.));
#2498 = ( GEOMETRIC_REPRESENTATION_CONTEXT(2) 
PARAMETRIC_REPRESENTATION_CONTEXT() REPRESENTATION_CONTEXT('2D SPACE',''
  ) );
#2499 = ORIENTED_EDGE('',*,*,#2500,.T.);
#2500 = EDGE_CURVE('',#2478,#2424,#2501,.T.);
#2501 = SURFACE_CURVE('',#2502,(#2506,#2513),.PCURVE_S1.);
#2502 = LINE('',#2503,#2504);
#2503 = CARTESIAN_POINT('',(-6.700000000005,18.569999999247,
    25.699999999996));
#2504 = VECTOR('',#2505,1.);
#2505 = DIRECTION('',(2.517430708338E-14,-4.285975591127E-14,-1.));
#2506 = PCURVE('',#2221,#2507);
#2507 = DEFINITIONAL_REPRESENTATION('',(#2508),#2512);
#2508 = LINE('',#2509,#2510);
#2509 = CARTESIAN_POINT('',(2.130000000001,45.));
#2510 = VECTOR('',#2511,1.);
#2511 = DIRECTION('',(-1.,0.));
#2512 = ( GEOMETRIC_REPRESENTATION_CONTEXT(2) 
PARAMETRIC_REPRESENTATION_CONTEXT() REPRESENTATION_CONTEXT('2D SPACE',''
  ) );
#2513 = PCURVE('',#1515,#2514);
#2514 = DEFINITIONAL_REPRESENTATION('',(#2515),#2519);
#2515 = LINE('',#2516,#2517);
#2516 = CARTESIAN_POINT('',(9.63,-7.130000001));
#2517 = VECTOR('',#2518,1.);
#2518 = DIRECTION('',(-1.,-1.62884833425E-15));
#2519 = ( GEOMETRIC_REPRESENTATION_CONTEXT(2) 
PARAMETRIC_REPRESENTATION_CONTEXT() REPRESENTATION_CONTEXT('2D SPACE',''
  ) );
#2520 = ORIENTED_EDGE('',*,*,#2423,.T.);
#2521 = ORIENTED_EDGE('',*,*,#2205,.T.);
#2522 = ADVANCED_FACE('',(#2523),#1760,.T.);
#2523 = FACE_BOUND('',#2524,.T.);
#2524 = EDGE_LOOP('',(#2525,#2526,#2548,#2549));
#2525 = ORIENTED_EDGE('',*,*,#1744,.F.);
#2526 = ORIENTED_EDGE('',*,*,#2527,.T.);
#2527 = EDGE_CURVE('',#1722,#2478,#2528,.T.);
#2528 = SURFACE_CURVE('',#2529,(#2534,#2541),.PCURVE_S1.);
#2529 = CIRCLE('',#2530,2.5);
#2530 = AXIS2_PLACEMENT_3D('',#2531,#2532,#2533);
#2531 = CARTESIAN_POINT('',(-6.700000000005,16.069999999247,
    25.699999999996));
#2532 = DIRECTION('',(-1.,1.055180248732E-13,-2.517430708338E-14));
#2533 = DIRECTION('',(-2.517430708338E-14,4.123090757702E-14,1.));
#2534 = PCURVE('',#1760,#2535);
#2535 = DEFINITIONAL_REPRESENTATION('',(#2536),#2540);
#2536 = LINE('',#2537,#2538);
#2537 = CARTESIAN_POINT('',(0.,45.));
#2538 = VECTOR('',#2539,1.);
#2539 = DIRECTION('',(1.,0.));
#2540 = ( GEOMETRIC_REPRESENTATION_CONTEXT(2) 
PARAMETRIC_REPRESENTATION_CONTEXT() REPRESENTATION_CONTEXT('2D SPACE',''
  ) );
#2541 = PCURVE('',#1515,#2542);
#2542 = DEFINITIONAL_REPRESENTATION('',(#2543),#2547);
#2543 = CIRCLE('',#2544,2.5);
#2544 = AXIS2_PLACEMENT_2D('',#2545,#2546);
#2545 = CARTESIAN_POINT('',(9.63,-9.630000001));
#2546 = DIRECTION('',(1.,0.));
#2547 = ( GEOMETRIC_REPRESENTATION_CONTEXT(2) 
PARAMETRIC_REPRESENTATION_CONTEXT() REPRESENTATION_CONTEXT('2D SPACE',''
  ) );
#2548 = ORIENTED_EDGE('',*,*,#2477,.T.);
#2549 = ORIENTED_EDGE('',*,*,#2181,.T.);
#2550 = ADVANCED_FACE('',(#2551),#1268,.T.);
#2551 = FACE_BOUND('',#2552,.T.);
#2552 = EDGE_LOOP('',(#2553,#2576,#2598,#2599));
#2553 = ORIENTED_EDGE('',*,*,#2554,.F.);
#2554 = EDGE_CURVE('',#2555,#1224,#2557,.T.);
#2555 = VERTEX_POINT('',#2556);
#2556 = CARTESIAN_POINT('',(-6.700000000005,-18.57000000025,
    25.699999999996));
#2557 = SURFACE_CURVE('',#2558,(#2562,#2569),.PCURVE_S1.);
#2558 = LINE('',#2559,#2560);
#2559 = CARTESIAN_POINT('',(38.299999999995,-18.57000000025,
    25.699999999996));
#2560 = VECTOR('',#2561,1.);
#2561 = DIRECTION('',(-1.,1.055180248732E-13,-2.517430708338E-14));
#2562 = PCURVE('',#1268,#2563);
#2563 = DEFINITIONAL_REPRESENTATION('',(#2564),#2568);
#2564 = LINE('',#2565,#2566);
#2565 = CARTESIAN_POINT('',(4.712388980385,-2.557953848736E-13));
#2566 = VECTOR('',#2567,1.);
#2567 = DIRECTION('',(0.,1.));
#2568 = ( GEOMETRIC_REPRESENTATION_CONTEXT(2) 
PARAMETRIC_REPRESENTATION_CONTEXT() REPRESENTATION_CONTEXT('2D SPACE',''
  ) );
#2569 = PCURVE('',#1239,#2570);
#2570 = DEFINITIONAL_REPRESENTATION('',(#2571),#2575);
#2571 = LINE('',#2572,#2573);
#2572 = CARTESIAN_POINT('',(-2.13,-5.36212740876E-14));
#2573 = VECTOR('',#2574,1.);
#2574 = DIRECTION('',(-4.17780735405E-27,1.));
#2575 = ( GEOMETRIC_REPRESENTATION_CONTEXT(2) 
PARAMETRIC_REPRESENTATION_CONTEXT() REPRESENTATION_CONTEXT('2D SPACE',''
  ) );
#2576 = ORIENTED_EDGE('',*,*,#2577,.T.);
#2577 = EDGE_CURVE('',#2555,#1699,#2578,.T.);
#2578 = SURFACE_CURVE('',#2579,(#2584,#2591),.PCURVE_S1.);
#2579 = CIRCLE('',#2580,2.5);
#2580 = AXIS2_PLACEMENT_3D('',#2581,#2582,#2583);
#2581 = CARTESIAN_POINT('',(-6.700000000005,-16.07000000025,
    25.699999999996));
#2582 = DIRECTION('',(-1.,1.055180248732E-13,-2.517430708338E-14));
#2583 = DIRECTION('',(-2.517430708338E-14,4.123090757702E-14,1.));
#2584 = PCURVE('',#1268,#2585);
#2585 = DEFINITIONAL_REPRESENTATION('',(#2586),#2590);
#2586 = LINE('',#2587,#2588);
#2587 = CARTESIAN_POINT('',(4.50306458788E-13,45.));
#2588 = VECTOR('',#2589,1.);
#2589 = DIRECTION('',(1.,0.));
#2590 = ( GEOMETRIC_REPRESENTATION_CONTEXT(2) 
PARAMETRIC_REPRESENTATION_CONTEXT() REPRESENTATION_CONTEXT('2D SPACE',''
  ) );
#2591 = PCURVE('',#1515,#2592);
#2592 = DEFINITIONAL_REPRESENTATION('',(#2593),#2597);
#2593 = CIRCLE('',#2594,2.5);
#2594 = AXIS2_PLACEMENT_2D('',#2595,#2596);
#2595 = CARTESIAN_POINT('',(9.629999999998,-41.7700000005));
#2596 = DIRECTION('',(1.,0.));
#2597 = ( GEOMETRIC_REPRESENTATION_CONTEXT(2) 
PARAMETRIC_REPRESENTATION_CONTEXT() REPRESENTATION_CONTEXT('2D SPACE',''
  ) );
#2598 = ORIENTED_EDGE('',*,*,#1698,.T.);
#2599 = ORIENTED_EDGE('',*,*,#1251,.T.);
#2600 = ADVANCED_FACE('',(#2601),#1239,.F.);
#2601 = FACE_BOUND('',#2602,.T.);
#2602 = EDGE_LOOP('',(#2603,#2626,#2647,#2648));
#2603 = ORIENTED_EDGE('',*,*,#2604,.F.);
#2604 = EDGE_CURVE('',#2605,#1191,#2607,.T.);
#2605 = VERTEX_POINT('',#2606);
#2606 = CARTESIAN_POINT('',(-6.700000000005,-18.57000000025,
    23.569999999996));
#2607 = SURFACE_CURVE('',#2608,(#2612,#2619),.PCURVE_S1.);
#2608 = LINE('',#2609,#2610);
#2609 = CARTESIAN_POINT('',(38.299999999995,-18.57000000025,
    23.569999999996));
#2610 = VECTOR('',#2611,1.);
#2611 = DIRECTION('',(-1.,1.055180248732E-13,-2.517430708338E-14));
#2612 = PCURVE('',#1239,#2613);
#2613 = DEFINITIONAL_REPRESENTATION('',(#2614),#2618);
#2614 = LINE('',#2615,#2616);
#2615 = CARTESIAN_POINT('',(0.,0.));
#2616 = VECTOR('',#2617,1.);
#2617 = DIRECTION('',(-4.17780735405E-27,1.));
#2618 = ( GEOMETRIC_REPRESENTATION_CONTEXT(2) 
PARAMETRIC_REPRESENTATION_CONTEXT() REPRESENTATION_CONTEXT('2D SPACE',''
  ) );
#2619 = PCURVE('',#1211,#2620);
#2620 = DEFINITIONAL_REPRESENTATION('',(#2621),#2625);
#2621 = LINE('',#2622,#2623);
#2622 = CARTESIAN_POINT('',(1.570796326795,5.329070518201E-13));
#2623 = VECTOR('',#2624,1.);
#2624 = DIRECTION('',(0.,1.));
#2625 = ( GEOMETRIC_REPRESENTATION_CONTEXT(2) 
PARAMETRIC_REPRESENTATION_CONTEXT() REPRESENTATION_CONTEXT('2D SPACE',''
  ) );
#2626 = ORIENTED_EDGE('',*,*,#2627,.T.);
#2627 = EDGE_CURVE('',#2605,#2555,#2628,.T.);
#2628 = SURFACE_CURVE('',#2629,(#2633,#2640),.PCURVE_S1.);
#2629 = LINE('',#2630,#2631);
#2630 = CARTESIAN_POINT('',(-6.700000000005,-18.57000000025,
    23.569999999996));
#2631 = VECTOR('',#2632,1.);
#2632 = DIRECTION('',(-2.517430708338E-14,4.123090757702E-14,1.));
#2633 = PCURVE('',#1239,#2634);
#2634 = DEFINITIONAL_REPRESENTATION('',(#2635),#2639);
#2635 = LINE('',#2636,#2637);
#2636 = CARTESIAN_POINT('',(-1.132843818752E-12,45.));
#2637 = VECTOR('',#2638,1.);
#2638 = DIRECTION('',(-1.,1.703939555277E-28));
#2639 = ( GEOMETRIC_REPRESENTATION_CONTEXT(2) 
PARAMETRIC_REPRESENTATION_CONTEXT() REPRESENTATION_CONTEXT('2D SPACE',''
  ) );
#2640 = PCURVE('',#1515,#2641);
#2641 = DEFINITIONAL_REPRESENTATION('',(#2642),#2646);
#2642 = LINE('',#2643,#2644);
#2643 = CARTESIAN_POINT('',(7.499999999998,-44.2700000005));
#2644 = VECTOR('',#2645,1.);
#2645 = DIRECTION('',(1.,0.));
#2646 = ( GEOMETRIC_REPRESENTATION_CONTEXT(2) 
PARAMETRIC_REPRESENTATION_CONTEXT() REPRESENTATION_CONTEXT('2D SPACE',''
  ) );
#2647 = ORIENTED_EDGE('',*,*,#2554,.T.);
#2648 = ORIENTED_EDGE('',*,*,#1223,.T.);
#2649 = ADVANCED_FACE('',(#2650),#1211,.F.);
#2650 = FACE_BOUND('',#2651,.F.);
#2651 = EDGE_LOOP('',(#2652,#2675,#2676,#2677));
#2652 = ORIENTED_EDGE('',*,*,#2653,.T.);
#2653 = EDGE_CURVE('',#2654,#1163,#2656,.T.);
#2654 = VERTEX_POINT('',#2655);
#2655 = CARTESIAN_POINT('',(-6.700000000005,-23.57000000025,
    18.569999999996));
#2656 = SURFACE_CURVE('',#2657,(#2661,#2668),.PCURVE_S1.);
#2657 = LINE('',#2658,#2659);
#2658 = CARTESIAN_POINT('',(38.299999999995,-23.57000000025,
    18.569999999996));
#2659 = VECTOR('',#2660,1.);
#2660 = DIRECTION('',(-1.,1.055180248732E-13,-2.517430708338E-14));
#2661 = PCURVE('',#1211,#2662);
#2662 = DEFINITIONAL_REPRESENTATION('',(#2663),#2667);
#2663 = LINE('',#2664,#2665);
#2664 = CARTESIAN_POINT('',(3.14159265359,1.350031197944E-13));
#2665 = VECTOR('',#2666,1.);
#2666 = DIRECTION('',(0.,1.));
#2667 = ( GEOMETRIC_REPRESENTATION_CONTEXT(2) 
PARAMETRIC_REPRESENTATION_CONTEXT() REPRESENTATION_CONTEXT('2D SPACE',''
  ) );
#2668 = PCURVE('',#1178,#2669);
#2669 = DEFINITIONAL_REPRESENTATION('',(#2670),#2674);
#2670 = LINE('',#2671,#2672);
#2671 = CARTESIAN_POINT('',(0.,0.));
#2672 = VECTOR('',#2673,1.);
#2673 = DIRECTION('',(1.,2.974021020506E-30));
#2674 = ( GEOMETRIC_REPRESENTATION_CONTEXT(2) 
PARAMETRIC_REPRESENTATION_CONTEXT() REPRESENTATION_CONTEXT('2D SPACE',''
  ) );
#2675 = ORIENTED_EDGE('',*,*,#1190,.F.);
#2676 = ORIENTED_EDGE('',*,*,#2604,.F.);
#2677 = ORIENTED_EDGE('',*,*,#2678,.F.);
#2678 = EDGE_CURVE('',#2654,#2605,#2679,.T.);
#2679 = SURFACE_CURVE('',#2680,(#2685,#2692),.PCURVE_S1.);
#2680 = CIRCLE('',#2681,5.);
#2681 = AXIS2_PLACEMENT_3D('',#2682,#2683,#2684);
#2682 = CARTESIAN_POINT('',(-6.700000000005,-23.57000000025,
    23.569999999996));
#2683 = DIRECTION('',(1.,-1.055180248732E-13,2.517430708338E-14));
#2684 = DIRECTION('',(-2.517430708338E-14,4.123090757702E-14,1.));
#2685 = PCURVE('',#1211,#2686);
#2686 = DEFINITIONAL_REPRESENTATION('',(#2687),#2691);
#2687 = LINE('',#2688,#2689);
#2688 = CARTESIAN_POINT('',(6.283185307181,45.));
#2689 = VECTOR('',#2690,1.);
#2690 = DIRECTION('',(-1.,0.));
#2691 = ( GEOMETRIC_REPRESENTATION_CONTEXT(2) 
PARAMETRIC_REPRESENTATION_CONTEXT() REPRESENTATION_CONTEXT('2D SPACE',''
  ) );
#2692 = PCURVE('',#1515,#2693);
#2693 = DEFINITIONAL_REPRESENTATION('',(#2694),#2702);
#2694 = ( BOUNDED_CURVE() B_SPLINE_CURVE(2,(#2695,#2696,#2697,#2698,
#2699,#2700,#2701),.UNSPECIFIED.,.T.,.F.) B_SPLINE_CURVE_WITH_KNOTS((1,2
    ,2,2,2,1),(-2.094395102393,0.,2.094395102393,4.188790204786,
6.28318530718,8.377580409573),.UNSPECIFIED.) CURVE() 
GEOMETRIC_REPRESENTATION_ITEM() RATIONAL_B_SPLINE_CURVE((1.,0.5,1.,0.5,
1.,0.5,1.)) REPRESENTATION_ITEM('') );
#2695 = CARTESIAN_POINT('',(12.499999999998,-49.2700000005));
#2696 = CARTESIAN_POINT('',(12.499999999998,-57.93025403834));
#2697 = CARTESIAN_POINT('',(4.999999999998,-53.60012701942));
#2698 = CARTESIAN_POINT('',(-2.500000000002,-49.2700000005));
#2699 = CARTESIAN_POINT('',(4.999999999998,-44.93987298157));
#2700 = CARTESIAN_POINT('',(12.499999999998,-40.60974596265));
#2701 = CARTESIAN_POINT('',(12.499999999998,-49.2700000005));
#2702 = ( GEOMETRIC_REPRESENTATION_CONTEXT(2) 
PARAMETRIC_REPRESENTATION_CONTEXT() REPRESENTATION_CONTEXT('2D SPACE',''
  ) );
#2703 = ADVANCED_FACE('',(#2704),#1178,.F.);
#2704 = FACE_BOUND('',#2705,.T.);
#2705 = EDGE_LOOP('',(#2706,#2729,#2750,#2751));
#2706 = ORIENTED_EDGE('',*,*,#2707,.F.);
#2707 = EDGE_CURVE('',#2708,#1132,#2710,.T.);
#2708 = VERTEX_POINT('',#2709);
#2709 = CARTESIAN_POINT('',(-6.700000000005,-25.70000000025,
    18.569999999996));
#2710 = SURFACE_CURVE('',#2711,(#2715,#2722),.PCURVE_S1.);
#2711 = LINE('',#2712,#2713);
#2712 = CARTESIAN_POINT('',(38.299999999995,-25.70000000025,
    18.569999999996));
#2713 = VECTOR('',#2714,1.);
#2714 = DIRECTION('',(-1.,1.055180248732E-13,-2.517430708338E-14));
#2715 = PCURVE('',#1178,#2716);
#2716 = DEFINITIONAL_REPRESENTATION('',(#2717),#2721);
#2717 = LINE('',#2718,#2719);
#2718 = CARTESIAN_POINT('',(-2.247533929799E-13,-2.13));
#2719 = VECTOR('',#2720,1.);
#2720 = DIRECTION('',(1.,2.974021020506E-30));
#2721 = ( GEOMETRIC_REPRESENTATION_CONTEXT(2) 
PARAMETRIC_REPRESENTATION_CONTEXT() REPRESENTATION_CONTEXT('2D SPACE',''
  ) );
#2722 = PCURVE('',#1150,#2723);
#2723 = DEFINITIONAL_REPRESENTATION('',(#2724),#2728);
#2724 = LINE('',#2725,#2726);
#2725 = CARTESIAN_POINT('',(6.28318530718,-6.394884621841E-14));
#2726 = VECTOR('',#2727,1.);
#2727 = DIRECTION('',(0.,1.));
#2728 = ( GEOMETRIC_REPRESENTATION_CONTEXT(2) 
PARAMETRIC_REPRESENTATION_CONTEXT() REPRESENTATION_CONTEXT('2D SPACE',''
  ) );
#2729 = ORIENTED_EDGE('',*,*,#2730,.T.);
#2730 = EDGE_CURVE('',#2708,#2654,#2731,.T.);
#2731 = SURFACE_CURVE('',#2732,(#2736,#2743),.PCURVE_S1.);
#2732 = LINE('',#2733,#2734);
#2733 = CARTESIAN_POINT('',(-6.700000000005,-25.70000000025,
    18.569999999996));
#2734 = VECTOR('',#2735,1.);
#2735 = DIRECTION('',(1.055180248732E-13,1.,-4.123090757701E-14));
#2736 = PCURVE('',#1178,#2737);
#2737 = DEFINITIONAL_REPRESENTATION('',(#2738),#2742);
#2738 = LINE('',#2739,#2740);
#2739 = CARTESIAN_POINT('',(45.,-2.130000000005));
#2740 = VECTOR('',#2741,1.);
#2741 = DIRECTION('',(1.03795952867E-27,1.));
#2742 = ( GEOMETRIC_REPRESENTATION_CONTEXT(2) 
PARAMETRIC_REPRESENTATION_CONTEXT() REPRESENTATION_CONTEXT('2D SPACE',''
  ) );
#2743 = PCURVE('',#1515,#2744);
#2744 = DEFINITIONAL_REPRESENTATION('',(#2745),#2749);
#2745 = LINE('',#2746,#2747);
#2746 = CARTESIAN_POINT('',(2.499999999998,-51.4000000005));
#2747 = VECTOR('',#2748,1.);
#2748 = DIRECTION('',(7.345872749418E-27,1.));
#2749 = ( GEOMETRIC_REPRESENTATION_CONTEXT(2) 
PARAMETRIC_REPRESENTATION_CONTEXT() REPRESENTATION_CONTEXT('2D SPACE',''
  ) );
#2750 = ORIENTED_EDGE('',*,*,#2653,.T.);
#2751 = ORIENTED_EDGE('',*,*,#1162,.T.);
#2752 = ADVANCED_FACE('',(#2753),#1150,.T.);
#2753 = FACE_BOUND('',#2754,.T.);
#2754 = EDGE_LOOP('',(#2755,#2756,#2778,#2779));
#2755 = ORIENTED_EDGE('',*,*,#1938,.F.);
#2756 = ORIENTED_EDGE('',*,*,#2757,.T.);
#2757 = EDGE_CURVE('',#1916,#2708,#2758,.T.);
#2758 = SURFACE_CURVE('',#2759,(#2764,#2771),.PCURVE_S1.);
#2759 = CIRCLE('',#2760,2.5);
#2760 = AXIS2_PLACEMENT_3D('',#2761,#2762,#2763);
#2761 = CARTESIAN_POINT('',(-6.700000000005,-25.70000000025,
    16.069999999996));
#2762 = DIRECTION('',(-1.,1.055180248732E-13,-2.517430708338E-14));
#2763 = DIRECTION('',(-2.517430708338E-14,4.123090757702E-14,1.));
#2764 = PCURVE('',#1150,#2765);
#2765 = DEFINITIONAL_REPRESENTATION('',(#2766),#2770);
#2766 = LINE('',#2767,#2768);
#2767 = CARTESIAN_POINT('',(4.50306458788E-13,45.));
#2768 = VECTOR('',#2769,1.);
#2769 = DIRECTION('',(1.,0.));
#2770 = ( GEOMETRIC_REPRESENTATION_CONTEXT(2) 
PARAMETRIC_REPRESENTATION_CONTEXT() REPRESENTATION_CONTEXT('2D SPACE',''
  ) );
#2771 = PCURVE('',#1515,#2772);
#2772 = DEFINITIONAL_REPRESENTATION('',(#2773),#2777);
#2773 = CIRCLE('',#2774,2.5);
#2774 = AXIS2_PLACEMENT_2D('',#2775,#2776);
#2775 = CARTESIAN_POINT('',(-2.119268649479E-12,-51.4000000005));
#2776 = DIRECTION('',(1.,0.));
#2777 = ( GEOMETRIC_REPRESENTATION_CONTEXT(2) 
PARAMETRIC_REPRESENTATION_CONTEXT() REPRESENTATION_CONTEXT('2D SPACE',''
  ) );
#2778 = ORIENTED_EDGE('',*,*,#2707,.T.);
#2779 = ORIENTED_EDGE('',*,*,#1131,.T.);
#2780 = ADVANCED_FACE('',(#2781),#1035,.T.);
#2781 = FACE_BOUND('',#2782,.T.);
#2782 = EDGE_LOOP('',(#2783,#2806,#2828,#2829));
#2783 = ORIENTED_EDGE('',*,*,#2784,.F.);
#2784 = EDGE_CURVE('',#2785,#991,#2787,.T.);
#2785 = VERTEX_POINT('',#2786);
#2786 = CARTESIAN_POINT('',(-6.699999999996,-25.70000000025,-18.57));
#2787 = SURFACE_CURVE('',#2788,(#2792,#2799),.PCURVE_S1.);
#2788 = LINE('',#2789,#2790);
#2789 = CARTESIAN_POINT('',(38.300000000004,-25.70000000025,-18.57));
#2790 = VECTOR('',#2791,1.);
#2791 = DIRECTION('',(-1.,1.055180248732E-13,-2.517430708338E-14));
#2792 = PCURVE('',#1035,#2793);
#2793 = DEFINITIONAL_REPRESENTATION('',(#2794),#2798);
#2794 = LINE('',#2795,#2796);
#2795 = CARTESIAN_POINT('',(3.14159265359,5.684341886081E-14));
#2796 = VECTOR('',#2797,1.);
#2797 = DIRECTION('',(0.,1.));
#2798 = ( GEOMETRIC_REPRESENTATION_CONTEXT(2) 
PARAMETRIC_REPRESENTATION_CONTEXT() REPRESENTATION_CONTEXT('2D SPACE',''
  ) );
#2799 = PCURVE('',#1006,#2800);
#2800 = DEFINITIONAL_REPRESENTATION('',(#2801),#2805);
#2801 = LINE('',#2802,#2803);
#2802 = CARTESIAN_POINT('',(2.247533929799E-13,-2.13));
#2803 = VECTOR('',#2804,1.);
#2804 = DIRECTION('',(-1.,2.974021020506E-30));
#2805 = ( GEOMETRIC_REPRESENTATION_CONTEXT(2) 
PARAMETRIC_REPRESENTATION_CONTEXT() REPRESENTATION_CONTEXT('2D SPACE',''
  ) );
#2806 = ORIENTED_EDGE('',*,*,#2807,.T.);
#2807 = EDGE_CURVE('',#2785,#1893,#2808,.T.);
#2808 = SURFACE_CURVE('',#2809,(#2814,#2821),.PCURVE_S1.);
#2809 = CIRCLE('',#2810,2.5);
#2810 = AXIS2_PLACEMENT_3D('',#2811,#2812,#2813);
#2811 = CARTESIAN_POINT('',(-6.699999999996,-25.70000000025,-16.07));
#2812 = DIRECTION('',(-1.,1.055180248732E-13,-2.517430708338E-14));
#2813 = DIRECTION('',(-2.517430708338E-14,4.123090757702E-14,1.));
#2814 = PCURVE('',#1035,#2815);
#2815 = DEFINITIONAL_REPRESENTATION('',(#2816),#2820);
#2816 = LINE('',#2817,#2818);
#2817 = CARTESIAN_POINT('',(1.864286502951E-12,45.));
#2818 = VECTOR('',#2819,1.);
#2819 = DIRECTION('',(1.,4.523455546975E-15));
#2820 = ( GEOMETRIC_REPRESENTATION_CONTEXT(2) 
PARAMETRIC_REPRESENTATION_CONTEXT() REPRESENTATION_CONTEXT('2D SPACE',''
  ) );
#2821 = PCURVE('',#1515,#2822);
#2822 = DEFINITIONAL_REPRESENTATION('',(#2823),#2827);
#2823 = CIRCLE('',#2824,2.5);
#2824 = AXIS2_PLACEMENT_2D('',#2825,#2826);
#2825 = CARTESIAN_POINT('',(-32.14,-51.40000000049));
#2826 = DIRECTION('',(1.,0.));
#2827 = ( GEOMETRIC_REPRESENTATION_CONTEXT(2) 
PARAMETRIC_REPRESENTATION_CONTEXT() REPRESENTATION_CONTEXT('2D SPACE',''
  ) );
#2828 = ORIENTED_EDGE('',*,*,#1892,.T.);
#2829 = ORIENTED_EDGE('',*,*,#1018,.T.);
#2830 = ADVANCED_FACE('',(#2831),#1006,.F.);
#2831 = FACE_BOUND('',#2832,.T.);
#2832 = EDGE_LOOP('',(#2833,#2856,#2877,#2878));
#2833 = ORIENTED_EDGE('',*,*,#2834,.F.);
#2834 = EDGE_CURVE('',#2835,#958,#2837,.T.);
#2835 = VERTEX_POINT('',#2836);
#2836 = CARTESIAN_POINT('',(-6.699999999996,-23.57000000025,-18.57));
#2837 = SURFACE_CURVE('',#2838,(#2842,#2849),.PCURVE_S1.);
#2838 = LINE('',#2839,#2840);
#2839 = CARTESIAN_POINT('',(38.300000000004,-23.57000000025,-18.57));
#2840 = VECTOR('',#2841,1.);
#2841 = DIRECTION('',(-1.,1.055180248732E-13,-2.517430708338E-14));
#2842 = PCURVE('',#1006,#2843);
#2843 = DEFINITIONAL_REPRESENTATION('',(#2844),#2848);
#2844 = LINE('',#2845,#2846);
#2845 = CARTESIAN_POINT('',(0.,0.));
#2846 = VECTOR('',#2847,1.);
#2847 = DIRECTION('',(-1.,2.974021020506E-30));
#2848 = ( GEOMETRIC_REPRESENTATION_CONTEXT(2) 
PARAMETRIC_REPRESENTATION_CONTEXT() REPRESENTATION_CONTEXT('2D SPACE',''
  ) );
#2849 = PCURVE('',#978,#2850);
#2850 = DEFINITIONAL_REPRESENTATION('',(#2851),#2855);
#2851 = LINE('',#2852,#2853);
#2852 = CARTESIAN_POINT('',(0.,-1.278976924368E-13));
#2853 = VECTOR('',#2854,1.);
#2854 = DIRECTION('',(0.,1.));
#2855 = ( GEOMETRIC_REPRESENTATION_CONTEXT(2) 
PARAMETRIC_REPRESENTATION_CONTEXT() REPRESENTATION_CONTEXT('2D SPACE',''
  ) );
#2856 = ORIENTED_EDGE('',*,*,#2857,.T.);
#2857 = EDGE_CURVE('',#2835,#2785,#2858,.T.);
#2858 = SURFACE_CURVE('',#2859,(#2863,#2870),.PCURVE_S1.);
#2859 = LINE('',#2860,#2861);
#2860 = CARTESIAN_POINT('',(-6.699999999996,-23.57000000025,-18.57));
#2861 = VECTOR('',#2862,1.);
#2862 = DIRECTION('',(-1.055180248732E-13,-1.,4.123090757701E-14));
#2863 = PCURVE('',#1006,#2864);
#2864 = DEFINITIONAL_REPRESENTATION('',(#2865),#2869);
#2865 = LINE('',#2866,#2867);
#2866 = CARTESIAN_POINT('',(-45.,-4.748311119294E-12));
#2867 = VECTOR('',#2868,1.);
#2868 = DIRECTION('',(1.03795952867E-27,-1.));
#2869 = ( GEOMETRIC_REPRESENTATION_CONTEXT(2) 
PARAMETRIC_REPRESENTATION_CONTEXT() REPRESENTATION_CONTEXT('2D SPACE',''
  ) );
#2870 = PCURVE('',#1515,#2871);
#2871 = DEFINITIONAL_REPRESENTATION('',(#2872),#2876);
#2872 = LINE('',#2873,#2874);
#2873 = CARTESIAN_POINT('',(-34.64,-49.27000000049));
#2874 = VECTOR('',#2875,1.);
#2875 = DIRECTION('',(-7.345872749418E-27,-1.));
#2876 = ( GEOMETRIC_REPRESENTATION_CONTEXT(2) 
PARAMETRIC_REPRESENTATION_CONTEXT() REPRESENTATION_CONTEXT('2D SPACE',''
  ) );
#2877 = ORIENTED_EDGE('',*,*,#2784,.T.);
#2878 = ORIENTED_EDGE('',*,*,#990,.T.);
#2879 = ADVANCED_FACE('',(#2880),#978,.F.);
#2880 = FACE_BOUND('',#2881,.F.);
#2881 = EDGE_LOOP('',(#2882,#2905,#2906,#2907));
#2882 = ORIENTED_EDGE('',*,*,#2883,.T.);
#2883 = EDGE_CURVE('',#2884,#930,#2886,.T.);
#2884 = VERTEX_POINT('',#2885);
#2885 = CARTESIAN_POINT('',(-6.699999999996,-18.57000000025,-23.57));
#2886 = SURFACE_CURVE('',#2887,(#2891,#2898),.PCURVE_S1.);
#2887 = LINE('',#2888,#2889);
#2888 = CARTESIAN_POINT('',(38.300000000004,-18.57000000025,-23.57));
#2889 = VECTOR('',#2890,1.);
#2890 = DIRECTION('',(-1.,1.055180248732E-13,-2.517430708338E-14));
#2891 = PCURVE('',#978,#2892);
#2892 = DEFINITIONAL_REPRESENTATION('',(#2893),#2897);
#2893 = LINE('',#2894,#2895);
#2894 = CARTESIAN_POINT('',(1.570796326795,5.258016244625E-13));
#2895 = VECTOR('',#2896,1.);
#2896 = DIRECTION('',(0.,1.));
#2897 = ( GEOMETRIC_REPRESENTATION_CONTEXT(2) 
PARAMETRIC_REPRESENTATION_CONTEXT() REPRESENTATION_CONTEXT('2D SPACE',''
  ) );
#2898 = PCURVE('',#945,#2899);
#2899 = DEFINITIONAL_REPRESENTATION('',(#2900),#2904);
#2900 = LINE('',#2901,#2902);
#2901 = CARTESIAN_POINT('',(0.,0.));
#2902 = VECTOR('',#2903,1.);
#2903 = DIRECTION('',(-4.521750708727E-27,1.));
#2904 = ( GEOMETRIC_REPRESENTATION_CONTEXT(2) 
PARAMETRIC_REPRESENTATION_CONTEXT() REPRESENTATION_CONTEXT('2D SPACE',''
  ) );
#2905 = ORIENTED_EDGE('',*,*,#957,.F.);
#2906 = ORIENTED_EDGE('',*,*,#2834,.F.);
#2907 = ORIENTED_EDGE('',*,*,#2908,.F.);
#2908 = EDGE_CURVE('',#2884,#2835,#2909,.T.);
#2909 = SURFACE_CURVE('',#2910,(#2915,#2922),.PCURVE_S1.);
#2910 = CIRCLE('',#2911,5.);
#2911 = AXIS2_PLACEMENT_3D('',#2912,#2913,#2914);
#2912 = CARTESIAN_POINT('',(-6.699999999996,-23.57000000025,-23.57));
#2913 = DIRECTION('',(1.,-1.055180248732E-13,2.517430708338E-14));
#2914 = DIRECTION('',(-2.517430708338E-14,4.123090757702E-14,1.));
#2915 = PCURVE('',#978,#2916);
#2916 = DEFINITIONAL_REPRESENTATION('',(#2917),#2921);
#2917 = LINE('',#2918,#2919);
#2918 = CARTESIAN_POINT('',(6.283185307179,45.));
#2919 = VECTOR('',#2920,1.);
#2920 = DIRECTION('',(-1.,0.));
#2921 = ( GEOMETRIC_REPRESENTATION_CONTEXT(2) 
PARAMETRIC_REPRESENTATION_CONTEXT() REPRESENTATION_CONTEXT('2D SPACE',''
  ) );
#2922 = PCURVE('',#1515,#2923);
#2923 = DEFINITIONAL_REPRESENTATION('',(#2924),#2932);
#2924 = ( BOUNDED_CURVE() B_SPLINE_CURVE(2,(#2925,#2926,#2927,#2928,
#2929,#2930,#2931),.UNSPECIFIED.,.T.,.F.) B_SPLINE_CURVE_WITH_KNOTS((1,2
    ,2,2,2,1),(-2.094395102393,0.,2.094395102393,4.188790204786,
6.28318530718,8.377580409573),.UNSPECIFIED.) CURVE() 
GEOMETRIC_REPRESENTATION_ITEM() RATIONAL_B_SPLINE_CURVE((1.,0.5,1.,0.5,
1.,0.5,1.)) REPRESENTATION_ITEM('') );
#2925 = CARTESIAN_POINT('',(-34.64,-49.27000000049));
#2926 = CARTESIAN_POINT('',(-34.64,-57.93025403834));
#2927 = CARTESIAN_POINT('',(-42.14,-53.60012701942));
#2928 = CARTESIAN_POINT('',(-49.64,-49.27000000049));
#2929 = CARTESIAN_POINT('',(-42.14,-44.93987298157));
#2930 = CARTESIAN_POINT('',(-34.64,-40.60974596265));
#2931 = CARTESIAN_POINT('',(-34.64,-49.27000000049));
#2932 = ( GEOMETRIC_REPRESENTATION_CONTEXT(2) 
PARAMETRIC_REPRESENTATION_CONTEXT() REPRESENTATION_CONTEXT('2D SPACE',''
  ) );
#2933 = ADVANCED_FACE('',(#2934),#945,.F.);
#2934 = FACE_BOUND('',#2935,.T.);
#2935 = EDGE_LOOP('',(#2936,#2959,#2980,#2981));
#2936 = ORIENTED_EDGE('',*,*,#2937,.F.);
#2937 = EDGE_CURVE('',#2938,#899,#2940,.T.);
#2938 = VERTEX_POINT('',#2939);
#2939 = CARTESIAN_POINT('',(-6.699999999996,-18.57000000025,
    -25.69999999999));
#2940 = SURFACE_CURVE('',#2941,(#2945,#2952),.PCURVE_S1.);
#2941 = LINE('',#2942,#2943);
#2942 = CARTESIAN_POINT('',(38.300000000004,-18.57000000025,
    -25.69999999999));
#2943 = VECTOR('',#2944,1.);
#2944 = DIRECTION('',(-1.,1.055180248732E-13,-2.517430708338E-14));
#2945 = PCURVE('',#945,#2946);
#2946 = DEFINITIONAL_REPRESENTATION('',(#2947),#2951);
#2947 = LINE('',#2948,#2949);
#2948 = CARTESIAN_POINT('',(2.12999999999,5.362127408735E-14));
#2949 = VECTOR('',#2950,1.);
#2950 = DIRECTION('',(-4.521750708727E-27,1.));
#2951 = ( GEOMETRIC_REPRESENTATION_CONTEXT(2) 
PARAMETRIC_REPRESENTATION_CONTEXT() REPRESENTATION_CONTEXT('2D SPACE',''
  ) );
#2952 = PCURVE('',#917,#2953);
#2953 = DEFINITIONAL_REPRESENTATION('',(#2954),#2958);
#2954 = LINE('',#2955,#2956);
#2955 = CARTESIAN_POINT('',(4.712388980385,-2.557953848736E-13));
#2956 = VECTOR('',#2957,1.);
#2957 = DIRECTION('',(0.,1.));
#2958 = ( GEOMETRIC_REPRESENTATION_CONTEXT(2) 
PARAMETRIC_REPRESENTATION_CONTEXT() REPRESENTATION_CONTEXT('2D SPACE',''
  ) );
#2959 = ORIENTED_EDGE('',*,*,#2960,.T.);
#2960 = EDGE_CURVE('',#2938,#2884,#2961,.T.);
#2961 = SURFACE_CURVE('',#2962,(#2966,#2973),.PCURVE_S1.);
#2962 = LINE('',#2963,#2964);
#2963 = CARTESIAN_POINT('',(-6.699999999996,-18.57000000025,
    -25.69999999999));
#2964 = VECTOR('',#2965,1.);
#2965 = DIRECTION('',(-2.517430708338E-14,4.285975591127E-14,1.));
#2966 = PCURVE('',#945,#2967);
#2967 = DEFINITIONAL_REPRESENTATION('',(#2968),#2972);
#2968 = LINE('',#2969,#2970);
#2969 = CARTESIAN_POINT('',(2.129999999989,45.));
#2970 = VECTOR('',#2971,1.);
#2971 = DIRECTION('',(-1.,0.));
#2972 = ( GEOMETRIC_REPRESENTATION_CONTEXT(2) 
PARAMETRIC_REPRESENTATION_CONTEXT() REPRESENTATION_CONTEXT('2D SPACE',''
  ) );
#2973 = PCURVE('',#1515,#2974);
#2974 = DEFINITIONAL_REPRESENTATION('',(#2975),#2979);
#2975 = LINE('',#2976,#2977);
#2976 = CARTESIAN_POINT('',(-41.76999999999,-44.27000000049));
#2977 = VECTOR('',#2978,1.);
#2978 = DIRECTION('',(1.,1.62884833425E-15));
#2979 = ( GEOMETRIC_REPRESENTATION_CONTEXT(2) 
PARAMETRIC_REPRESENTATION_CONTEXT() REPRESENTATION_CONTEXT('2D SPACE',''
  ) );
#2980 = ORIENTED_EDGE('',*,*,#2883,.T.);
#2981 = ORIENTED_EDGE('',*,*,#929,.T.);
#2982 = ADVANCED_FACE('',(#2983),#917,.T.);
#2983 = FACE_BOUND('',#2984,.T.);
#2984 = EDGE_LOOP('',(#2985,#2986,#3008,#3009));
#2985 = ORIENTED_EDGE('',*,*,#2105,.F.);
#2986 = ORIENTED_EDGE('',*,*,#2987,.T.);
#2987 = EDGE_CURVE('',#2083,#2938,#2988,.T.);
#2988 = SURFACE_CURVE('',#2989,(#2994,#3001),.PCURVE_S1.);
#2989 = CIRCLE('',#2990,2.5);
#2990 = AXIS2_PLACEMENT_3D('',#2991,#2992,#2993);
#2991 = CARTESIAN_POINT('',(-6.699999999996,-16.07000000025,
    -25.69999999999));
#2992 = DIRECTION('',(-1.,1.055180248732E-13,-2.517430708338E-14));
#2993 = DIRECTION('',(-2.517430708338E-14,4.123090757702E-14,1.));
#2994 = PCURVE('',#917,#2995);
#2995 = DEFINITIONAL_REPRESENTATION('',(#2996),#3000);
#2996 = LINE('',#2997,#2998);
#2997 = CARTESIAN_POINT('',(1.864286502951E-12,45.));
#2998 = VECTOR('',#2999,1.);
#2999 = DIRECTION('',(1.,0.));
#3000 = ( GEOMETRIC_REPRESENTATION_CONTEXT(2) 
PARAMETRIC_REPRESENTATION_CONTEXT() REPRESENTATION_CONTEXT('2D SPACE',''
  ) );
#3001 = PCURVE('',#1515,#3002);
#3002 = DEFINITIONAL_REPRESENTATION('',(#3003),#3007);
#3003 = CIRCLE('',#3004,2.5);
#3004 = AXIS2_PLACEMENT_2D('',#3005,#3006);
#3005 = CARTESIAN_POINT('',(-41.76999999999,-41.77000000049));
#3006 = DIRECTION('',(1.,0.));
#3007 = ( GEOMETRIC_REPRESENTATION_CONTEXT(2) 
PARAMETRIC_REPRESENTATION_CONTEXT() REPRESENTATION_CONTEXT('2D SPACE',''
  ) );
#3008 = ORIENTED_EDGE('',*,*,#2937,.T.);
#3009 = ORIENTED_EDGE('',*,*,#898,.T.);
#3010 = ADVANCED_FACE('',(#3011),#797,.T.);
#3011 = FACE_BOUND('',#3012,.T.);
#3012 = EDGE_LOOP('',(#3013,#3036,#3058,#3059));
#3013 = ORIENTED_EDGE('',*,*,#3014,.F.);
#3014 = EDGE_CURVE('',#3015,#753,#3017,.T.);
#3015 = VERTEX_POINT('',#3016);
#3016 = CARTESIAN_POINT('',(-6.699999999996,18.569999999247,-25.7));
#3017 = SURFACE_CURVE('',#3018,(#3022,#3029),.PCURVE_S1.);
#3018 = LINE('',#3019,#3020);
#3019 = CARTESIAN_POINT('',(38.300000000004,18.569999999247,-25.7));
#3020 = VECTOR('',#3021,1.);
#3021 = DIRECTION('',(-1.,1.055180248732E-13,-2.517430708338E-14));
#3022 = PCURVE('',#797,#3023);
#3023 = DEFINITIONAL_REPRESENTATION('',(#3024),#3028);
#3024 = LINE('',#3025,#3026);
#3025 = CARTESIAN_POINT('',(1.570796326795,2.700062395888E-13));
#3026 = VECTOR('',#3027,1.);
#3027 = DIRECTION('',(0.,1.));
#3028 = ( GEOMETRIC_REPRESENTATION_CONTEXT(2) 
PARAMETRIC_REPRESENTATION_CONTEXT() REPRESENTATION_CONTEXT('2D SPACE',''
  ) );
#3029 = PCURVE('',#768,#3030);
#3030 = DEFINITIONAL_REPRESENTATION('',(#3031),#3035);
#3031 = LINE('',#3032,#3033);
#3032 = CARTESIAN_POINT('',(-2.13,5.36212740876E-14));
#3033 = VECTOR('',#3034,1.);
#3034 = DIRECTION('',(4.17780735405E-27,1.));
#3035 = ( GEOMETRIC_REPRESENTATION_CONTEXT(2) 
PARAMETRIC_REPRESENTATION_CONTEXT() REPRESENTATION_CONTEXT('2D SPACE',''
  ) );
#3036 = ORIENTED_EDGE('',*,*,#3037,.T.);
#3037 = EDGE_CURVE('',#3015,#2060,#3038,.T.);
#3038 = SURFACE_CURVE('',#3039,(#3044,#3051),.PCURVE_S1.);
#3039 = CIRCLE('',#3040,2.5);
#3040 = AXIS2_PLACEMENT_3D('',#3041,#3042,#3043);
#3041 = CARTESIAN_POINT('',(-6.699999999996,16.069999999247,-25.7));
#3042 = DIRECTION('',(-1.,1.055180248732E-13,-2.517430708338E-14));
#3043 = DIRECTION('',(-2.517430708338E-14,4.123090757702E-14,1.));
#3044 = PCURVE('',#797,#3045);
#3045 = DEFINITIONAL_REPRESENTATION('',(#3046),#3050);
#3046 = LINE('',#3047,#3048);
#3047 = CARTESIAN_POINT('',(-4.59188242985E-13,45.));
#3048 = VECTOR('',#3049,1.);
#3049 = DIRECTION('',(1.,0.));
#3050 = ( GEOMETRIC_REPRESENTATION_CONTEXT(2) 
PARAMETRIC_REPRESENTATION_CONTEXT() REPRESENTATION_CONTEXT('2D SPACE',''
  ) );
#3051 = PCURVE('',#1515,#3052);
#3052 = DEFINITIONAL_REPRESENTATION('',(#3053),#3057);
#3053 = CIRCLE('',#3054,2.5);
#3054 = AXIS2_PLACEMENT_2D('',#3055,#3056);
#3055 = CARTESIAN_POINT('',(-41.77,-9.630000000998));
#3056 = DIRECTION('',(1.,0.));
#3057 = ( GEOMETRIC_REPRESENTATION_CONTEXT(2) 
PARAMETRIC_REPRESENTATION_CONTEXT() REPRESENTATION_CONTEXT('2D SPACE',''
  ) );
#3058 = ORIENTED_EDGE('',*,*,#2059,.T.);
#3059 = ORIENTED_EDGE('',*,*,#780,.T.);
#3060 = ADVANCED_FACE('',(#3061),#768,.F.);
#3061 = FACE_BOUND('',#3062,.T.);
#3062 = EDGE_LOOP('',(#3063,#3086,#3107,#3108));
#3063 = ORIENTED_EDGE('',*,*,#3064,.F.);
#3064 = EDGE_CURVE('',#3065,#720,#3067,.T.);
#3065 = VERTEX_POINT('',#3066);
#3066 = CARTESIAN_POINT('',(-6.699999999996,18.569999999247,-23.57));
#3067 = SURFACE_CURVE('',#3068,(#3072,#3079),.PCURVE_S1.);
#3068 = LINE('',#3069,#3070);
#3069 = CARTESIAN_POINT('',(38.300000000004,18.569999999247,-23.57));
#3070 = VECTOR('',#3071,1.);
#3071 = DIRECTION('',(-1.,1.055180248732E-13,-2.517430708338E-14));
#3072 = PCURVE('',#768,#3073);
#3073 = DEFINITIONAL_REPRESENTATION('',(#3074),#3078);
#3074 = LINE('',#3075,#3076);
#3075 = CARTESIAN_POINT('',(0.,0.));
#3076 = VECTOR('',#3077,1.);
#3077 = DIRECTION('',(4.17780735405E-27,1.));
#3078 = ( GEOMETRIC_REPRESENTATION_CONTEXT(2) 
PARAMETRIC_REPRESENTATION_CONTEXT() REPRESENTATION_CONTEXT('2D SPACE',''
  ) );
#3079 = PCURVE('',#740,#3080);
#3080 = DEFINITIONAL_REPRESENTATION('',(#3081),#3085);
#3081 = LINE('',#3082,#3083);
#3082 = CARTESIAN_POINT('',(4.712388980385,-5.400124791777E-13));
#3083 = VECTOR('',#3084,1.);
#3084 = DIRECTION('',(0.,1.));
#3085 = ( GEOMETRIC_REPRESENTATION_CONTEXT(2) 
PARAMETRIC_REPRESENTATION_CONTEXT() REPRESENTATION_CONTEXT('2D SPACE',''
  ) );
#3086 = ORIENTED_EDGE('',*,*,#3087,.T.);
#3087 = EDGE_CURVE('',#3065,#3015,#3088,.T.);
#3088 = SURFACE_CURVE('',#3089,(#3093,#3100),.PCURVE_S1.);
#3089 = LINE('',#3090,#3091);
#3090 = CARTESIAN_POINT('',(-6.699999999996,18.569999999247,-23.57));
#3091 = VECTOR('',#3092,1.);
#3092 = DIRECTION('',(2.517430708338E-14,-3.960205924277E-14,-1.));
#3093 = PCURVE('',#768,#3094);
#3094 = DEFINITIONAL_REPRESENTATION('',(#3095),#3099);
#3095 = LINE('',#3096,#3097);
#3096 = CARTESIAN_POINT('',(1.132843818752E-12,45.));
#3097 = VECTOR('',#3098,1.);
#3098 = DIRECTION('',(-1.,0.));
#3099 = ( GEOMETRIC_REPRESENTATION_CONTEXT(2) 
PARAMETRIC_REPRESENTATION_CONTEXT() REPRESENTATION_CONTEXT('2D SPACE',''
  ) );
#3100 = PCURVE('',#1515,#3101);
#3101 = DEFINITIONAL_REPRESENTATION('',(#3102),#3106);
#3102 = LINE('',#3103,#3104);
#3103 = CARTESIAN_POINT('',(-39.64,-7.130000000998));
#3104 = VECTOR('',#3105,1.);
#3105 = DIRECTION('',(-1.,1.62884833425E-15));
#3106 = ( GEOMETRIC_REPRESENTATION_CONTEXT(2) 
PARAMETRIC_REPRESENTATION_CONTEXT() REPRESENTATION_CONTEXT('2D SPACE',''
  ) );
#3107 = ORIENTED_EDGE('',*,*,#3014,.T.);
#3108 = ORIENTED_EDGE('',*,*,#752,.T.);
#3109 = ADVANCED_FACE('',(#3110),#740,.F.);
#3110 = FACE_BOUND('',#3111,.F.);
#3111 = EDGE_LOOP('',(#3112,#3135,#3136,#3137));
#3112 = ORIENTED_EDGE('',*,*,#3113,.T.);
#3113 = EDGE_CURVE('',#3114,#692,#3116,.T.);
#3114 = VERTEX_POINT('',#3115);
#3115 = CARTESIAN_POINT('',(-6.699999999996,23.569999999247,-18.57));
#3116 = SURFACE_CURVE('',#3117,(#3121,#3128),.PCURVE_S1.);
#3117 = LINE('',#3118,#3119);
#3118 = CARTESIAN_POINT('',(38.300000000004,23.569999999247,-18.57));
#3119 = VECTOR('',#3120,1.);
#3120 = DIRECTION('',(-1.,1.055180248732E-13,-2.517430708338E-14));
#3121 = PCURVE('',#740,#3122);
#3122 = DEFINITIONAL_REPRESENTATION('',(#3123),#3127);
#3123 = LINE('',#3124,#3125);
#3124 = CARTESIAN_POINT('',(6.28318530718,-1.42108547152E-13));
#3125 = VECTOR('',#3126,1.);
#3126 = DIRECTION('',(0.,1.));
#3127 = ( GEOMETRIC_REPRESENTATION_CONTEXT(2) 
PARAMETRIC_REPRESENTATION_CONTEXT() REPRESENTATION_CONTEXT('2D SPACE',''
  ) );
#3128 = PCURVE('',#707,#3129);
#3129 = DEFINITIONAL_REPRESENTATION('',(#3130),#3134);
#3130 = LINE('',#3131,#3132);
#3131 = CARTESIAN_POINT('',(0.,0.));
#3132 = VECTOR('',#3133,1.);
#3133 = DIRECTION('',(-1.,2.974021020506E-30));
#3134 = ( GEOMETRIC_REPRESENTATION_CONTEXT(2) 
PARAMETRIC_REPRESENTATION_CONTEXT() REPRESENTATION_CONTEXT('2D SPACE',''
  ) );
#3135 = ORIENTED_EDGE('',*,*,#719,.F.);
#3136 = ORIENTED_EDGE('',*,*,#3064,.F.);
#3137 = ORIENTED_EDGE('',*,*,#3138,.F.);
#3138 = EDGE_CURVE('',#3114,#3065,#3139,.T.);
#3139 = SURFACE_CURVE('',#3140,(#3145,#3152),.PCURVE_S1.);
#3140 = CIRCLE('',#3141,5.);
#3141 = AXIS2_PLACEMENT_3D('',#3142,#3143,#3144);
#3142 = CARTESIAN_POINT('',(-6.699999999996,23.569999999247,-23.57));
#3143 = DIRECTION('',(1.,-1.055180248732E-13,2.517430708338E-14));
#3144 = DIRECTION('',(-2.517430708338E-14,4.123090757702E-14,1.));
#3145 = PCURVE('',#740,#3146);
#3146 = DEFINITIONAL_REPRESENTATION('',(#3147),#3151);
#3147 = LINE('',#3148,#3149);
#3148 = CARTESIAN_POINT('',(6.28318530718,45.));
#3149 = VECTOR('',#3150,1.);
#3150 = DIRECTION('',(-1.,0.));
#3151 = ( GEOMETRIC_REPRESENTATION_CONTEXT(2) 
PARAMETRIC_REPRESENTATION_CONTEXT() REPRESENTATION_CONTEXT('2D SPACE',''
  ) );
#3152 = PCURVE('',#1515,#3153);
#3153 = DEFINITIONAL_REPRESENTATION('',(#3154),#3162);
#3154 = ( BOUNDED_CURVE() B_SPLINE_CURVE(2,(#3155,#3156,#3157,#3158,
#3159,#3160,#3161),.UNSPECIFIED.,.T.,.F.) B_SPLINE_CURVE_WITH_KNOTS((1,2
    ,2,2,2,1),(-2.094395102393,0.,2.094395102393,4.188790204786,
6.28318530718,8.377580409573),.UNSPECIFIED.) CURVE() 
GEOMETRIC_REPRESENTATION_ITEM() RATIONAL_B_SPLINE_CURVE((1.,0.5,1.,0.5,
1.,0.5,1.)) REPRESENTATION_ITEM('') );
#3155 = CARTESIAN_POINT('',(-34.64,-2.130000000998));
#3156 = CARTESIAN_POINT('',(-34.64,-10.79025403884));
#3157 = CARTESIAN_POINT('',(-42.14,-6.460127019921));
#3158 = CARTESIAN_POINT('',(-49.64,-2.130000000998));
#3159 = CARTESIAN_POINT('',(-42.14,2.200127017924));
#3160 = CARTESIAN_POINT('',(-34.64,6.530254036846));
#3161 = CARTESIAN_POINT('',(-34.64,-2.130000000998));
#3162 = ( GEOMETRIC_REPRESENTATION_CONTEXT(2) 
PARAMETRIC_REPRESENTATION_CONTEXT() REPRESENTATION_CONTEXT('2D SPACE',''
  ) );
#3163 = ADVANCED_FACE('',(#3164),#707,.F.);
#3164 = FACE_BOUND('',#3165,.T.);
#3165 = EDGE_LOOP('',(#3166,#3189,#3210,#3211));
#3166 = ORIENTED_EDGE('',*,*,#3167,.F.);
#3167 = EDGE_CURVE('',#3168,#661,#3170,.T.);
#3168 = VERTEX_POINT('',#3169);
#3169 = CARTESIAN_POINT('',(-6.699999999995,25.700000000247,-18.57));
#3170 = SURFACE_CURVE('',#3171,(#3175,#3182),.PCURVE_S1.);
#3171 = LINE('',#3172,#3173);
#3172 = CARTESIAN_POINT('',(38.300000000005,25.700000000247,-18.57));
#3173 = VECTOR('',#3174,1.);
#3174 = DIRECTION('',(-1.,1.055180248732E-13,-2.517430708338E-14));
#3175 = PCURVE('',#707,#3176);
#3176 = DEFINITIONAL_REPRESENTATION('',(#3177),#3181);
#3177 = LINE('',#3178,#3179);
#3178 = CARTESIAN_POINT('',(7.700064369787E-13,2.130000001));
#3179 = VECTOR('',#3180,1.);
#3180 = DIRECTION('',(-1.,2.974021020506E-30));
#3181 = ( GEOMETRIC_REPRESENTATION_CONTEXT(2) 
PARAMETRIC_REPRESENTATION_CONTEXT() REPRESENTATION_CONTEXT('2D SPACE',''
  ) );
#3182 = PCURVE('',#679,#3183);
#3183 = DEFINITIONAL_REPRESENTATION('',(#3184),#3188);
#3184 = LINE('',#3185,#3186);
#3185 = CARTESIAN_POINT('',(3.14159265359,7.105427357601E-14));
#3186 = VECTOR('',#3187,1.);
#3187 = DIRECTION('',(0.,1.));
#3188 = ( GEOMETRIC_REPRESENTATION_CONTEXT(2) 
PARAMETRIC_REPRESENTATION_CONTEXT() REPRESENTATION_CONTEXT('2D SPACE',''
  ) );
#3189 = ORIENTED_EDGE('',*,*,#3190,.T.);
#3190 = EDGE_CURVE('',#3168,#3114,#3191,.T.);
#3191 = SURFACE_CURVE('',#3192,(#3196,#3203),.PCURVE_S1.);
#3192 = LINE('',#3193,#3194);
#3193 = CARTESIAN_POINT('',(-6.699999999995,25.700000000247,-18.57));
#3194 = VECTOR('',#3195,1.);
#3195 = DIRECTION('',(-1.055180248732E-13,-1.,4.123090757701E-14));
#3196 = PCURVE('',#707,#3197);
#3197 = DEFINITIONAL_REPRESENTATION('',(#3198),#3202);
#3198 = LINE('',#3199,#3200);
#3199 = CARTESIAN_POINT('',(-44.99999999999,2.130000000995));
#3200 = VECTOR('',#3201,1.);
#3201 = DIRECTION('',(1.03795952867E-27,-1.));
#3202 = ( GEOMETRIC_REPRESENTATION_CONTEXT(2) 
PARAMETRIC_REPRESENTATION_CONTEXT() REPRESENTATION_CONTEXT('2D SPACE',''
  ) );
#3203 = PCURVE('',#1515,#3204);
#3204 = DEFINITIONAL_REPRESENTATION('',(#3205),#3209);
#3205 = LINE('',#3206,#3207);
#3206 = CARTESIAN_POINT('',(-34.64,1.428238638468E-12));
#3207 = VECTOR('',#3208,1.);
#3208 = DIRECTION('',(-7.345872749418E-27,-1.));
#3209 = ( GEOMETRIC_REPRESENTATION_CONTEXT(2) 
PARAMETRIC_REPRESENTATION_CONTEXT() REPRESENTATION_CONTEXT('2D SPACE',''
  ) );
#3210 = ORIENTED_EDGE('',*,*,#3113,.T.);
#3211 = ORIENTED_EDGE('',*,*,#691,.T.);
#3212 = ADVANCED_FACE('',(#3213),#679,.T.);
#3213 = FACE_BOUND('',#3214,.T.);
#3214 = EDGE_LOOP('',(#3215,#3216,#3238,#3239));
#3215 = ORIENTED_EDGE('',*,*,#1527,.F.);
#3216 = ORIENTED_EDGE('',*,*,#3217,.T.);
#3217 = EDGE_CURVE('',#1500,#3168,#3218,.T.);
#3218 = SURFACE_CURVE('',#3219,(#3224,#3231),.PCURVE_S1.);
#3219 = CIRCLE('',#3220,2.5);
#3220 = AXIS2_PLACEMENT_3D('',#3221,#3222,#3223);
#3221 = CARTESIAN_POINT('',(-6.699999999995,25.700000000247,-16.07));
#3222 = DIRECTION('',(-1.,1.055180248732E-13,-2.517430708338E-14));
#3223 = DIRECTION('',(-2.517430708338E-14,4.123090757702E-14,1.));
#3224 = PCURVE('',#679,#3225);
#3225 = DEFINITIONAL_REPRESENTATION('',(#3226),#3230);
#3226 = LINE('',#3227,#3228);
#3227 = CARTESIAN_POINT('',(-4.59188242985E-13,45.));
#3228 = VECTOR('',#3229,1.);
#3229 = DIRECTION('',(1.,-4.523455546964E-15));
#3230 = ( GEOMETRIC_REPRESENTATION_CONTEXT(2) 
PARAMETRIC_REPRESENTATION_CONTEXT() REPRESENTATION_CONTEXT('2D SPACE',''
  ) );
#3231 = PCURVE('',#1515,#3232);
#3232 = DEFINITIONAL_REPRESENTATION('',(#3233),#3237);
#3233 = CIRCLE('',#3234,2.5);
#3234 = AXIS2_PLACEMENT_2D('',#3235,#3236);
#3235 = CARTESIAN_POINT('',(-32.14,1.325161369525E-12));
#3236 = DIRECTION('',(1.,0.));
#3237 = ( GEOMETRIC_REPRESENTATION_CONTEXT(2) 
PARAMETRIC_REPRESENTATION_CONTEXT() REPRESENTATION_CONTEXT('2D SPACE',''
  ) );
#3238 = ORIENTED_EDGE('',*,*,#3167,.T.);
#3239 = ORIENTED_EDGE('',*,*,#660,.T.);
#3240 = ADVANCED_FACE('',(#3241),#599,.F.);
#3241 = FACE_BOUND('',#3242,.T.);
#3242 = EDGE_LOOP('',(#3243,#3264));
#3243 = ORIENTED_EDGE('',*,*,#3244,.T.);
#3244 = EDGE_CURVE('',#555,#583,#3245,.T.);
#3245 = SURFACE_CURVE('',#3246,(#3250,#3257),.PCURVE_S1.);
#3246 = LINE('',#3247,#3248);
#3247 = CARTESIAN_POINT('',(-23.3,2.674999999747,-1.710263138004));
#3248 = VECTOR('',#3249,1.);
#3249 = DIRECTION('',(-2.517430708338E-14,4.123090757702E-14,1.));
#3250 = PCURVE('',#599,#3251);
#3251 = DEFINITIONAL_REPRESENTATION('',(#3252),#3256);
#3252 = LINE('',#3253,#3254);
#3253 = CARTESIAN_POINT('',(1.710263138,2.675));
#3254 = VECTOR('',#3255,1.);
#3255 = DIRECTION('',(-1.,0.));
#3256 = ( GEOMETRIC_REPRESENTATION_CONTEXT(2) 
PARAMETRIC_REPRESENTATION_CONTEXT() REPRESENTATION_CONTEXT('2D SPACE',''
  ) );
#3257 = PCURVE('',#570,#3258);
#3258 = DEFINITIONAL_REPRESENTATION('',(#3259),#3263);
#3259 = LINE('',#3260,#3261);
#3260 = CARTESIAN_POINT('',(0.,0.));
#3261 = VECTOR('',#3262,1.);
#3262 = DIRECTION('',(-4.351356753199E-27,1.));
#3263 = ( GEOMETRIC_REPRESENTATION_CONTEXT(2) 
PARAMETRIC_REPRESENTATION_CONTEXT() REPRESENTATION_CONTEXT('2D SPACE',''
  ) );
#3264 = ORIENTED_EDGE('',*,*,#582,.F.);
#3265 = ADVANCED_FACE('',(#3266),#570,.F.);
#3266 = FACE_BOUND('',#3267,.T.);
#3267 = EDGE_LOOP('',(#3268,#3269,#3270,#3271));
#3268 = ORIENTED_EDGE('',*,*,#1364,.T.);
#3269 = ORIENTED_EDGE('',*,*,#611,.F.);
#3270 = ORIENTED_EDGE('',*,*,#3244,.F.);
#3271 = ORIENTED_EDGE('',*,*,#554,.T.);
#3272 = ADVANCED_FACE('',(#3273,#3980),#3288,.T.);
#3273 = FACE_BOUND('',#3274,.T.);
#3274 = EDGE_LOOP('',(#3275,#3311,#3339,#3368,#3396,#3429,#3457,#3486,
    #3514,#3543,#3571,#3604,#3632,#3661,#3689,#3718,#3746,#3779,#3807,
    #3836,#3864,#3893,#3921,#3954));
#3275 = ORIENTED_EDGE('',*,*,#3276,.T.);
#3276 = EDGE_CURVE('',#3277,#3279,#3281,.T.);
#3277 = VERTEX_POINT('',#3278);
#3278 = CARTESIAN_POINT('',(27.299999999995,25.700000000247,
    18.569999999996));
#3279 = VERTEX_POINT('',#3280);
#3280 = CARTESIAN_POINT('',(27.299999999995,28.200000000247,
    16.069999999996));
#3281 = SURFACE_CURVE('',#3282,(#3287,#3299),.PCURVE_S1.);
#3282 = CIRCLE('',#3283,2.5);
#3283 = AXIS2_PLACEMENT_3D('',#3284,#3285,#3286);
#3284 = CARTESIAN_POINT('',(27.299999999995,25.700000000247,
    16.069999999996));
#3285 = DIRECTION('',(-1.,1.055180248732E-13,-2.517430708338E-14));
#3286 = DIRECTION('',(-2.517430708338E-14,4.123090757702E-14,1.));
#3287 = PCURVE('',#3288,#3293);
#3288 = PLANE('',#3289);
#3289 = AXIS2_PLACEMENT_3D('',#3290,#3291,#3292);
#3290 = CARTESIAN_POINT('',(27.299999999995,25.700000000247,
    16.069999999996));
#3291 = DIRECTION('',(-1.,1.055180248732E-13,-2.517430708338E-14));
#3292 = DIRECTION('',(-2.517430708338E-14,4.123090757702E-14,1.));
#3293 = DEFINITIONAL_REPRESENTATION('',(#3294),#3298);
#3294 = CIRCLE('',#3295,2.5);
#3295 = AXIS2_PLACEMENT_2D('',#3296,#3297);
#3296 = CARTESIAN_POINT('',(0.,0.));
#3297 = DIRECTION('',(1.,0.));
#3298 = ( GEOMETRIC_REPRESENTATION_CONTEXT(2) 
PARAMETRIC_REPRESENTATION_CONTEXT() REPRESENTATION_CONTEXT('2D SPACE',''
  ) );
#3299 = PCURVE('',#3300,#3305);
#3300 = CYLINDRICAL_SURFACE('',#3301,2.5);
#3301 = AXIS2_PLACEMENT_3D('',#3302,#3303,#3304);
#3302 = CARTESIAN_POINT('',(38.299999999995,25.700000000247,
    16.069999999996));
#3303 = DIRECTION('',(-1.,1.055180248732E-13,-2.517430708338E-14));
#3304 = DIRECTION('',(-2.517430708338E-14,4.123090757702E-14,1.));
#3305 = DEFINITIONAL_REPRESENTATION('',(#3306),#3310);
#3306 = LINE('',#3307,#3308);
#3307 = CARTESIAN_POINT('',(0.,11.));
#3308 = VECTOR('',#3309,1.);
#3309 = DIRECTION('',(1.,0.));
#3310 = ( GEOMETRIC_REPRESENTATION_CONTEXT(2) 
PARAMETRIC_REPRESENTATION_CONTEXT() REPRESENTATION_CONTEXT('2D SPACE',''
  ) );
#3311 = ORIENTED_EDGE('',*,*,#3312,.T.);
#3312 = EDGE_CURVE('',#3279,#3313,#3315,.T.);
#3313 = VERTEX_POINT('',#3314);
#3314 = CARTESIAN_POINT('',(27.300000000005,28.200000000247,-16.07));
#3315 = SURFACE_CURVE('',#3316,(#3320,#3327),.PCURVE_S1.);
#3316 = LINE('',#3317,#3318);
#3317 = CARTESIAN_POINT('',(27.299999999995,28.200000000247,
    16.069999999996));
#3318 = VECTOR('',#3319,1.);
#3319 = DIRECTION('',(2.517430708338E-14,-4.166269935697E-14,-1.));
#3320 = PCURVE('',#3288,#3321);
#3321 = DEFINITIONAL_REPRESENTATION('',(#3322),#3326);
#3322 = LINE('',#3323,#3324);
#3323 = CARTESIAN_POINT('',(1.030772689425E-13,2.5));
#3324 = VECTOR('',#3325,1.);
#3325 = DIRECTION('',(-1.,-4.3179177995E-16));
#3326 = ( GEOMETRIC_REPRESENTATION_CONTEXT(2) 
PARAMETRIC_REPRESENTATION_CONTEXT() REPRESENTATION_CONTEXT('2D SPACE',''
  ) );
#3327 = PCURVE('',#3328,#3333);
#3328 = PLANE('',#3329);
#3329 = AXIS2_PLACEMENT_3D('',#3330,#3331,#3332);
#3330 = CARTESIAN_POINT('',(-12.89999999999,28.200000000247,-23.6));
#3331 = DIRECTION('',(-1.055180248732E-13,-1.,4.108389711295E-14));
#3332 = DIRECTION('',(-2.517430708338E-14,4.108389711295E-14,1.));
#3333 = DEFINITIONAL_REPRESENTATION('',(#3334),#3338);
#3334 = LINE('',#3335,#3336);
#3335 = CARTESIAN_POINT('',(39.669999999999,-40.19999999999));
#3336 = VECTOR('',#3337,1.);
#3337 = DIRECTION('',(-1.,-5.99534287968E-29));
#3338 = ( GEOMETRIC_REPRESENTATION_CONTEXT(2) 
PARAMETRIC_REPRESENTATION_CONTEXT() REPRESENTATION_CONTEXT('2D SPACE',''
  ) );
#3339 = ORIENTED_EDGE('',*,*,#3340,.T.);
#3340 = EDGE_CURVE('',#3313,#3341,#3343,.T.);
#3341 = VERTEX_POINT('',#3342);
#3342 = CARTESIAN_POINT('',(27.300000000005,25.700000000247,-18.57));
#3343 = SURFACE_CURVE('',#3344,(#3349,#3356),.PCURVE_S1.);
#3344 = CIRCLE('',#3345,2.5);
#3345 = AXIS2_PLACEMENT_3D('',#3346,#3347,#3348);
#3346 = CARTESIAN_POINT('',(27.300000000005,25.700000000247,-16.07));
#3347 = DIRECTION('',(-1.,1.055180248732E-13,-2.517430708338E-14));
#3348 = DIRECTION('',(-2.517430708338E-14,4.123090757702E-14,1.));
#3349 = PCURVE('',#3288,#3350);
#3350 = DEFINITIONAL_REPRESENTATION('',(#3351),#3355);
#3351 = CIRCLE('',#3352,2.5);
#3352 = AXIS2_PLACEMENT_2D('',#3353,#3354);
#3353 = CARTESIAN_POINT('',(-32.14,1.325161369525E-12));
#3354 = DIRECTION('',(1.,0.));
#3355 = ( GEOMETRIC_REPRESENTATION_CONTEXT(2) 
PARAMETRIC_REPRESENTATION_CONTEXT() REPRESENTATION_CONTEXT('2D SPACE',''
  ) );
#3356 = PCURVE('',#3357,#3362);
#3357 = CYLINDRICAL_SURFACE('',#3358,2.5);
#3358 = AXIS2_PLACEMENT_3D('',#3359,#3360,#3361);
#3359 = CARTESIAN_POINT('',(38.300000000005,25.700000000247,-16.07));
#3360 = DIRECTION('',(-1.,1.055180248732E-13,-2.517430708338E-14));
#3361 = DIRECTION('',(-2.517430708338E-14,4.123090757702E-14,1.));
#3362 = DEFINITIONAL_REPRESENTATION('',(#3363),#3367);
#3363 = LINE('',#3364,#3365);
#3364 = CARTESIAN_POINT('',(-1.181277298201E-13,11.));
#3365 = VECTOR('',#3366,1.);
#3366 = DIRECTION('',(1.,9.046911093937E-15));
#3367 = ( GEOMETRIC_REPRESENTATION_CONTEXT(2) 
PARAMETRIC_REPRESENTATION_CONTEXT() REPRESENTATION_CONTEXT('2D SPACE',''
  ) );
#3368 = ORIENTED_EDGE('',*,*,#3369,.T.);
#3369 = EDGE_CURVE('',#3341,#3370,#3372,.T.);
#3370 = VERTEX_POINT('',#3371);
#3371 = CARTESIAN_POINT('',(27.300000000004,23.569999999247,-18.57));
#3372 = SURFACE_CURVE('',#3373,(#3377,#3384),.PCURVE_S1.);
#3373 = LINE('',#3374,#3375);
#3374 = CARTESIAN_POINT('',(27.300000000005,25.700000000247,-18.57));
#3375 = VECTOR('',#3376,1.);
#3376 = DIRECTION('',(-1.055180248732E-13,-1.,4.123090757701E-14));
#3377 = PCURVE('',#3288,#3378);
#3378 = DEFINITIONAL_REPRESENTATION('',(#3379),#3383);
#3379 = LINE('',#3380,#3381);
#3380 = CARTESIAN_POINT('',(-34.64,1.428238638468E-12));
#3381 = VECTOR('',#3382,1.);
#3382 = DIRECTION('',(-7.345872749418E-27,-1.));
#3383 = ( GEOMETRIC_REPRESENTATION_CONTEXT(2) 
PARAMETRIC_REPRESENTATION_CONTEXT() REPRESENTATION_CONTEXT('2D SPACE',''
  ) );
#3384 = PCURVE('',#3385,#3390);
#3385 = PLANE('',#3386);
#3386 = AXIS2_PLACEMENT_3D('',#3387,#3388,#3389);
#3387 = CARTESIAN_POINT('',(38.300000000004,23.569999999247,-18.57));
#3388 = DIRECTION('',(-2.517430708338E-14,4.123090757702E-14,1.));
#3389 = DIRECTION('',(1.,-1.055180248732E-13,2.517430708338E-14));
#3390 = DEFINITIONAL_REPRESENTATION('',(#3391),#3395);
#3391 = LINE('',#3392,#3393);
#3392 = CARTESIAN_POINT('',(-10.99999999999,2.130000000999));
#3393 = VECTOR('',#3394,1.);
#3394 = DIRECTION('',(1.03795952867E-27,-1.));
#3395 = ( GEOMETRIC_REPRESENTATION_CONTEXT(2) 
PARAMETRIC_REPRESENTATION_CONTEXT() REPRESENTATION_CONTEXT('2D SPACE',''
  ) );
#3396 = ORIENTED_EDGE('',*,*,#3397,.T.);
#3397 = EDGE_CURVE('',#3370,#3398,#3400,.T.);
#3398 = VERTEX_POINT('',#3399);
#3399 = CARTESIAN_POINT('',(27.300000000004,18.569999999247,-23.57));
#3400 = SURFACE_CURVE('',#3401,(#3406,#3417),.PCURVE_S1.);
#3401 = CIRCLE('',#3402,5.);
#3402 = AXIS2_PLACEMENT_3D('',#3403,#3404,#3405);
#3403 = CARTESIAN_POINT('',(27.300000000004,23.569999999247,-23.57));
#3404 = DIRECTION('',(1.,-1.055180248732E-13,2.517430708338E-14));
#3405 = DIRECTION('',(-2.517430708338E-14,4.123090757702E-14,1.));
#3406 = PCURVE('',#3288,#3407);
#3407 = DEFINITIONAL_REPRESENTATION('',(#3408),#3416);
#3408 = ( BOUNDED_CURVE() B_SPLINE_CURVE(2,(#3409,#3410,#3411,#3412,
#3413,#3414,#3415),.UNSPECIFIED.,.T.,.F.) B_SPLINE_CURVE_WITH_KNOTS((1,2
    ,2,2,2,1),(-2.094395102393,0.,2.094395102393,4.188790204786,
6.28318530718,8.377580409573),.UNSPECIFIED.) CURVE() 
GEOMETRIC_REPRESENTATION_ITEM() RATIONAL_B_SPLINE_CURVE((1.,0.5,1.,0.5,
1.,0.5,1.)) REPRESENTATION_ITEM('') );
#3409 = CARTESIAN_POINT('',(-34.64,-2.130000000998));
#3410 = CARTESIAN_POINT('',(-34.64,-10.79025403884));
#3411 = CARTESIAN_POINT('',(-42.14,-6.460127019921));
#3412 = CARTESIAN_POINT('',(-49.64,-2.130000000998));
#3413 = CARTESIAN_POINT('',(-42.14,2.200127017924));
#3414 = CARTESIAN_POINT('',(-34.64,6.530254036846));
#3415 = CARTESIAN_POINT('',(-34.64,-2.130000000998));
#3416 = ( GEOMETRIC_REPRESENTATION_CONTEXT(2) 
PARAMETRIC_REPRESENTATION_CONTEXT() REPRESENTATION_CONTEXT('2D SPACE',''
  ) );
#3417 = PCURVE('',#3418,#3423);
#3418 = CYLINDRICAL_SURFACE('',#3419,5.);
#3419 = AXIS2_PLACEMENT_3D('',#3420,#3421,#3422);
#3420 = CARTESIAN_POINT('',(38.300000000004,23.569999999247,-23.57));
#3421 = DIRECTION('',(-1.,1.055180248732E-13,-2.517430708338E-14));
#3422 = DIRECTION('',(-2.517430708338E-14,4.123090757702E-14,1.));
#3423 = DEFINITIONAL_REPRESENTATION('',(#3424),#3428);
#3424 = LINE('',#3425,#3426);
#3425 = CARTESIAN_POINT('',(6.28318530718,11.));
#3426 = VECTOR('',#3427,1.);
#3427 = DIRECTION('',(-1.,-9.046911093941E-15));
#3428 = ( GEOMETRIC_REPRESENTATION_CONTEXT(2) 
PARAMETRIC_REPRESENTATION_CONTEXT() REPRESENTATION_CONTEXT('2D SPACE',''
  ) );
#3429 = ORIENTED_EDGE('',*,*,#3430,.T.);
#3430 = EDGE_CURVE('',#3398,#3431,#3433,.T.);
#3431 = VERTEX_POINT('',#3432);
#3432 = CARTESIAN_POINT('',(27.300000000004,18.569999999247,-25.7));
#3433 = SURFACE_CURVE('',#3434,(#3438,#3445),.PCURVE_S1.);
#3434 = LINE('',#3435,#3436);
#3435 = CARTESIAN_POINT('',(27.300000000004,18.569999999247,-23.57));
#3436 = VECTOR('',#3437,1.);
#3437 = DIRECTION('',(2.517430708338E-14,-3.960205924277E-14,-1.));
#3438 = PCURVE('',#3288,#3439);
#3439 = DEFINITIONAL_REPRESENTATION('',(#3440),#3444);
#3440 = LINE('',#3441,#3442);
#3441 = CARTESIAN_POINT('',(-39.64,-7.130000000998));
#3442 = VECTOR('',#3443,1.);
#3443 = DIRECTION('',(-1.,1.62884833425E-15));
#3444 = ( GEOMETRIC_REPRESENTATION_CONTEXT(2) 
PARAMETRIC_REPRESENTATION_CONTEXT() REPRESENTATION_CONTEXT('2D SPACE',''
  ) );
#3445 = PCURVE('',#3446,#3451);
#3446 = PLANE('',#3447);
#3447 = AXIS2_PLACEMENT_3D('',#3448,#3449,#3450);
#3448 = CARTESIAN_POINT('',(38.300000000004,18.569999999247,-23.57));
#3449 = DIRECTION('',(-1.055180248732E-13,-1.,3.960205924276E-14));
#3450 = DIRECTION('',(-2.517430708338E-14,3.960205924276E-14,1.));
#3451 = DEFINITIONAL_REPRESENTATION('',(#3452),#3456);
#3452 = LINE('',#3453,#3454);
#3453 = CARTESIAN_POINT('',(2.769173779172E-13,11.));
#3454 = VECTOR('',#3455,1.);
#3455 = DIRECTION('',(-1.,0.));
#3456 = ( GEOMETRIC_REPRESENTATION_CONTEXT(2) 
PARAMETRIC_REPRESENTATION_CONTEXT() REPRESENTATION_CONTEXT('2D SPACE',''
  ) );
#3457 = ORIENTED_EDGE('',*,*,#3458,.T.);
#3458 = EDGE_CURVE('',#3431,#3459,#3461,.T.);
#3459 = VERTEX_POINT('',#3460);
#3460 = CARTESIAN_POINT('',(27.300000000004,16.069999999247,-28.2));
#3461 = SURFACE_CURVE('',#3462,(#3467,#3474),.PCURVE_S1.);
#3462 = CIRCLE('',#3463,2.5);
#3463 = AXIS2_PLACEMENT_3D('',#3464,#3465,#3466);
#3464 = CARTESIAN_POINT('',(27.300000000004,16.069999999247,-25.7));
#3465 = DIRECTION('',(-1.,1.055180248732E-13,-2.517430708338E-14));
#3466 = DIRECTION('',(-2.517430708338E-14,4.123090757702E-14,1.));
#3467 = PCURVE('',#3288,#3468);
#3468 = DEFINITIONAL_REPRESENTATION('',(#3469),#3473);
#3469 = CIRCLE('',#3470,2.5);
#3470 = AXIS2_PLACEMENT_2D('',#3471,#3472);
#3471 = CARTESIAN_POINT('',(-41.77,-9.630000000998));
#3472 = DIRECTION('',(1.,0.));
#3473 = ( GEOMETRIC_REPRESENTATION_CONTEXT(2) 
PARAMETRIC_REPRESENTATION_CONTEXT() REPRESENTATION_CONTEXT('2D SPACE',''
  ) );
#3474 = PCURVE('',#3475,#3480);
#3475 = CYLINDRICAL_SURFACE('',#3476,2.5);
#3476 = AXIS2_PLACEMENT_3D('',#3477,#3478,#3479);
#3477 = CARTESIAN_POINT('',(38.300000000004,16.069999999247,-25.7));
#3478 = DIRECTION('',(-1.,1.055180248732E-13,-2.517430708338E-14));
#3479 = DIRECTION('',(-2.517430708338E-14,4.123090757702E-14,1.));
#3480 = DEFINITIONAL_REPRESENTATION('',(#3481),#3485);
#3481 = LINE('',#3482,#3483);
#3482 = CARTESIAN_POINT('',(-1.181277298201E-13,11.));
#3483 = VECTOR('',#3484,1.);
#3484 = DIRECTION('',(1.,1.809382218787E-14));
#3485 = ( GEOMETRIC_REPRESENTATION_CONTEXT(2) 
PARAMETRIC_REPRESENTATION_CONTEXT() REPRESENTATION_CONTEXT('2D SPACE',''
  ) );
#3486 = ORIENTED_EDGE('',*,*,#3487,.T.);
#3487 = EDGE_CURVE('',#3459,#3488,#3490,.T.);
#3488 = VERTEX_POINT('',#3489);
#3489 = CARTESIAN_POINT('',(27.300000000004,-16.07000000025,
    -28.19999999999));
#3490 = SURFACE_CURVE('',#3491,(#3495,#3502),.PCURVE_S1.);
#3491 = LINE('',#3492,#3493);
#3492 = CARTESIAN_POINT('',(27.300000000004,16.069999999247,-28.2));
#3493 = VECTOR('',#3494,1.);
#3494 = DIRECTION('',(-1.055180248732E-13,-1.,4.198654319194E-14));
#3495 = PCURVE('',#3288,#3496);
#3496 = DEFINITIONAL_REPRESENTATION('',(#3497),#3501);
#3497 = LINE('',#3498,#3499);
#3498 = CARTESIAN_POINT('',(-44.27,-9.630000000998));
#3499 = VECTOR('',#3500,1.);
#3500 = DIRECTION('',(7.556356149227E-16,-1.));
#3501 = ( GEOMETRIC_REPRESENTATION_CONTEXT(2) 
PARAMETRIC_REPRESENTATION_CONTEXT() REPRESENTATION_CONTEXT('2D SPACE',''
  ) );
#3502 = PCURVE('',#3503,#3508);
#3503 = PLANE('',#3504);
#3504 = AXIS2_PLACEMENT_3D('',#3505,#3506,#3507);
#3505 = CARTESIAN_POINT('',(-12.89999999999,-23.60000000025,
    -28.19999999999));
#3506 = DIRECTION('',(-2.517430708338E-14,4.123090757702E-14,1.));
#3507 = DIRECTION('',(1.,-1.055180248732E-13,2.517430708338E-14));
#3508 = DEFINITIONAL_REPRESENTATION('',(#3509),#3513);
#3509 = LINE('',#3510,#3511);
#3510 = CARTESIAN_POINT('',(40.199999999996,39.669999999504));
#3511 = VECTOR('',#3512,1.);
#3512 = DIRECTION('',(1.063203077638E-27,-1.));
#3513 = ( GEOMETRIC_REPRESENTATION_CONTEXT(2) 
PARAMETRIC_REPRESENTATION_CONTEXT() REPRESENTATION_CONTEXT('2D SPACE',''
  ) );
#3514 = ORIENTED_EDGE('',*,*,#3515,.T.);
#3515 = EDGE_CURVE('',#3488,#3516,#3518,.T.);
#3516 = VERTEX_POINT('',#3517);
#3517 = CARTESIAN_POINT('',(27.300000000004,-18.57000000025,
    -25.69999999999));
#3518 = SURFACE_CURVE('',#3519,(#3524,#3531),.PCURVE_S1.);
#3519 = CIRCLE('',#3520,2.5);
#3520 = AXIS2_PLACEMENT_3D('',#3521,#3522,#3523);
#3521 = CARTESIAN_POINT('',(27.300000000004,-16.07000000025,
    -25.69999999999));
#3522 = DIRECTION('',(-1.,1.055180248732E-13,-2.517430708338E-14));
#3523 = DIRECTION('',(-2.517430708338E-14,4.123090757702E-14,1.));
#3524 = PCURVE('',#3288,#3525);
#3525 = DEFINITIONAL_REPRESENTATION('',(#3526),#3530);
#3526 = CIRCLE('',#3527,2.5);
#3527 = AXIS2_PLACEMENT_2D('',#3528,#3529);
#3528 = CARTESIAN_POINT('',(-41.76999999999,-41.77000000049));
#3529 = DIRECTION('',(1.,0.));
#3530 = ( GEOMETRIC_REPRESENTATION_CONTEXT(2) 
PARAMETRIC_REPRESENTATION_CONTEXT() REPRESENTATION_CONTEXT('2D SPACE',''
  ) );
#3531 = PCURVE('',#3532,#3537);
#3532 = CYLINDRICAL_SURFACE('',#3533,2.5);
#3533 = AXIS2_PLACEMENT_3D('',#3534,#3535,#3536);
#3534 = CARTESIAN_POINT('',(38.300000000004,-16.07000000025,
    -25.69999999999));
#3535 = DIRECTION('',(-1.,1.055180248732E-13,-2.517430708338E-14));
#3536 = DIRECTION('',(-2.517430708338E-14,4.123090757702E-14,1.));
#3537 = DEFINITIONAL_REPRESENTATION('',(#3538),#3542);
#3538 = LINE('',#3539,#3540);
#3539 = CARTESIAN_POINT('',(4.547473508865E-13,11.));
#3540 = VECTOR('',#3541,1.);
#3541 = DIRECTION('',(1.,0.));
#3542 = ( GEOMETRIC_REPRESENTATION_CONTEXT(2) 
PARAMETRIC_REPRESENTATION_CONTEXT() REPRESENTATION_CONTEXT('2D SPACE',''
  ) );
#3543 = ORIENTED_EDGE('',*,*,#3544,.T.);
#3544 = EDGE_CURVE('',#3516,#3545,#3547,.T.);
#3545 = VERTEX_POINT('',#3546);
#3546 = CARTESIAN_POINT('',(27.300000000004,-18.57000000025,-23.57));
#3547 = SURFACE_CURVE('',#3548,(#3552,#3559),.PCURVE_S1.);
#3548 = LINE('',#3549,#3550);
#3549 = CARTESIAN_POINT('',(27.300000000004,-18.57000000025,
    -25.69999999999));
#3550 = VECTOR('',#3551,1.);
#3551 = DIRECTION('',(-2.517430708338E-14,4.285975591127E-14,1.));
#3552 = PCURVE('',#3288,#3553);
#3553 = DEFINITIONAL_REPRESENTATION('',(#3554),#3558);
#3554 = LINE('',#3555,#3556);
#3555 = CARTESIAN_POINT('',(-41.76999999999,-44.27000000049));
#3556 = VECTOR('',#3557,1.);
#3557 = DIRECTION('',(1.,1.62884833425E-15));
#3558 = ( GEOMETRIC_REPRESENTATION_CONTEXT(2) 
PARAMETRIC_REPRESENTATION_CONTEXT() REPRESENTATION_CONTEXT('2D SPACE',''
  ) );
#3559 = PCURVE('',#3560,#3565);
#3560 = PLANE('',#3561);
#3561 = AXIS2_PLACEMENT_3D('',#3562,#3563,#3564);
#3562 = CARTESIAN_POINT('',(38.300000000004,-18.57000000025,-23.57));
#3563 = DIRECTION('',(1.055180248732E-13,1.,-4.285975591127E-14));
#3564 = DIRECTION('',(2.517430708338E-14,-4.285975591127E-14,-1.));
#3565 = DEFINITIONAL_REPRESENTATION('',(#3566),#3570);
#3566 = LINE('',#3567,#3568);
#3567 = CARTESIAN_POINT('',(2.12999999999,11.));
#3568 = VECTOR('',#3569,1.);
#3569 = DIRECTION('',(-1.,0.));
#3570 = ( GEOMETRIC_REPRESENTATION_CONTEXT(2) 
PARAMETRIC_REPRESENTATION_CONTEXT() REPRESENTATION_CONTEXT('2D SPACE',''
  ) );
#3571 = ORIENTED_EDGE('',*,*,#3572,.T.);
#3572 = EDGE_CURVE('',#3545,#3573,#3575,.T.);
#3573 = VERTEX_POINT('',#3574);
#3574 = CARTESIAN_POINT('',(27.300000000004,-23.57000000025,-18.57));
#3575 = SURFACE_CURVE('',#3576,(#3581,#3592),.PCURVE_S1.);
#3576 = CIRCLE('',#3577,5.);
#3577 = AXIS2_PLACEMENT_3D('',#3578,#3579,#3580);
#3578 = CARTESIAN_POINT('',(27.300000000004,-23.57000000025,-23.57));
#3579 = DIRECTION('',(1.,-1.055180248732E-13,2.517430708338E-14));
#3580 = DIRECTION('',(-2.517430708338E-14,4.123090757702E-14,1.));
#3581 = PCURVE('',#3288,#3582);
#3582 = DEFINITIONAL_REPRESENTATION('',(#3583),#3591);
#3583 = ( BOUNDED_CURVE() B_SPLINE_CURVE(2,(#3584,#3585,#3586,#3587,
#3588,#3589,#3590),.UNSPECIFIED.,.T.,.F.) B_SPLINE_CURVE_WITH_KNOTS((1,2
    ,2,2,2,1),(-2.094395102393,0.,2.094395102393,4.188790204786,
6.28318530718,8.377580409573),.UNSPECIFIED.) CURVE() 
GEOMETRIC_REPRESENTATION_ITEM() RATIONAL_B_SPLINE_CURVE((1.,0.5,1.,0.5,
1.,0.5,1.)) REPRESENTATION_ITEM('') );
#3584 = CARTESIAN_POINT('',(-34.64,-49.27000000049));
#3585 = CARTESIAN_POINT('',(-34.64,-57.93025403834));
#3586 = CARTESIAN_POINT('',(-42.14,-53.60012701942));
#3587 = CARTESIAN_POINT('',(-49.64,-49.27000000049));
#3588 = CARTESIAN_POINT('',(-42.14,-44.93987298157));
#3589 = CARTESIAN_POINT('',(-34.64,-40.60974596265));
#3590 = CARTESIAN_POINT('',(-34.64,-49.27000000049));
#3591 = ( GEOMETRIC_REPRESENTATION_CONTEXT(2) 
PARAMETRIC_REPRESENTATION_CONTEXT() REPRESENTATION_CONTEXT('2D SPACE',''
  ) );
#3592 = PCURVE('',#3593,#3598);
#3593 = CYLINDRICAL_SURFACE('',#3594,5.);
#3594 = AXIS2_PLACEMENT_3D('',#3595,#3596,#3597);
#3595 = CARTESIAN_POINT('',(38.300000000004,-23.57000000025,-23.57));
#3596 = DIRECTION('',(-1.,1.055180248732E-13,-2.517430708338E-14));
#3597 = DIRECTION('',(-2.517430708338E-14,4.123090757702E-14,1.));
#3598 = DEFINITIONAL_REPRESENTATION('',(#3599),#3603);
#3599 = LINE('',#3600,#3601);
#3600 = CARTESIAN_POINT('',(6.28318530718,11.));
#3601 = VECTOR('',#3602,1.);
#3602 = DIRECTION('',(-1.,-9.046911093941E-15));
#3603 = ( GEOMETRIC_REPRESENTATION_CONTEXT(2) 
PARAMETRIC_REPRESENTATION_CONTEXT() REPRESENTATION_CONTEXT('2D SPACE',''
  ) );
#3604 = ORIENTED_EDGE('',*,*,#3605,.T.);
#3605 = EDGE_CURVE('',#3573,#3606,#3608,.T.);
#3606 = VERTEX_POINT('',#3607);
#3607 = CARTESIAN_POINT('',(27.300000000004,-25.70000000025,-18.57));
#3608 = SURFACE_CURVE('',#3609,(#3613,#3620),.PCURVE_S1.);
#3609 = LINE('',#3610,#3611);
#3610 = CARTESIAN_POINT('',(27.300000000004,-23.57000000025,-18.57));
#3611 = VECTOR('',#3612,1.);
#3612 = DIRECTION('',(-1.055180248732E-13,-1.,4.123090757701E-14));
#3613 = PCURVE('',#3288,#3614);
#3614 = DEFINITIONAL_REPRESENTATION('',(#3615),#3619);
#3615 = LINE('',#3616,#3617);
#3616 = CARTESIAN_POINT('',(-34.64,-49.27000000049));
#3617 = VECTOR('',#3618,1.);
#3618 = DIRECTION('',(-7.345872749418E-27,-1.));
#3619 = ( GEOMETRIC_REPRESENTATION_CONTEXT(2) 
PARAMETRIC_REPRESENTATION_CONTEXT() REPRESENTATION_CONTEXT('2D SPACE',''
  ) );
#3620 = PCURVE('',#3621,#3626);
#3621 = PLANE('',#3622);
#3622 = AXIS2_PLACEMENT_3D('',#3623,#3624,#3625);
#3623 = CARTESIAN_POINT('',(38.300000000004,-23.57000000025,-18.57));
#3624 = DIRECTION('',(-2.517430708338E-14,4.123090757702E-14,1.));
#3625 = DIRECTION('',(1.,-1.055180248732E-13,2.517430708338E-14));
#3626 = DEFINITIONAL_REPRESENTATION('',(#3627),#3631);
#3627 = LINE('',#3628,#3629);
#3628 = CARTESIAN_POINT('',(-11.,-1.160698273605E-12));
#3629 = VECTOR('',#3630,1.);
#3630 = DIRECTION('',(1.03795952867E-27,-1.));
#3631 = ( GEOMETRIC_REPRESENTATION_CONTEXT(2) 
PARAMETRIC_REPRESENTATION_CONTEXT() REPRESENTATION_CONTEXT('2D SPACE',''
  ) );
#3632 = ORIENTED_EDGE('',*,*,#3633,.T.);
#3633 = EDGE_CURVE('',#3606,#3634,#3636,.T.);
#3634 = VERTEX_POINT('',#3635);
#3635 = CARTESIAN_POINT('',(27.300000000004,-28.20000000025,-16.07));
#3636 = SURFACE_CURVE('',#3637,(#3642,#3649),.PCURVE_S1.);
#3637 = CIRCLE('',#3638,2.5);
#3638 = AXIS2_PLACEMENT_3D('',#3639,#3640,#3641);
#3639 = CARTESIAN_POINT('',(27.300000000004,-25.70000000025,-16.07));
#3640 = DIRECTION('',(-1.,1.055180248732E-13,-2.517430708338E-14));
#3641 = DIRECTION('',(-2.517430708338E-14,4.123090757702E-14,1.));
#3642 = PCURVE('',#3288,#3643);
#3643 = DEFINITIONAL_REPRESENTATION('',(#3644),#3648);
#3644 = CIRCLE('',#3645,2.5);
#3645 = AXIS2_PLACEMENT_2D('',#3646,#3647);
#3646 = CARTESIAN_POINT('',(-32.14,-51.40000000049));
#3647 = DIRECTION('',(1.,0.));
#3648 = ( GEOMETRIC_REPRESENTATION_CONTEXT(2) 
PARAMETRIC_REPRESENTATION_CONTEXT() REPRESENTATION_CONTEXT('2D SPACE',''
  ) );
#3649 = PCURVE('',#3650,#3655);
#3650 = CYLINDRICAL_SURFACE('',#3651,2.5);
#3651 = AXIS2_PLACEMENT_3D('',#3652,#3653,#3654);
#3652 = CARTESIAN_POINT('',(38.300000000004,-25.70000000025,-16.07));
#3653 = DIRECTION('',(-1.,1.055180248732E-13,-2.517430708338E-14));
#3654 = DIRECTION('',(-2.517430708338E-14,4.123090757702E-14,1.));
#3655 = DEFINITIONAL_REPRESENTATION('',(#3656),#3660);
#3656 = LINE('',#3657,#3658);
#3657 = CARTESIAN_POINT('',(4.547473508865E-13,11.));
#3658 = VECTOR('',#3659,1.);
#3659 = DIRECTION('',(1.,-9.046911093943E-15));
#3660 = ( GEOMETRIC_REPRESENTATION_CONTEXT(2) 
PARAMETRIC_REPRESENTATION_CONTEXT() REPRESENTATION_CONTEXT('2D SPACE',''
  ) );
#3661 = ORIENTED_EDGE('',*,*,#3662,.T.);
#3662 = EDGE_CURVE('',#3634,#3663,#3665,.T.);
#3663 = VERTEX_POINT('',#3664);
#3664 = CARTESIAN_POINT('',(27.299999999995,-28.20000000025,
    16.069999999996));
#3665 = SURFACE_CURVE('',#3666,(#3670,#3677),.PCURVE_S1.);
#3666 = LINE('',#3667,#3668);
#3667 = CARTESIAN_POINT('',(27.300000000004,-28.20000000025,-16.07));
#3668 = VECTOR('',#3669,1.);
#3669 = DIRECTION('',(-2.517430708338E-14,4.047527196209E-14,1.));
#3670 = PCURVE('',#3288,#3671);
#3671 = DEFINITIONAL_REPRESENTATION('',(#3672),#3676);
#3672 = LINE('',#3673,#3674);
#3673 = CARTESIAN_POINT('',(-32.14,-53.90000000049));
#3674 = VECTOR('',#3675,1.);
#3675 = DIRECTION('',(1.,-7.5563561493E-16));
#3676 = ( GEOMETRIC_REPRESENTATION_CONTEXT(2) 
PARAMETRIC_REPRESENTATION_CONTEXT() REPRESENTATION_CONTEXT('2D SPACE',''
  ) );
#3677 = PCURVE('',#3678,#3683);
#3678 = PLANE('',#3679);
#3679 = AXIS2_PLACEMENT_3D('',#3680,#3681,#3682);
#3680 = CARTESIAN_POINT('',(-12.89999999999,-28.20000000025,-23.6));
#3681 = DIRECTION('',(1.055180248732E-13,1.,-4.108389711295E-14));
#3682 = DIRECTION('',(2.517430708338E-14,-4.108389711295E-14,-1.));
#3683 = DEFINITIONAL_REPRESENTATION('',(#3684),#3688);
#3684 = LINE('',#3685,#3686);
#3685 = CARTESIAN_POINT('',(-7.529999999999,-40.2));
#3686 = VECTOR('',#3687,1.);
#3687 = DIRECTION('',(-1.,-6.310887241768E-29));
#3688 = ( GEOMETRIC_REPRESENTATION_CONTEXT(2) 
PARAMETRIC_REPRESENTATION_CONTEXT() REPRESENTATION_CONTEXT('2D SPACE',''
  ) );
#3689 = ORIENTED_EDGE('',*,*,#3690,.T.);
#3690 = EDGE_CURVE('',#3663,#3691,#3693,.T.);
#3691 = VERTEX_POINT('',#3692);
#3692 = CARTESIAN_POINT('',(27.299999999995,-25.70000000025,
    18.569999999996));
#3693 = SURFACE_CURVE('',#3694,(#3699,#3706),.PCURVE_S1.);
#3694 = CIRCLE('',#3695,2.5);
#3695 = AXIS2_PLACEMENT_3D('',#3696,#3697,#3698);
#3696 = CARTESIAN_POINT('',(27.299999999995,-25.70000000025,
    16.069999999996));
#3697 = DIRECTION('',(-1.,1.055180248732E-13,-2.517430708338E-14));
#3698 = DIRECTION('',(-2.517430708338E-14,4.123090757702E-14,1.));
#3699 = PCURVE('',#3288,#3700);
#3700 = DEFINITIONAL_REPRESENTATION('',(#3701),#3705);
#3701 = CIRCLE('',#3702,2.5);
#3702 = AXIS2_PLACEMENT_2D('',#3703,#3704);
#3703 = CARTESIAN_POINT('',(-2.119268649479E-12,-51.4000000005));
#3704 = DIRECTION('',(1.,0.));
#3705 = ( GEOMETRIC_REPRESENTATION_CONTEXT(2) 
PARAMETRIC_REPRESENTATION_CONTEXT() REPRESENTATION_CONTEXT('2D SPACE',''
  ) );
#3706 = PCURVE('',#3707,#3712);
#3707 = CYLINDRICAL_SURFACE('',#3708,2.5);
#3708 = AXIS2_PLACEMENT_3D('',#3709,#3710,#3711);
#3709 = CARTESIAN_POINT('',(38.299999999995,-25.70000000025,
    16.069999999996));
#3710 = DIRECTION('',(-1.,1.055180248732E-13,-2.517430708338E-14));
#3711 = DIRECTION('',(-2.517430708338E-14,4.123090757702E-14,1.));
#3712 = DEFINITIONAL_REPRESENTATION('',(#3713),#3717);
#3713 = LINE('',#3714,#3715);
#3714 = CARTESIAN_POINT('',(1.092459456231E-13,11.));
#3715 = VECTOR('',#3716,1.);
#3716 = DIRECTION('',(1.,0.));
#3717 = ( GEOMETRIC_REPRESENTATION_CONTEXT(2) 
PARAMETRIC_REPRESENTATION_CONTEXT() REPRESENTATION_CONTEXT('2D SPACE',''
  ) );
#3718 = ORIENTED_EDGE('',*,*,#3719,.T.);
#3719 = EDGE_CURVE('',#3691,#3720,#3722,.T.);
#3720 = VERTEX_POINT('',#3721);
#3721 = CARTESIAN_POINT('',(27.299999999995,-23.57000000025,
    18.569999999996));
#3722 = SURFACE_CURVE('',#3723,(#3727,#3734),.PCURVE_S1.);
#3723 = LINE('',#3724,#3725);
#3724 = CARTESIAN_POINT('',(27.299999999995,-25.70000000025,
    18.569999999996));
#3725 = VECTOR('',#3726,1.);
#3726 = DIRECTION('',(1.055180248732E-13,1.,-4.123090757701E-14));
#3727 = PCURVE('',#3288,#3728);
#3728 = DEFINITIONAL_REPRESENTATION('',(#3729),#3733);
#3729 = LINE('',#3730,#3731);
#3730 = CARTESIAN_POINT('',(2.499999999998,-51.4000000005));
#3731 = VECTOR('',#3732,1.);
#3732 = DIRECTION('',(7.345872749418E-27,1.));
#3733 = ( GEOMETRIC_REPRESENTATION_CONTEXT(2) 
PARAMETRIC_REPRESENTATION_CONTEXT() REPRESENTATION_CONTEXT('2D SPACE',''
  ) );
#3734 = PCURVE('',#3735,#3740);
#3735 = PLANE('',#3736);
#3736 = AXIS2_PLACEMENT_3D('',#3737,#3738,#3739);
#3737 = CARTESIAN_POINT('',(38.299999999995,-23.57000000025,
    18.569999999996));
#3738 = DIRECTION('',(2.517430708338E-14,-4.123090757702E-14,-1.));
#3739 = DIRECTION('',(-1.,1.055180248732E-13,-2.517430708338E-14));
#3740 = DEFINITIONAL_REPRESENTATION('',(#3741),#3745);
#3741 = LINE('',#3742,#3743);
#3742 = CARTESIAN_POINT('',(11.,-2.130000000001));
#3743 = VECTOR('',#3744,1.);
#3744 = DIRECTION('',(1.03795952867E-27,1.));
#3745 = ( GEOMETRIC_REPRESENTATION_CONTEXT(2) 
PARAMETRIC_REPRESENTATION_CONTEXT() REPRESENTATION_CONTEXT('2D SPACE',''
  ) );
#3746 = ORIENTED_EDGE('',*,*,#3747,.T.);
#3747 = EDGE_CURVE('',#3720,#3748,#3750,.T.);
#3748 = VERTEX_POINT('',#3749);
#3749 = CARTESIAN_POINT('',(27.299999999995,-18.57000000025,
    23.569999999996));
#3750 = SURFACE_CURVE('',#3751,(#3756,#3767),.PCURVE_S1.);
#3751 = CIRCLE('',#3752,5.);
#3752 = AXIS2_PLACEMENT_3D('',#3753,#3754,#3755);
#3753 = CARTESIAN_POINT('',(27.299999999995,-23.57000000025,
    23.569999999996));
#3754 = DIRECTION('',(1.,-1.055180248732E-13,2.517430708338E-14));
#3755 = DIRECTION('',(-2.517430708338E-14,4.123090757702E-14,1.));
#3756 = PCURVE('',#3288,#3757);
#3757 = DEFINITIONAL_REPRESENTATION('',(#3758),#3766);
#3758 = ( BOUNDED_CURVE() B_SPLINE_CURVE(2,(#3759,#3760,#3761,#3762,
#3763,#3764,#3765),.UNSPECIFIED.,.T.,.F.) B_SPLINE_CURVE_WITH_KNOTS((1,2
    ,2,2,2,1),(-2.094395102393,0.,2.094395102393,4.188790204786,
6.28318530718,8.377580409573),.UNSPECIFIED.) CURVE() 
GEOMETRIC_REPRESENTATION_ITEM() RATIONAL_B_SPLINE_CURVE((1.,0.5,1.,0.5,
1.,0.5,1.)) REPRESENTATION_ITEM('') );
#3759 = CARTESIAN_POINT('',(12.499999999998,-49.2700000005));
#3760 = CARTESIAN_POINT('',(12.499999999998,-57.93025403834));
#3761 = CARTESIAN_POINT('',(4.999999999998,-53.60012701942));
#3762 = CARTESIAN_POINT('',(-2.500000000002,-49.2700000005));
#3763 = CARTESIAN_POINT('',(4.999999999998,-44.93987298157));
#3764 = CARTESIAN_POINT('',(12.499999999998,-40.60974596265));
#3765 = CARTESIAN_POINT('',(12.499999999998,-49.2700000005));
#3766 = ( GEOMETRIC_REPRESENTATION_CONTEXT(2) 
PARAMETRIC_REPRESENTATION_CONTEXT() REPRESENTATION_CONTEXT('2D SPACE',''
  ) );
#3767 = PCURVE('',#3768,#3773);
#3768 = CYLINDRICAL_SURFACE('',#3769,5.);
#3769 = AXIS2_PLACEMENT_3D('',#3770,#3771,#3772);
#3770 = CARTESIAN_POINT('',(38.299999999995,-23.57000000025,
    23.569999999996));
#3771 = DIRECTION('',(-1.,1.055180248732E-13,-2.517430708338E-14));
#3772 = DIRECTION('',(-2.517430708338E-14,4.123090757702E-14,1.));
#3773 = DEFINITIONAL_REPRESENTATION('',(#3774),#3778);
#3774 = LINE('',#3775,#3776);
#3775 = CARTESIAN_POINT('',(6.28318530718,11.));
#3776 = VECTOR('',#3777,1.);
#3777 = DIRECTION('',(-1.,9.046911093939E-15));
#3778 = ( GEOMETRIC_REPRESENTATION_CONTEXT(2) 
PARAMETRIC_REPRESENTATION_CONTEXT() REPRESENTATION_CONTEXT('2D SPACE',''
  ) );
#3779 = ORIENTED_EDGE('',*,*,#3780,.T.);
#3780 = EDGE_CURVE('',#3748,#3781,#3783,.T.);
#3781 = VERTEX_POINT('',#3782);
#3782 = CARTESIAN_POINT('',(27.299999999995,-18.57000000025,
    25.699999999996));
#3783 = SURFACE_CURVE('',#3784,(#3788,#3795),.PCURVE_S1.);
#3784 = LINE('',#3785,#3786);
#3785 = CARTESIAN_POINT('',(27.299999999995,-18.57000000025,
    23.569999999996));
#3786 = VECTOR('',#3787,1.);
#3787 = DIRECTION('',(-2.517430708338E-14,4.123090757702E-14,1.));
#3788 = PCURVE('',#3288,#3789);
#3789 = DEFINITIONAL_REPRESENTATION('',(#3790),#3794);
#3790 = LINE('',#3791,#3792);
#3791 = CARTESIAN_POINT('',(7.499999999998,-44.2700000005));
#3792 = VECTOR('',#3793,1.);
#3793 = DIRECTION('',(1.,0.));
#3794 = ( GEOMETRIC_REPRESENTATION_CONTEXT(2) 
PARAMETRIC_REPRESENTATION_CONTEXT() REPRESENTATION_CONTEXT('2D SPACE',''
  ) );
#3795 = PCURVE('',#3796,#3801);
#3796 = PLANE('',#3797);
#3797 = AXIS2_PLACEMENT_3D('',#3798,#3799,#3800);
#3798 = CARTESIAN_POINT('',(38.299999999995,-18.57000000025,
    23.569999999996));
#3799 = DIRECTION('',(1.055180248732E-13,1.,-3.960205924276E-14));
#3800 = DIRECTION('',(2.517430708338E-14,-3.960205924276E-14,-1.));
#3801 = DEFINITIONAL_REPRESENTATION('',(#3802),#3806);
#3802 = LINE('',#3803,#3804);
#3803 = CARTESIAN_POINT('',(-2.769173779172E-13,11.));
#3804 = VECTOR('',#3805,1.);
#3805 = DIRECTION('',(-1.,1.703939555277E-28));
#3806 = ( GEOMETRIC_REPRESENTATION_CONTEXT(2) 
PARAMETRIC_REPRESENTATION_CONTEXT() REPRESENTATION_CONTEXT('2D SPACE',''
  ) );
#3807 = ORIENTED_EDGE('',*,*,#3808,.T.);
#3808 = EDGE_CURVE('',#3781,#3809,#3811,.T.);
#3809 = VERTEX_POINT('',#3810);
#3810 = CARTESIAN_POINT('',(27.299999999995,-16.07000000025,
    28.199999999996));
#3811 = SURFACE_CURVE('',#3812,(#3817,#3824),.PCURVE_S1.);
#3812 = CIRCLE('',#3813,2.5);
#3813 = AXIS2_PLACEMENT_3D('',#3814,#3815,#3816);
#3814 = CARTESIAN_POINT('',(27.299999999995,-16.07000000025,
    25.699999999996));
#3815 = DIRECTION('',(-1.,1.055180248732E-13,-2.517430708338E-14));
#3816 = DIRECTION('',(-2.517430708338E-14,4.123090757702E-14,1.));
#3817 = PCURVE('',#3288,#3818);
#3818 = DEFINITIONAL_REPRESENTATION('',(#3819),#3823);
#3819 = CIRCLE('',#3820,2.5);
#3820 = AXIS2_PLACEMENT_2D('',#3821,#3822);
#3821 = CARTESIAN_POINT('',(9.629999999998,-41.7700000005));
#3822 = DIRECTION('',(1.,0.));
#3823 = ( GEOMETRIC_REPRESENTATION_CONTEXT(2) 
PARAMETRIC_REPRESENTATION_CONTEXT() REPRESENTATION_CONTEXT('2D SPACE',''
  ) );
#3824 = PCURVE('',#3825,#3830);
#3825 = CYLINDRICAL_SURFACE('',#3826,2.5);
#3826 = AXIS2_PLACEMENT_3D('',#3827,#3828,#3829);
#3827 = CARTESIAN_POINT('',(38.299999999995,-16.07000000025,
    25.699999999996));
#3828 = DIRECTION('',(-1.,1.055180248732E-13,-2.517430708338E-14));
#3829 = DIRECTION('',(-2.517430708338E-14,4.123090757702E-14,1.));
#3830 = DEFINITIONAL_REPRESENTATION('',(#3831),#3835);
#3831 = LINE('',#3832,#3833);
#3832 = CARTESIAN_POINT('',(1.092459456231E-13,11.));
#3833 = VECTOR('',#3834,1.);
#3834 = DIRECTION('',(1.,-9.046911093941E-15));
#3835 = ( GEOMETRIC_REPRESENTATION_CONTEXT(2) 
PARAMETRIC_REPRESENTATION_CONTEXT() REPRESENTATION_CONTEXT('2D SPACE',''
  ) );
#3836 = ORIENTED_EDGE('',*,*,#3837,.T.);
#3837 = EDGE_CURVE('',#3809,#3838,#3840,.T.);
#3838 = VERTEX_POINT('',#3839);
#3839 = CARTESIAN_POINT('',(27.299999999995,16.069999999247,
    28.199999999996));
#3840 = SURFACE_CURVE('',#3841,(#3845,#3852),.PCURVE_S1.);
#3841 = LINE('',#3842,#3843);
#3842 = CARTESIAN_POINT('',(27.299999999995,-16.07000000025,
    28.199999999996));
#3843 = VECTOR('',#3844,1.);
#3844 = DIRECTION('',(1.055180248732E-13,1.,-4.090706374205E-14));
#3845 = PCURVE('',#3288,#3846);
#3846 = DEFINITIONAL_REPRESENTATION('',(#3847),#3851);
#3847 = LINE('',#3848,#3849);
#3848 = CARTESIAN_POINT('',(12.129999999998,-41.7700000005));
#3849 = VECTOR('',#3850,1.);
#3850 = DIRECTION('',(3.238438349673E-16,1.));
#3851 = ( GEOMETRIC_REPRESENTATION_CONTEXT(2) 
PARAMETRIC_REPRESENTATION_CONTEXT() REPRESENTATION_CONTEXT('2D SPACE',''
  ) );
#3852 = PCURVE('',#3853,#3858);
#3853 = PLANE('',#3854);
#3854 = AXIS2_PLACEMENT_3D('',#3855,#3856,#3857);
#3855 = CARTESIAN_POINT('',(-12.9,-23.60000000025,28.199999999996));
#3856 = DIRECTION('',(2.517430708338E-14,-4.123090757702E-14,-1.));
#3857 = DIRECTION('',(-1.,1.055180248732E-13,-2.517430708338E-14));
#3858 = DEFINITIONAL_REPRESENTATION('',(#3859),#3863);
#3859 = LINE('',#3860,#3861);
#3860 = CARTESIAN_POINT('',(-40.2,7.530000000004));
#3861 = VECTOR('',#3862,1.);
#3862 = DIRECTION('',(1.025337754187E-27,1.));
#3863 = ( GEOMETRIC_REPRESENTATION_CONTEXT(2) 
PARAMETRIC_REPRESENTATION_CONTEXT() REPRESENTATION_CONTEXT('2D SPACE',''
  ) );
#3864 = ORIENTED_EDGE('',*,*,#3865,.T.);
#3865 = EDGE_CURVE('',#3838,#3866,#3868,.T.);
#3866 = VERTEX_POINT('',#3867);
#3867 = CARTESIAN_POINT('',(27.299999999995,18.569999999247,
    25.699999999996));
#3868 = SURFACE_CURVE('',#3869,(#3874,#3881),.PCURVE_S1.);
#3869 = CIRCLE('',#3870,2.5);
#3870 = AXIS2_PLACEMENT_3D('',#3871,#3872,#3873);
#3871 = CARTESIAN_POINT('',(27.299999999995,16.069999999247,
    25.699999999996));
#3872 = DIRECTION('',(-1.,1.055180248732E-13,-2.517430708338E-14));
#3873 = DIRECTION('',(-2.517430708338E-14,4.123090757702E-14,1.));
#3874 = PCURVE('',#3288,#3875);
#3875 = DEFINITIONAL_REPRESENTATION('',(#3876),#3880);
#3876 = CIRCLE('',#3877,2.5);
#3877 = AXIS2_PLACEMENT_2D('',#3878,#3879);
#3878 = CARTESIAN_POINT('',(9.63,-9.630000001));
#3879 = DIRECTION('',(1.,0.));
#3880 = ( GEOMETRIC_REPRESENTATION_CONTEXT(2) 
PARAMETRIC_REPRESENTATION_CONTEXT() REPRESENTATION_CONTEXT('2D SPACE',''
  ) );
#3881 = PCURVE('',#3882,#3887);
#3882 = CYLINDRICAL_SURFACE('',#3883,2.5);
#3883 = AXIS2_PLACEMENT_3D('',#3884,#3885,#3886);
#3884 = CARTESIAN_POINT('',(38.299999999995,16.069999999247,
    25.699999999996));
#3885 = DIRECTION('',(-1.,1.055180248732E-13,-2.517430708338E-14));
#3886 = DIRECTION('',(-2.517430708338E-14,4.123090757702E-14,1.));
#3887 = DEFINITIONAL_REPRESENTATION('',(#3888),#3892);
#3888 = LINE('',#3889,#3890);
#3889 = CARTESIAN_POINT('',(0.,11.));
#3890 = VECTOR('',#3891,1.);
#3891 = DIRECTION('',(1.,-9.046911093942E-15));
#3892 = ( GEOMETRIC_REPRESENTATION_CONTEXT(2) 
PARAMETRIC_REPRESENTATION_CONTEXT() REPRESENTATION_CONTEXT('2D SPACE',''
  ) );
#3893 = ORIENTED_EDGE('',*,*,#3894,.T.);
#3894 = EDGE_CURVE('',#3866,#3895,#3897,.T.);
#3895 = VERTEX_POINT('',#3896);
#3896 = CARTESIAN_POINT('',(27.299999999995,18.569999999247,
    23.569999999996));
#3897 = SURFACE_CURVE('',#3898,(#3902,#3909),.PCURVE_S1.);
#3898 = LINE('',#3899,#3900);
#3899 = CARTESIAN_POINT('',(27.299999999995,18.569999999247,
    25.699999999996));
#3900 = VECTOR('',#3901,1.);
#3901 = DIRECTION('',(2.517430708338E-14,-4.285975591127E-14,-1.));
#3902 = PCURVE('',#3288,#3903);
#3903 = DEFINITIONAL_REPRESENTATION('',(#3904),#3908);
#3904 = LINE('',#3905,#3906);
#3905 = CARTESIAN_POINT('',(9.63,-7.130000001));
#3906 = VECTOR('',#3907,1.);
#3907 = DIRECTION('',(-1.,-1.62884833425E-15));
#3908 = ( GEOMETRIC_REPRESENTATION_CONTEXT(2) 
PARAMETRIC_REPRESENTATION_CONTEXT() REPRESENTATION_CONTEXT('2D SPACE',''
  ) );
#3909 = PCURVE('',#3910,#3915);
#3910 = PLANE('',#3911);
#3911 = AXIS2_PLACEMENT_3D('',#3912,#3913,#3914);
#3912 = CARTESIAN_POINT('',(38.299999999995,18.569999999247,
    23.569999999996));
#3913 = DIRECTION('',(-1.055180248732E-13,-1.,4.285975591127E-14));
#3914 = DIRECTION('',(-2.517430708338E-14,4.285975591127E-14,1.));
#3915 = DEFINITIONAL_REPRESENTATION('',(#3916),#3920);
#3916 = LINE('',#3917,#3918);
#3917 = CARTESIAN_POINT('',(2.13,11.));
#3918 = VECTOR('',#3919,1.);
#3919 = DIRECTION('',(-1.,0.));
#3920 = ( GEOMETRIC_REPRESENTATION_CONTEXT(2) 
PARAMETRIC_REPRESENTATION_CONTEXT() REPRESENTATION_CONTEXT('2D SPACE',''
  ) );
#3921 = ORIENTED_EDGE('',*,*,#3922,.T.);
#3922 = EDGE_CURVE('',#3895,#3923,#3925,.T.);
#3923 = VERTEX_POINT('',#3924);
#3924 = CARTESIAN_POINT('',(27.299999999995,23.569999999247,
    18.569999999996));
#3925 = SURFACE_CURVE('',#3926,(#3931,#3942),.PCURVE_S1.);
#3926 = CIRCLE('',#3927,5.);
#3927 = AXIS2_PLACEMENT_3D('',#3928,#3929,#3930);
#3928 = CARTESIAN_POINT('',(27.299999999995,23.569999999247,
    23.569999999996));
#3929 = DIRECTION('',(1.,-1.055180248732E-13,2.517430708338E-14));
#3930 = DIRECTION('',(-2.517430708338E-14,4.123090757702E-14,1.));
#3931 = PCURVE('',#3288,#3932);
#3932 = DEFINITIONAL_REPRESENTATION('',(#3933),#3941);
#3933 = ( BOUNDED_CURVE() B_SPLINE_CURVE(2,(#3934,#3935,#3936,#3937,
#3938,#3939,#3940),.UNSPECIFIED.,.T.,.F.) B_SPLINE_CURVE_WITH_KNOTS((1,2
    ,2,2,2,1),(-2.094395102393,0.,2.094395102393,4.188790204786,
6.28318530718,8.377580409573),.UNSPECIFIED.) CURVE() 
GEOMETRIC_REPRESENTATION_ITEM() RATIONAL_B_SPLINE_CURVE((1.,0.5,1.,0.5,
1.,0.5,1.)) REPRESENTATION_ITEM('') );
#3934 = CARTESIAN_POINT('',(12.5,-2.130000001));
#3935 = CARTESIAN_POINT('',(12.5,-10.79025403884));
#3936 = CARTESIAN_POINT('',(5.,-6.460127019922));
#3937 = CARTESIAN_POINT('',(-2.5,-2.130000001));
#3938 = CARTESIAN_POINT('',(5.,2.200127017922));
#3939 = CARTESIAN_POINT('',(12.5,6.530254036844));
#3940 = CARTESIAN_POINT('',(12.5,-2.130000001));
#3941 = ( GEOMETRIC_REPRESENTATION_CONTEXT(2) 
PARAMETRIC_REPRESENTATION_CONTEXT() REPRESENTATION_CONTEXT('2D SPACE',''
  ) );
#3942 = PCURVE('',#3943,#3948);
#3943 = CYLINDRICAL_SURFACE('',#3944,5.);
#3944 = AXIS2_PLACEMENT_3D('',#3945,#3946,#3947);
#3945 = CARTESIAN_POINT('',(38.299999999995,23.569999999247,
    23.569999999996));
#3946 = DIRECTION('',(-1.,1.055180248732E-13,-2.517430708338E-14));
#3947 = DIRECTION('',(-2.517430708338E-14,4.123090757702E-14,1.));
#3948 = DEFINITIONAL_REPRESENTATION('',(#3949),#3953);
#3949 = LINE('',#3950,#3951);
#3950 = CARTESIAN_POINT('',(6.28318530718,11.));
#3951 = VECTOR('',#3952,1.);
#3952 = DIRECTION('',(-1.,9.046911093942E-15));
#3953 = ( GEOMETRIC_REPRESENTATION_CONTEXT(2) 
PARAMETRIC_REPRESENTATION_CONTEXT() REPRESENTATION_CONTEXT('2D SPACE',''
  ) );
#3954 = ORIENTED_EDGE('',*,*,#3955,.T.);
#3955 = EDGE_CURVE('',#3923,#3277,#3956,.T.);
#3956 = SURFACE_CURVE('',#3957,(#3961,#3968),.PCURVE_S1.);
#3957 = LINE('',#3958,#3959);
#3958 = CARTESIAN_POINT('',(27.299999999995,23.569999999247,
    18.569999999996));
#3959 = VECTOR('',#3960,1.);
#3960 = DIRECTION('',(1.055180248732E-13,1.,-4.123090757701E-14));
#3961 = PCURVE('',#3288,#3962);
#3962 = DEFINITIONAL_REPRESENTATION('',(#3963),#3967);
#3963 = LINE('',#3964,#3965);
#3964 = CARTESIAN_POINT('',(2.5,-2.130000001));
#3965 = VECTOR('',#3966,1.);
#3966 = DIRECTION('',(7.345872749418E-27,1.));
#3967 = ( GEOMETRIC_REPRESENTATION_CONTEXT(2) 
PARAMETRIC_REPRESENTATION_CONTEXT() REPRESENTATION_CONTEXT('2D SPACE',''
  ) );
#3968 = PCURVE('',#3969,#3974);
#3969 = PLANE('',#3970);
#3970 = AXIS2_PLACEMENT_3D('',#3971,#3972,#3973);
#3971 = CARTESIAN_POINT('',(38.299999999995,23.569999999247,
    18.569999999996));
#3972 = DIRECTION('',(2.517430708338E-14,-4.123090757702E-14,-1.));
#3973 = DIRECTION('',(-1.,1.055180248732E-13,-2.517430708338E-14));
#3974 = DEFINITIONAL_REPRESENTATION('',(#3975),#3979);
#3975 = LINE('',#3976,#3977);
#3976 = CARTESIAN_POINT('',(11.,-1.160698273605E-12));
#3977 = VECTOR('',#3978,1.);
#3978 = DIRECTION('',(1.03795952867E-27,1.));
#3979 = ( GEOMETRIC_REPRESENTATION_CONTEXT(2) 
PARAMETRIC_REPRESENTATION_CONTEXT() REPRESENTATION_CONTEXT('2D SPACE',''
  ) );
#3980 = FACE_BOUND('',#3981,.T.);
#3981 = EDGE_LOOP('',(#3982,#4012,#4045,#4073,#4102,#4130,#4159,#4187,
    #4220,#4248,#4277,#4305,#4334,#4362,#4395,#4423,#4452,#4480,#4509,
    #4537,#4570,#4598,#4627,#4655));
#3982 = ORIENTED_EDGE('',*,*,#3983,.F.);
#3983 = EDGE_CURVE('',#3984,#3986,#3988,.T.);
#3984 = VERTEX_POINT('',#3985);
#3985 = CARTESIAN_POINT('',(27.299999999995,23.569999999247,
    18.469999999996));
#3986 = VERTEX_POINT('',#3987);
#3987 = CARTESIAN_POINT('',(27.299999999995,25.700000000247,
    18.469999999996));
#3988 = SURFACE_CURVE('',#3989,(#3993,#4000),.PCURVE_S1.);
#3989 = LINE('',#3990,#3991);
#3990 = CARTESIAN_POINT('',(27.299999999995,23.569999999247,
    18.469999999996));
#3991 = VECTOR('',#3992,1.);
#3992 = DIRECTION('',(1.055180248732E-13,1.,-4.123090757701E-14));
#3993 = PCURVE('',#3288,#3994);
#3994 = DEFINITIONAL_REPRESENTATION('',(#3995),#3999);
#3995 = LINE('',#3996,#3997);
#3996 = CARTESIAN_POINT('',(2.4,-2.130000001));
#3997 = VECTOR('',#3998,1.);
#3998 = DIRECTION('',(7.345872749418E-27,1.));
#3999 = ( GEOMETRIC_REPRESENTATION_CONTEXT(2) 
PARAMETRIC_REPRESENTATION_CONTEXT() REPRESENTATION_CONTEXT('2D SPACE',''
  ) );
#4000 = PCURVE('',#4001,#4006);
#4001 = PLANE('',#4002);
#4002 = AXIS2_PLACEMENT_3D('',#4003,#4004,#4005);
#4003 = CARTESIAN_POINT('',(27.299999999995,23.569999999247,
    18.469999999996));
#4004 = DIRECTION('',(-2.517430708338E-14,4.123090757702E-14,1.));
#4005 = DIRECTION('',(1.,-1.055180248732E-13,2.517430708338E-14));
#4006 = DEFINITIONAL_REPRESENTATION('',(#4007),#4011);
#4007 = LINE('',#4008,#4009);
#4008 = CARTESIAN_POINT('',(0.,0.));
#4009 = VECTOR('',#4010,1.);
#4010 = DIRECTION('',(-1.03795952867E-27,1.));
#4011 = ( GEOMETRIC_REPRESENTATION_CONTEXT(2) 
PARAMETRIC_REPRESENTATION_CONTEXT() REPRESENTATION_CONTEXT('2D SPACE',''
  ) );
#4012 = ORIENTED_EDGE('',*,*,#4013,.F.);
#4013 = EDGE_CURVE('',#4014,#3984,#4016,.T.);
#4014 = VERTEX_POINT('',#4015);
#4015 = CARTESIAN_POINT('',(27.299999999995,18.470000000247,
    23.569999999996));
#4016 = SURFACE_CURVE('',#4017,(#4022,#4033),.PCURVE_S1.);
#4017 = CIRCLE('',#4018,5.1);
#4018 = AXIS2_PLACEMENT_3D('',#4019,#4020,#4021);
#4019 = CARTESIAN_POINT('',(27.299999999995,23.569999999247,
    23.569999999996));
#4020 = DIRECTION('',(1.,-1.055180248732E-13,2.517430708338E-14));
#4021 = DIRECTION('',(-2.517430708338E-14,4.123090757702E-14,1.));
#4022 = PCURVE('',#3288,#4023);
#4023 = DEFINITIONAL_REPRESENTATION('',(#4024),#4032);
#4024 = ( BOUNDED_CURVE() B_SPLINE_CURVE(2,(#4025,#4026,#4027,#4028,
#4029,#4030,#4031),.UNSPECIFIED.,.T.,.F.) B_SPLINE_CURVE_WITH_KNOTS((1,2
    ,2,2,2,1),(-2.094395102393,0.,2.094395102393,4.188790204786,
6.28318530718,8.377580409573),.UNSPECIFIED.) CURVE() 
GEOMETRIC_REPRESENTATION_ITEM() RATIONAL_B_SPLINE_CURVE((1.,0.5,1.,0.5,
1.,0.5,1.)) REPRESENTATION_ITEM('') );
#4025 = CARTESIAN_POINT('',(12.6,-2.130000001));
#4026 = CARTESIAN_POINT('',(12.6,-10.9634591196));
#4027 = CARTESIAN_POINT('',(4.95,-6.546729560301));
#4028 = CARTESIAN_POINT('',(-2.7,-2.130000001));
#4029 = CARTESIAN_POINT('',(4.95,2.2867295583));
#4030 = CARTESIAN_POINT('',(12.6,6.703459117601));
#4031 = CARTESIAN_POINT('',(12.6,-2.130000001));
#4032 = ( GEOMETRIC_REPRESENTATION_CONTEXT(2) 
PARAMETRIC_REPRESENTATION_CONTEXT() REPRESENTATION_CONTEXT('2D SPACE',''
  ) );
#4033 = PCURVE('',#4034,#4039);
#4034 = CYLINDRICAL_SURFACE('',#4035,5.1);
#4035 = AXIS2_PLACEMENT_3D('',#4036,#4037,#4038);
#4036 = CARTESIAN_POINT('',(27.299999999995,23.569999999247,
    23.569999999996));
#4037 = DIRECTION('',(-1.,1.055180248732E-13,-2.517430708338E-14));
#4038 = DIRECTION('',(-2.517430708338E-14,4.123090757702E-14,1.));
#4039 = DEFINITIONAL_REPRESENTATION('',(#4040),#4044);
#4040 = LINE('',#4041,#4042);
#4041 = CARTESIAN_POINT('',(6.28318530718,0.));
#4042 = VECTOR('',#4043,1.);
#4043 = DIRECTION('',(-1.,0.));
#4044 = ( GEOMETRIC_REPRESENTATION_CONTEXT(2) 
PARAMETRIC_REPRESENTATION_CONTEXT() REPRESENTATION_CONTEXT('2D SPACE',''
  ) );
#4045 = ORIENTED_EDGE('',*,*,#4046,.F.);
#4046 = EDGE_CURVE('',#4047,#4014,#4049,.T.);
#4047 = VERTEX_POINT('',#4048);
#4048 = CARTESIAN_POINT('',(27.299999999995,18.470000000247,
    25.699999999996));
#4049 = SURFACE_CURVE('',#4050,(#4054,#4061),.PCURVE_S1.);
#4050 = LINE('',#4051,#4052);
#4051 = CARTESIAN_POINT('',(27.299999999995,18.470000000247,
    25.699999999996));
#4052 = VECTOR('',#4053,1.);
#4053 = DIRECTION('',(2.517430708338E-14,-4.285975591127E-14,-1.));
#4054 = PCURVE('',#3288,#4055);
#4055 = DEFINITIONAL_REPRESENTATION('',(#4056),#4060);
#4056 = LINE('',#4057,#4058);
#4057 = CARTESIAN_POINT('',(9.63,-7.23));
#4058 = VECTOR('',#4059,1.);
#4059 = DIRECTION('',(-1.,-1.62884833425E-15));
#4060 = ( GEOMETRIC_REPRESENTATION_CONTEXT(2) 
PARAMETRIC_REPRESENTATION_CONTEXT() REPRESENTATION_CONTEXT('2D SPACE',''
  ) );
#4061 = PCURVE('',#4062,#4067);
#4062 = PLANE('',#4063);
#4063 = AXIS2_PLACEMENT_3D('',#4064,#4065,#4066);
#4064 = CARTESIAN_POINT('',(27.299999999995,18.470000000247,
    25.699999999996));
#4065 = DIRECTION('',(1.055180248732E-13,1.,-4.285975591127E-14));
#4066 = DIRECTION('',(2.517430708338E-14,-4.285975591127E-14,-1.));
#4067 = DEFINITIONAL_REPRESENTATION('',(#4068),#4072);
#4068 = LINE('',#4069,#4070);
#4069 = CARTESIAN_POINT('',(0.,0.));
#4070 = VECTOR('',#4071,1.);
#4071 = DIRECTION('',(1.,0.));
#4072 = ( GEOMETRIC_REPRESENTATION_CONTEXT(2) 
PARAMETRIC_REPRESENTATION_CONTEXT() REPRESENTATION_CONTEXT('2D SPACE',''
  ) );
#4073 = ORIENTED_EDGE('',*,*,#4074,.F.);
#4074 = EDGE_CURVE('',#4075,#4047,#4077,.T.);
#4075 = VERTEX_POINT('',#4076);
#4076 = CARTESIAN_POINT('',(27.299999999995,16.069999999247,
    28.099999999996));
#4077 = SURFACE_CURVE('',#4078,(#4083,#4090),.PCURVE_S1.);
#4078 = CIRCLE('',#4079,2.4);
#4079 = AXIS2_PLACEMENT_3D('',#4080,#4081,#4082);
#4080 = CARTESIAN_POINT('',(27.299999999995,16.069999999247,
    25.699999999996));
#4081 = DIRECTION('',(-1.,1.055180248732E-13,-2.517430708338E-14));
#4082 = DIRECTION('',(-2.517430708338E-14,4.123090757702E-14,1.));
#4083 = PCURVE('',#3288,#4084);
#4084 = DEFINITIONAL_REPRESENTATION('',(#4085),#4089);
#4085 = CIRCLE('',#4086,2.4);
#4086 = AXIS2_PLACEMENT_2D('',#4087,#4088);
#4087 = CARTESIAN_POINT('',(9.63,-9.630000001));
#4088 = DIRECTION('',(1.,0.));
#4089 = ( GEOMETRIC_REPRESENTATION_CONTEXT(2) 
PARAMETRIC_REPRESENTATION_CONTEXT() REPRESENTATION_CONTEXT('2D SPACE',''
  ) );
#4090 = PCURVE('',#4091,#4096);
#4091 = CYLINDRICAL_SURFACE('',#4092,2.4);
#4092 = AXIS2_PLACEMENT_3D('',#4093,#4094,#4095);
#4093 = CARTESIAN_POINT('',(27.299999999995,16.069999999247,
    25.699999999996));
#4094 = DIRECTION('',(-1.,1.055180248732E-13,-2.517430708338E-14));
#4095 = DIRECTION('',(-2.517430708338E-14,4.123090757702E-14,1.));
#4096 = DEFINITIONAL_REPRESENTATION('',(#4097),#4101);
#4097 = LINE('',#4098,#4099);
#4098 = CARTESIAN_POINT('',(0.,0.));
#4099 = VECTOR('',#4100,1.);
#4100 = DIRECTION('',(1.,0.));
#4101 = ( GEOMETRIC_REPRESENTATION_CONTEXT(2) 
PARAMETRIC_REPRESENTATION_CONTEXT() REPRESENTATION_CONTEXT('2D SPACE',''
  ) );
#4102 = ORIENTED_EDGE('',*,*,#4103,.F.);
#4103 = EDGE_CURVE('',#4104,#4075,#4106,.T.);
#4104 = VERTEX_POINT('',#4105);
#4105 = CARTESIAN_POINT('',(27.299999999995,-16.07000000025,
    28.100000000006));
#4106 = SURFACE_CURVE('',#4107,(#4111,#4118),.PCURVE_S1.);
#4107 = LINE('',#4108,#4109);
#4108 = CARTESIAN_POINT('',(27.299999999995,-16.07000000025,
    28.100000000006));
#4109 = VECTOR('',#4110,1.);
#4110 = DIRECTION('',(1.055180248732E-13,1.,-4.090706374205E-14));
#4111 = PCURVE('',#3288,#4112);
#4112 = DEFINITIONAL_REPRESENTATION('',(#4113),#4117);
#4113 = LINE('',#4114,#4115);
#4114 = CARTESIAN_POINT('',(12.030000000008,-41.7700000005));
#4115 = VECTOR('',#4116,1.);
#4116 = DIRECTION('',(3.238438349673E-16,1.));
#4117 = ( GEOMETRIC_REPRESENTATION_CONTEXT(2) 
PARAMETRIC_REPRESENTATION_CONTEXT() REPRESENTATION_CONTEXT('2D SPACE',''
  ) );
#4118 = PCURVE('',#4119,#4124);
#4119 = PLANE('',#4120);
#4120 = AXIS2_PLACEMENT_3D('',#4121,#4122,#4123);
#4121 = CARTESIAN_POINT('',(27.299999999995,-16.07000000025,
    28.100000000006));
#4122 = DIRECTION('',(-2.517430708338E-14,4.090706374205E-14,1.));
#4123 = DIRECTION('',(1.055180248732E-13,1.,-4.090706374205E-14));
#4124 = DEFINITIONAL_REPRESENTATION('',(#4125),#4129);
#4125 = LINE('',#4126,#4127);
#4126 = CARTESIAN_POINT('',(0.,0.));
#4127 = VECTOR('',#4128,1.);
#4128 = DIRECTION('',(1.,-5.178523128091E-30));
#4129 = ( GEOMETRIC_REPRESENTATION_CONTEXT(2) 
PARAMETRIC_REPRESENTATION_CONTEXT() REPRESENTATION_CONTEXT('2D SPACE',''
  ) );
#4130 = ORIENTED_EDGE('',*,*,#4131,.F.);
#4131 = EDGE_CURVE('',#4132,#4104,#4134,.T.);
#4132 = VERTEX_POINT('',#4133);
#4133 = CARTESIAN_POINT('',(27.299999999995,-18.47000000025,
    25.699999999996));
#4134 = SURFACE_CURVE('',#4135,(#4140,#4147),.PCURVE_S1.);
#4135 = CIRCLE('',#4136,2.4);
#4136 = AXIS2_PLACEMENT_3D('',#4137,#4138,#4139);
#4137 = CARTESIAN_POINT('',(27.299999999995,-16.07000000025,
    25.699999999996));
#4138 = DIRECTION('',(-1.,1.055180248732E-13,-2.517430708338E-14));
#4139 = DIRECTION('',(-2.517430708338E-14,4.123090757702E-14,1.));
#4140 = PCURVE('',#3288,#4141);
#4141 = DEFINITIONAL_REPRESENTATION('',(#4142),#4146);
#4142 = CIRCLE('',#4143,2.4);
#4143 = AXIS2_PLACEMENT_2D('',#4144,#4145);
#4144 = CARTESIAN_POINT('',(9.629999999998,-41.7700000005));
#4145 = DIRECTION('',(1.,0.));
#4146 = ( GEOMETRIC_REPRESENTATION_CONTEXT(2) 
PARAMETRIC_REPRESENTATION_CONTEXT() REPRESENTATION_CONTEXT('2D SPACE',''
  ) );
#4147 = PCURVE('',#4148,#4153);
#4148 = CYLINDRICAL_SURFACE('',#4149,2.4);
#4149 = AXIS2_PLACEMENT_3D('',#4150,#4151,#4152);
#4150 = CARTESIAN_POINT('',(27.299999999995,-16.07000000025,
    25.699999999996));
#4151 = DIRECTION('',(-1.,1.055180248732E-13,-2.517430708338E-14));
#4152 = DIRECTION('',(-2.517430708338E-14,4.123090757702E-14,1.));
#4153 = DEFINITIONAL_REPRESENTATION('',(#4154),#4158);
#4154 = LINE('',#4155,#4156);
#4155 = CARTESIAN_POINT('',(-7.105427357601E-15,0.));
#4156 = VECTOR('',#4157,1.);
#4157 = DIRECTION('',(1.,0.));
#4158 = ( GEOMETRIC_REPRESENTATION_CONTEXT(2) 
PARAMETRIC_REPRESENTATION_CONTEXT() REPRESENTATION_CONTEXT('2D SPACE',''
  ) );
#4159 = ORIENTED_EDGE('',*,*,#4160,.F.);
#4160 = EDGE_CURVE('',#4161,#4132,#4163,.T.);
#4161 = VERTEX_POINT('',#4162);
#4162 = CARTESIAN_POINT('',(27.299999999995,-18.47000000025,
    23.569999999996));
#4163 = SURFACE_CURVE('',#4164,(#4168,#4175),.PCURVE_S1.);
#4164 = LINE('',#4165,#4166);
#4165 = CARTESIAN_POINT('',(27.299999999995,-18.47000000025,
    23.569999999996));
#4166 = VECTOR('',#4167,1.);
#4167 = DIRECTION('',(-2.517430708338E-14,4.123090757702E-14,1.));
#4168 = PCURVE('',#3288,#4169);
#4169 = DEFINITIONAL_REPRESENTATION('',(#4170),#4174);
#4170 = LINE('',#4171,#4172);
#4171 = CARTESIAN_POINT('',(7.499999999998,-44.1700000005));
#4172 = VECTOR('',#4173,1.);
#4173 = DIRECTION('',(1.,0.));
#4174 = ( GEOMETRIC_REPRESENTATION_CONTEXT(2) 
PARAMETRIC_REPRESENTATION_CONTEXT() REPRESENTATION_CONTEXT('2D SPACE',''
  ) );
#4175 = PCURVE('',#4176,#4181);
#4176 = PLANE('',#4177);
#4177 = AXIS2_PLACEMENT_3D('',#4178,#4179,#4180);
#4178 = CARTESIAN_POINT('',(27.299999999995,-18.47000000025,
    23.569999999996));
#4179 = DIRECTION('',(-1.055180248732E-13,-1.,4.123090757701E-14));
#4180 = DIRECTION('',(1.,-1.055180248732E-13,2.517430708338E-14));
#4181 = DEFINITIONAL_REPRESENTATION('',(#4182),#4186);
#4182 = LINE('',#4183,#4184);
#4183 = CARTESIAN_POINT('',(0.,0.));
#4184 = VECTOR('',#4185,1.);
#4185 = DIRECTION('',(-4.351356753199E-27,1.));
#4186 = ( GEOMETRIC_REPRESENTATION_CONTEXT(2) 
PARAMETRIC_REPRESENTATION_CONTEXT() REPRESENTATION_CONTEXT('2D SPACE',''
  ) );
#4187 = ORIENTED_EDGE('',*,*,#4188,.F.);
#4188 = EDGE_CURVE('',#4189,#4161,#4191,.T.);
#4189 = VERTEX_POINT('',#4190);
#4190 = CARTESIAN_POINT('',(27.299999999995,-23.57000000025,
    18.469999999996));
#4191 = SURFACE_CURVE('',#4192,(#4197,#4208),.PCURVE_S1.);
#4192 = CIRCLE('',#4193,5.1);
#4193 = AXIS2_PLACEMENT_3D('',#4194,#4195,#4196);
#4194 = CARTESIAN_POINT('',(27.299999999995,-23.57000000025,
    23.569999999996));
#4195 = DIRECTION('',(1.,-1.055180248732E-13,2.517430708338E-14));
#4196 = DIRECTION('',(-2.517430708338E-14,4.123090757702E-14,1.));
#4197 = PCURVE('',#3288,#4198);
#4198 = DEFINITIONAL_REPRESENTATION('',(#4199),#4207);
#4199 = ( BOUNDED_CURVE() B_SPLINE_CURVE(2,(#4200,#4201,#4202,#4203,
#4204,#4205,#4206),.UNSPECIFIED.,.T.,.F.) B_SPLINE_CURVE_WITH_KNOTS((1,2
    ,2,2,2,1),(-2.094395102393,0.,2.094395102393,4.188790204786,
6.28318530718,8.377580409573),.UNSPECIFIED.) CURVE() 
GEOMETRIC_REPRESENTATION_ITEM() RATIONAL_B_SPLINE_CURVE((1.,0.5,1.,0.5,
1.,0.5,1.)) REPRESENTATION_ITEM('') );
#4200 = CARTESIAN_POINT('',(12.599999999998,-49.2700000005));
#4201 = CARTESIAN_POINT('',(12.599999999998,-58.1034591191));
#4202 = CARTESIAN_POINT('',(4.949999999998,-53.6867295598));
#4203 = CARTESIAN_POINT('',(-2.700000000002,-49.2700000005));
#4204 = CARTESIAN_POINT('',(4.949999999998,-44.8532704412));
#4205 = CARTESIAN_POINT('',(12.599999999998,-40.43654088189));
#4206 = CARTESIAN_POINT('',(12.599999999998,-49.2700000005));
#4207 = ( GEOMETRIC_REPRESENTATION_CONTEXT(2) 
PARAMETRIC_REPRESENTATION_CONTEXT() REPRESENTATION_CONTEXT('2D SPACE',''
  ) );
#4208 = PCURVE('',#4209,#4214);
#4209 = CYLINDRICAL_SURFACE('',#4210,5.1);
#4210 = AXIS2_PLACEMENT_3D('',#4211,#4212,#4213);
#4211 = CARTESIAN_POINT('',(27.299999999995,-23.57000000025,
    23.569999999996));
#4212 = DIRECTION('',(-1.,1.055180248732E-13,-2.517430708338E-14));
#4213 = DIRECTION('',(-2.517430708338E-14,4.123090757702E-14,1.));
#4214 = DEFINITIONAL_REPRESENTATION('',(#4215),#4219);
#4215 = LINE('',#4216,#4217);
#4216 = CARTESIAN_POINT('',(6.28318530718,0.));
#4217 = VECTOR('',#4218,1.);
#4218 = DIRECTION('',(-1.,0.));
#4219 = ( GEOMETRIC_REPRESENTATION_CONTEXT(2) 
PARAMETRIC_REPRESENTATION_CONTEXT() REPRESENTATION_CONTEXT('2D SPACE',''
  ) );
#4220 = ORIENTED_EDGE('',*,*,#4221,.F.);
#4221 = EDGE_CURVE('',#4222,#4189,#4224,.T.);
#4222 = VERTEX_POINT('',#4223);
#4223 = CARTESIAN_POINT('',(27.299999999995,-25.70000000025,
    18.469999999996));
#4224 = SURFACE_CURVE('',#4225,(#4229,#4236),.PCURVE_S1.);
#4225 = LINE('',#4226,#4227);
#4226 = CARTESIAN_POINT('',(27.299999999995,-25.70000000025,
    18.469999999996));
#4227 = VECTOR('',#4228,1.);
#4228 = DIRECTION('',(1.055180248732E-13,1.,-4.123090757701E-14));
#4229 = PCURVE('',#3288,#4230);
#4230 = DEFINITIONAL_REPRESENTATION('',(#4231),#4235);
#4231 = LINE('',#4232,#4233);
#4232 = CARTESIAN_POINT('',(2.399999999998,-51.4000000005));
#4233 = VECTOR('',#4234,1.);
#4234 = DIRECTION('',(7.345872749418E-27,1.));
#4235 = ( GEOMETRIC_REPRESENTATION_CONTEXT(2) 
PARAMETRIC_REPRESENTATION_CONTEXT() REPRESENTATION_CONTEXT('2D SPACE',''
  ) );
#4236 = PCURVE('',#4237,#4242);
#4237 = PLANE('',#4238);
#4238 = AXIS2_PLACEMENT_3D('',#4239,#4240,#4241);
#4239 = CARTESIAN_POINT('',(27.299999999995,-25.70000000025,
    18.469999999996));
#4240 = DIRECTION('',(-2.517430708338E-14,4.123090757702E-14,1.));
#4241 = DIRECTION('',(1.,-1.055180248732E-13,2.517430708338E-14));
#4242 = DEFINITIONAL_REPRESENTATION('',(#4243),#4247);
#4243 = LINE('',#4244,#4245);
#4244 = CARTESIAN_POINT('',(0.,0.));
#4245 = VECTOR('',#4246,1.);
#4246 = DIRECTION('',(-1.03795952867E-27,1.));
#4247 = ( GEOMETRIC_REPRESENTATION_CONTEXT(2) 
PARAMETRIC_REPRESENTATION_CONTEXT() REPRESENTATION_CONTEXT('2D SPACE',''
  ) );
#4248 = ORIENTED_EDGE('',*,*,#4249,.F.);
#4249 = EDGE_CURVE('',#4250,#4222,#4252,.T.);
#4250 = VERTEX_POINT('',#4251);
#4251 = CARTESIAN_POINT('',(27.299999999995,-28.10000000025,
    16.069999999996));
#4252 = SURFACE_CURVE('',#4253,(#4258,#4265),.PCURVE_S1.);
#4253 = CIRCLE('',#4254,2.4);
#4254 = AXIS2_PLACEMENT_3D('',#4255,#4256,#4257);
#4255 = CARTESIAN_POINT('',(27.299999999995,-25.70000000025,
    16.069999999996));
#4256 = DIRECTION('',(-1.,1.055180248732E-13,-2.517430708338E-14));
#4257 = DIRECTION('',(-2.517430708338E-14,4.123090757702E-14,1.));
#4258 = PCURVE('',#3288,#4259);
#4259 = DEFINITIONAL_REPRESENTATION('',(#4260),#4264);
#4260 = CIRCLE('',#4261,2.4);
#4261 = AXIS2_PLACEMENT_2D('',#4262,#4263);
#4262 = CARTESIAN_POINT('',(-2.119268649479E-12,-51.4000000005));
#4263 = DIRECTION('',(1.,0.));
#4264 = ( GEOMETRIC_REPRESENTATION_CONTEXT(2) 
PARAMETRIC_REPRESENTATION_CONTEXT() REPRESENTATION_CONTEXT('2D SPACE',''
  ) );
#4265 = PCURVE('',#4266,#4271);
#4266 = CYLINDRICAL_SURFACE('',#4267,2.4);
#4267 = AXIS2_PLACEMENT_3D('',#4268,#4269,#4270);
#4268 = CARTESIAN_POINT('',(27.299999999995,-25.70000000025,
    16.069999999996));
#4269 = DIRECTION('',(-1.,1.055180248732E-13,-2.517430708338E-14));
#4270 = DIRECTION('',(-2.517430708338E-14,4.123090757702E-14,1.));
#4271 = DEFINITIONAL_REPRESENTATION('',(#4272),#4276);
#4272 = LINE('',#4273,#4274);
#4273 = CARTESIAN_POINT('',(-7.105427357601E-15,0.));
#4274 = VECTOR('',#4275,1.);
#4275 = DIRECTION('',(1.,0.));
#4276 = ( GEOMETRIC_REPRESENTATION_CONTEXT(2) 
PARAMETRIC_REPRESENTATION_CONTEXT() REPRESENTATION_CONTEXT('2D SPACE',''
  ) );
#4277 = ORIENTED_EDGE('',*,*,#4278,.F.);
#4278 = EDGE_CURVE('',#4279,#4250,#4281,.T.);
#4279 = VERTEX_POINT('',#4280);
#4280 = CARTESIAN_POINT('',(27.300000000004,-28.10000000025,-16.07));
#4281 = SURFACE_CURVE('',#4282,(#4286,#4293),.PCURVE_S1.);
#4282 = LINE('',#4283,#4284);
#4283 = CARTESIAN_POINT('',(27.300000000004,-28.10000000025,-16.07));
#4284 = VECTOR('',#4285,1.);
#4285 = DIRECTION('',(-2.517430708338E-14,4.047527196209E-14,1.));
#4286 = PCURVE('',#3288,#4287);
#4287 = DEFINITIONAL_REPRESENTATION('',(#4288),#4292);
#4288 = LINE('',#4289,#4290);
#4289 = CARTESIAN_POINT('',(-32.14,-53.80000000049));
#4290 = VECTOR('',#4291,1.);
#4291 = DIRECTION('',(1.,-7.5563561493E-16));
#4292 = ( GEOMETRIC_REPRESENTATION_CONTEXT(2) 
PARAMETRIC_REPRESENTATION_CONTEXT() REPRESENTATION_CONTEXT('2D SPACE',''
  ) );
#4293 = PCURVE('',#4294,#4299);
#4294 = PLANE('',#4295);
#4295 = AXIS2_PLACEMENT_3D('',#4296,#4297,#4298);
#4296 = CARTESIAN_POINT('',(27.300000000004,-28.10000000025,-16.07));
#4297 = DIRECTION('',(-1.055180248732E-13,-1.,4.047527196209E-14));
#4298 = DIRECTION('',(-2.517430708338E-14,4.047527196209E-14,1.));
#4299 = DEFINITIONAL_REPRESENTATION('',(#4300),#4304);
#4300 = LINE('',#4301,#4302);
#4301 = CARTESIAN_POINT('',(0.,0.));
#4302 = VECTOR('',#4303,1.);
#4303 = DIRECTION('',(1.,0.));
#4304 = ( GEOMETRIC_REPRESENTATION_CONTEXT(2) 
PARAMETRIC_REPRESENTATION_CONTEXT() REPRESENTATION_CONTEXT('2D SPACE',''
  ) );
#4305 = ORIENTED_EDGE('',*,*,#4306,.F.);
#4306 = EDGE_CURVE('',#4307,#4279,#4309,.T.);
#4307 = VERTEX_POINT('',#4308);
#4308 = CARTESIAN_POINT('',(27.300000000004,-25.70000000025,-18.47));
#4309 = SURFACE_CURVE('',#4310,(#4315,#4322),.PCURVE_S1.);
#4310 = CIRCLE('',#4311,2.4);
#4311 = AXIS2_PLACEMENT_3D('',#4312,#4313,#4314);
#4312 = CARTESIAN_POINT('',(27.300000000004,-25.70000000025,-16.07));
#4313 = DIRECTION('',(-1.,1.055180248732E-13,-2.517430708338E-14));
#4314 = DIRECTION('',(-2.517430708338E-14,4.123090757702E-14,1.));
#4315 = PCURVE('',#3288,#4316);
#4316 = DEFINITIONAL_REPRESENTATION('',(#4317),#4321);
#4317 = CIRCLE('',#4318,2.4);
#4318 = AXIS2_PLACEMENT_2D('',#4319,#4320);
#4319 = CARTESIAN_POINT('',(-32.14,-51.40000000049));
#4320 = DIRECTION('',(1.,0.));
#4321 = ( GEOMETRIC_REPRESENTATION_CONTEXT(2) 
PARAMETRIC_REPRESENTATION_CONTEXT() REPRESENTATION_CONTEXT('2D SPACE',''
  ) );
#4322 = PCURVE('',#4323,#4328);
#4323 = CYLINDRICAL_SURFACE('',#4324,2.4);
#4324 = AXIS2_PLACEMENT_3D('',#4325,#4326,#4327);
#4325 = CARTESIAN_POINT('',(27.300000000004,-25.70000000025,-16.07));
#4326 = DIRECTION('',(-1.,1.055180248732E-13,-2.517430708338E-14));
#4327 = DIRECTION('',(-2.517430708338E-14,4.123090757702E-14,1.));
#4328 = DEFINITIONAL_REPRESENTATION('',(#4329),#4333);
#4329 = LINE('',#4330,#4331);
#4330 = CARTESIAN_POINT('',(0.,4.263256414561E-14));
#4331 = VECTOR('',#4332,1.);
#4332 = DIRECTION('',(1.,-9.046911093941E-15));
#4333 = ( GEOMETRIC_REPRESENTATION_CONTEXT(2) 
PARAMETRIC_REPRESENTATION_CONTEXT() REPRESENTATION_CONTEXT('2D SPACE',''
  ) );
#4334 = ORIENTED_EDGE('',*,*,#4335,.F.);
#4335 = EDGE_CURVE('',#4336,#4307,#4338,.T.);
#4336 = VERTEX_POINT('',#4337);
#4337 = CARTESIAN_POINT('',(27.300000000004,-23.57000000025,-18.47));
#4338 = SURFACE_CURVE('',#4339,(#4343,#4350),.PCURVE_S1.);
#4339 = LINE('',#4340,#4341);
#4340 = CARTESIAN_POINT('',(27.300000000004,-23.57000000025,-18.47));
#4341 = VECTOR('',#4342,1.);
#4342 = DIRECTION('',(-1.055180248732E-13,-1.,4.123090757701E-14));
#4343 = PCURVE('',#3288,#4344);
#4344 = DEFINITIONAL_REPRESENTATION('',(#4345),#4349);
#4345 = LINE('',#4346,#4347);
#4346 = CARTESIAN_POINT('',(-34.54,-49.27000000049));
#4347 = VECTOR('',#4348,1.);
#4348 = DIRECTION('',(-7.345872749418E-27,-1.));
#4349 = ( GEOMETRIC_REPRESENTATION_CONTEXT(2) 
PARAMETRIC_REPRESENTATION_CONTEXT() REPRESENTATION_CONTEXT('2D SPACE',''
  ) );
#4350 = PCURVE('',#4351,#4356);
#4351 = PLANE('',#4352);
#4352 = AXIS2_PLACEMENT_3D('',#4353,#4354,#4355);
#4353 = CARTESIAN_POINT('',(27.300000000004,-23.57000000025,-18.47));
#4354 = DIRECTION('',(2.517430708338E-14,-4.123090757702E-14,-1.));
#4355 = DIRECTION('',(-1.,1.055180248732E-13,-2.517430708338E-14));
#4356 = DEFINITIONAL_REPRESENTATION('',(#4357),#4361);
#4357 = LINE('',#4358,#4359);
#4358 = CARTESIAN_POINT('',(0.,0.));
#4359 = VECTOR('',#4360,1.);
#4360 = DIRECTION('',(-1.03795952867E-27,-1.));
#4361 = ( GEOMETRIC_REPRESENTATION_CONTEXT(2) 
PARAMETRIC_REPRESENTATION_CONTEXT() REPRESENTATION_CONTEXT('2D SPACE',''
  ) );
#4362 = ORIENTED_EDGE('',*,*,#4363,.F.);
#4363 = EDGE_CURVE('',#4364,#4336,#4366,.T.);
#4364 = VERTEX_POINT('',#4365);
#4365 = CARTESIAN_POINT('',(27.300000000004,-18.47000000025,-23.57));
#4366 = SURFACE_CURVE('',#4367,(#4372,#4383),.PCURVE_S1.);
#4367 = CIRCLE('',#4368,5.1);
#4368 = AXIS2_PLACEMENT_3D('',#4369,#4370,#4371);
#4369 = CARTESIAN_POINT('',(27.300000000004,-23.57000000025,-23.57));
#4370 = DIRECTION('',(1.,-1.055180248732E-13,2.517430708338E-14));
#4371 = DIRECTION('',(-2.517430708338E-14,4.123090757702E-14,1.));
#4372 = PCURVE('',#3288,#4373);
#4373 = DEFINITIONAL_REPRESENTATION('',(#4374),#4382);
#4374 = ( BOUNDED_CURVE() B_SPLINE_CURVE(2,(#4375,#4376,#4377,#4378,
#4379,#4380,#4381),.UNSPECIFIED.,.T.,.F.) B_SPLINE_CURVE_WITH_KNOTS((1,2
    ,2,2,2,1),(-2.094395102393,0.,2.094395102393,4.188790204786,
6.28318530718,8.377580409573),.UNSPECIFIED.) CURVE() 
GEOMETRIC_REPRESENTATION_ITEM() RATIONAL_B_SPLINE_CURVE((1.,0.5,1.,0.5,
1.,0.5,1.)) REPRESENTATION_ITEM('') );
#4375 = CARTESIAN_POINT('',(-34.54,-49.27000000049));
#4376 = CARTESIAN_POINT('',(-34.54,-58.1034591191));
#4377 = CARTESIAN_POINT('',(-42.19,-53.68672955979));
#4378 = CARTESIAN_POINT('',(-49.84,-49.27000000049));
#4379 = CARTESIAN_POINT('',(-42.19,-44.85327044119));
#4380 = CARTESIAN_POINT('',(-34.54,-40.43654088189));
#4381 = CARTESIAN_POINT('',(-34.54,-49.27000000049));
#4382 = ( GEOMETRIC_REPRESENTATION_CONTEXT(2) 
PARAMETRIC_REPRESENTATION_CONTEXT() REPRESENTATION_CONTEXT('2D SPACE',''
  ) );
#4383 = PCURVE('',#4384,#4389);
#4384 = CYLINDRICAL_SURFACE('',#4385,5.1);
#4385 = AXIS2_PLACEMENT_3D('',#4386,#4387,#4388);
#4386 = CARTESIAN_POINT('',(27.300000000004,-23.57000000025,-23.57));
#4387 = DIRECTION('',(-1.,1.055180248732E-13,-2.517430708338E-14));
#4388 = DIRECTION('',(-2.517430708338E-14,4.123090757702E-14,1.));
#4389 = DEFINITIONAL_REPRESENTATION('',(#4390),#4394);
#4390 = LINE('',#4391,#4392);
#4391 = CARTESIAN_POINT('',(6.28318530718,0.));
#4392 = VECTOR('',#4393,1.);
#4393 = DIRECTION('',(-1.,0.));
#4394 = ( GEOMETRIC_REPRESENTATION_CONTEXT(2) 
PARAMETRIC_REPRESENTATION_CONTEXT() REPRESENTATION_CONTEXT('2D SPACE',''
  ) );
#4395 = ORIENTED_EDGE('',*,*,#4396,.F.);
#4396 = EDGE_CURVE('',#4397,#4364,#4399,.T.);
#4397 = VERTEX_POINT('',#4398);
#4398 = CARTESIAN_POINT('',(27.300000000004,-18.47000000025,
    -25.69999999999));
#4399 = SURFACE_CURVE('',#4400,(#4404,#4411),.PCURVE_S1.);
#4400 = LINE('',#4401,#4402);
#4401 = CARTESIAN_POINT('',(27.300000000004,-18.47000000025,
    -25.69999999999));
#4402 = VECTOR('',#4403,1.);
#4403 = DIRECTION('',(-2.517430708338E-14,4.285975591127E-14,1.));
#4404 = PCURVE('',#3288,#4405);
#4405 = DEFINITIONAL_REPRESENTATION('',(#4406),#4410);
#4406 = LINE('',#4407,#4408);
#4407 = CARTESIAN_POINT('',(-41.76999999999,-44.17000000049));
#4408 = VECTOR('',#4409,1.);
#4409 = DIRECTION('',(1.,1.62884833425E-15));
#4410 = ( GEOMETRIC_REPRESENTATION_CONTEXT(2) 
PARAMETRIC_REPRESENTATION_CONTEXT() REPRESENTATION_CONTEXT('2D SPACE',''
  ) );
#4411 = PCURVE('',#4412,#4417);
#4412 = PLANE('',#4413);
#4413 = AXIS2_PLACEMENT_3D('',#4414,#4415,#4416);
#4414 = CARTESIAN_POINT('',(27.300000000004,-18.47000000025,
    -25.69999999999));
#4415 = DIRECTION('',(-1.055180248732E-13,-1.,4.285975591127E-14));
#4416 = DIRECTION('',(-2.517430708338E-14,4.285975591127E-14,1.));
#4417 = DEFINITIONAL_REPRESENTATION('',(#4418),#4422);
#4418 = LINE('',#4419,#4420);
#4419 = CARTESIAN_POINT('',(0.,0.));
#4420 = VECTOR('',#4421,1.);
#4421 = DIRECTION('',(1.,0.));
#4422 = ( GEOMETRIC_REPRESENTATION_CONTEXT(2) 
PARAMETRIC_REPRESENTATION_CONTEXT() REPRESENTATION_CONTEXT('2D SPACE',''
  ) );
#4423 = ORIENTED_EDGE('',*,*,#4424,.F.);
#4424 = EDGE_CURVE('',#4425,#4397,#4427,.T.);
#4425 = VERTEX_POINT('',#4426);
#4426 = CARTESIAN_POINT('',(27.300000000004,-16.07000000025,-28.1));
#4427 = SURFACE_CURVE('',#4428,(#4433,#4440),.PCURVE_S1.);
#4428 = CIRCLE('',#4429,2.4);
#4429 = AXIS2_PLACEMENT_3D('',#4430,#4431,#4432);
#4430 = CARTESIAN_POINT('',(27.300000000004,-16.07000000025,
    -25.69999999999));
#4431 = DIRECTION('',(-1.,1.055180248732E-13,-2.517430708338E-14));
#4432 = DIRECTION('',(-2.517430708338E-14,4.123090757702E-14,1.));
#4433 = PCURVE('',#3288,#4434);
#4434 = DEFINITIONAL_REPRESENTATION('',(#4435),#4439);
#4435 = CIRCLE('',#4436,2.4);
#4436 = AXIS2_PLACEMENT_2D('',#4437,#4438);
#4437 = CARTESIAN_POINT('',(-41.76999999999,-41.77000000049));
#4438 = DIRECTION('',(1.,0.));
#4439 = ( GEOMETRIC_REPRESENTATION_CONTEXT(2) 
PARAMETRIC_REPRESENTATION_CONTEXT() REPRESENTATION_CONTEXT('2D SPACE',''
  ) );
#4440 = PCURVE('',#4441,#4446);
#4441 = CYLINDRICAL_SURFACE('',#4442,2.4);
#4442 = AXIS2_PLACEMENT_3D('',#4443,#4444,#4445);
#4443 = CARTESIAN_POINT('',(27.300000000004,-16.07000000025,
    -25.69999999999));
#4444 = DIRECTION('',(-1.,1.055180248732E-13,-2.517430708338E-14));
#4445 = DIRECTION('',(-2.517430708338E-14,4.123090757702E-14,1.));
#4446 = DEFINITIONAL_REPRESENTATION('',(#4447),#4451);
#4447 = LINE('',#4448,#4449);
#4448 = CARTESIAN_POINT('',(0.,4.263256414561E-14));
#4449 = VECTOR('',#4450,1.);
#4450 = DIRECTION('',(1.,-9.046911093941E-15));
#4451 = ( GEOMETRIC_REPRESENTATION_CONTEXT(2) 
PARAMETRIC_REPRESENTATION_CONTEXT() REPRESENTATION_CONTEXT('2D SPACE',''
  ) );
#4452 = ORIENTED_EDGE('',*,*,#4453,.F.);
#4453 = EDGE_CURVE('',#4454,#4425,#4456,.T.);
#4454 = VERTEX_POINT('',#4455);
#4455 = CARTESIAN_POINT('',(27.300000000004,16.069999999247,-28.1));
#4456 = SURFACE_CURVE('',#4457,(#4461,#4468),.PCURVE_S1.);
#4457 = LINE('',#4458,#4459);
#4458 = CARTESIAN_POINT('',(27.300000000004,16.069999999247,-28.1));
#4459 = VECTOR('',#4460,1.);
#4460 = DIRECTION('',(-1.055180248732E-13,-1.,4.198654319194E-14));
#4461 = PCURVE('',#3288,#4462);
#4462 = DEFINITIONAL_REPRESENTATION('',(#4463),#4467);
#4463 = LINE('',#4464,#4465);
#4464 = CARTESIAN_POINT('',(-44.17,-9.630000000998));
#4465 = VECTOR('',#4466,1.);
#4466 = DIRECTION('',(7.556356149227E-16,-1.));
#4467 = ( GEOMETRIC_REPRESENTATION_CONTEXT(2) 
PARAMETRIC_REPRESENTATION_CONTEXT() REPRESENTATION_CONTEXT('2D SPACE',''
  ) );
#4468 = PCURVE('',#4469,#4474);
#4469 = PLANE('',#4470);
#4470 = AXIS2_PLACEMENT_3D('',#4471,#4472,#4473);
#4471 = CARTESIAN_POINT('',(27.300000000004,16.069999999247,-28.1));
#4472 = DIRECTION('',(2.517430708338E-14,-4.198654319194E-14,-1.));
#4473 = DIRECTION('',(-1.055180248732E-13,-1.,4.198654319194E-14));
#4474 = DEFINITIONAL_REPRESENTATION('',(#4475),#4479);
#4475 = LINE('',#4476,#4477);
#4476 = CARTESIAN_POINT('',(0.,0.));
#4477 = VECTOR('',#4478,1.);
#4478 = DIRECTION('',(1.,3.246924933425E-30));
#4479 = ( GEOMETRIC_REPRESENTATION_CONTEXT(2) 
PARAMETRIC_REPRESENTATION_CONTEXT() REPRESENTATION_CONTEXT('2D SPACE',''
  ) );
#4480 = ORIENTED_EDGE('',*,*,#4481,.F.);
#4481 = EDGE_CURVE('',#4482,#4454,#4484,.T.);
#4482 = VERTEX_POINT('',#4483);
#4483 = CARTESIAN_POINT('',(27.299999999996,18.470000000247,-25.7));
#4484 = SURFACE_CURVE('',#4485,(#4490,#4497),.PCURVE_S1.);
#4485 = CIRCLE('',#4486,2.4);
#4486 = AXIS2_PLACEMENT_3D('',#4487,#4488,#4489);
#4487 = CARTESIAN_POINT('',(27.300000000004,16.069999999247,-25.7));
#4488 = DIRECTION('',(-1.,1.055180248732E-13,-2.517430708338E-14));
#4489 = DIRECTION('',(-2.517430708338E-14,4.123090757702E-14,1.));
#4490 = PCURVE('',#3288,#4491);
#4491 = DEFINITIONAL_REPRESENTATION('',(#4492),#4496);
#4492 = CIRCLE('',#4493,2.4);
#4493 = AXIS2_PLACEMENT_2D('',#4494,#4495);
#4494 = CARTESIAN_POINT('',(-41.77,-9.630000000998));
#4495 = DIRECTION('',(1.,0.));
#4496 = ( GEOMETRIC_REPRESENTATION_CONTEXT(2) 
PARAMETRIC_REPRESENTATION_CONTEXT() REPRESENTATION_CONTEXT('2D SPACE',''
  ) );
#4497 = PCURVE('',#4498,#4503);
#4498 = CYLINDRICAL_SURFACE('',#4499,2.4);
#4499 = AXIS2_PLACEMENT_3D('',#4500,#4501,#4502);
#4500 = CARTESIAN_POINT('',(27.300000000004,16.069999999247,-25.7));
#4501 = DIRECTION('',(-1.,1.055180248732E-13,-2.517430708338E-14));
#4502 = DIRECTION('',(-2.517430708338E-14,4.123090757702E-14,1.));
#4503 = DEFINITIONAL_REPRESENTATION('',(#4504),#4508);
#4504 = LINE('',#4505,#4506);
#4505 = CARTESIAN_POINT('',(-6.217248937901E-15,-1.42108547152E-14));
#4506 = VECTOR('',#4507,1.);
#4507 = DIRECTION('',(1.,9.04691109394E-15));
#4508 = ( GEOMETRIC_REPRESENTATION_CONTEXT(2) 
PARAMETRIC_REPRESENTATION_CONTEXT() REPRESENTATION_CONTEXT('2D SPACE',''
  ) );
#4509 = ORIENTED_EDGE('',*,*,#4510,.F.);
#4510 = EDGE_CURVE('',#4511,#4482,#4513,.T.);
#4511 = VERTEX_POINT('',#4512);
#4512 = CARTESIAN_POINT('',(27.299999999996,18.470000000247,-23.57));
#4513 = SURFACE_CURVE('',#4514,(#4518,#4525),.PCURVE_S1.);
#4514 = LINE('',#4515,#4516);
#4515 = CARTESIAN_POINT('',(27.300000000004,18.470000000247,-23.57));
#4516 = VECTOR('',#4517,1.);
#4517 = DIRECTION('',(2.517430708338E-14,-3.960205924277E-14,-1.));
#4518 = PCURVE('',#3288,#4519);
#4519 = DEFINITIONAL_REPRESENTATION('',(#4520),#4524);
#4520 = LINE('',#4521,#4522);
#4521 = CARTESIAN_POINT('',(-39.64,-7.229999999998));
#4522 = VECTOR('',#4523,1.);
#4523 = DIRECTION('',(-1.,1.62884833425E-15));
#4524 = ( GEOMETRIC_REPRESENTATION_CONTEXT(2) 
PARAMETRIC_REPRESENTATION_CONTEXT() REPRESENTATION_CONTEXT('2D SPACE',''
  ) );
#4525 = PCURVE('',#4526,#4531);
#4526 = PLANE('',#4527);
#4527 = AXIS2_PLACEMENT_3D('',#4528,#4529,#4530);
#4528 = CARTESIAN_POINT('',(27.300000000004,18.470000000247,-23.57));
#4529 = DIRECTION('',(1.055180248732E-13,1.,-3.960205924276E-14));
#4530 = DIRECTION('',(2.517430708338E-14,-3.960205924276E-14,-1.));
#4531 = DEFINITIONAL_REPRESENTATION('',(#4532),#4536);
#4532 = LINE('',#4533,#4534);
#4533 = CARTESIAN_POINT('',(0.,0.));
#4534 = VECTOR('',#4535,1.);
#4535 = DIRECTION('',(1.,0.));
#4536 = ( GEOMETRIC_REPRESENTATION_CONTEXT(2) 
PARAMETRIC_REPRESENTATION_CONTEXT() REPRESENTATION_CONTEXT('2D SPACE',''
  ) );
#4537 = ORIENTED_EDGE('',*,*,#4538,.F.);
#4538 = EDGE_CURVE('',#4539,#4511,#4541,.T.);
#4539 = VERTEX_POINT('',#4540);
#4540 = CARTESIAN_POINT('',(27.300000000004,23.569999999247,-18.47));
#4541 = SURFACE_CURVE('',#4542,(#4547,#4558),.PCURVE_S1.);
#4542 = CIRCLE('',#4543,5.1);
#4543 = AXIS2_PLACEMENT_3D('',#4544,#4545,#4546);
#4544 = CARTESIAN_POINT('',(27.300000000004,23.569999999247,-23.57));
#4545 = DIRECTION('',(1.,-1.055180248732E-13,2.517430708338E-14));
#4546 = DIRECTION('',(-2.517430708338E-14,4.123090757702E-14,1.));
#4547 = PCURVE('',#3288,#4548);
#4548 = DEFINITIONAL_REPRESENTATION('',(#4549),#4557);
#4549 = ( BOUNDED_CURVE() B_SPLINE_CURVE(2,(#4550,#4551,#4552,#4553,
#4554,#4555,#4556),.UNSPECIFIED.,.T.,.F.) B_SPLINE_CURVE_WITH_KNOTS((1,2
    ,2,2,2,1),(-2.094395102393,0.,2.094395102393,4.188790204786,
6.28318530718,8.377580409573),.UNSPECIFIED.) CURVE() 
GEOMETRIC_REPRESENTATION_ITEM() RATIONAL_B_SPLINE_CURVE((1.,0.5,1.,0.5,
1.,0.5,1.)) REPRESENTATION_ITEM('') );
#4550 = CARTESIAN_POINT('',(-34.54,-2.130000000998));
#4551 = CARTESIAN_POINT('',(-34.54,-10.9634591196));
#4552 = CARTESIAN_POINT('',(-42.19,-6.546729560299));
#4553 = CARTESIAN_POINT('',(-49.84,-2.130000000998));
#4554 = CARTESIAN_POINT('',(-42.19,2.286729558302));
#4555 = CARTESIAN_POINT('',(-34.54,6.703459117603));
#4556 = CARTESIAN_POINT('',(-34.54,-2.130000000998));
#4557 = ( GEOMETRIC_REPRESENTATION_CONTEXT(2) 
PARAMETRIC_REPRESENTATION_CONTEXT() REPRESENTATION_CONTEXT('2D SPACE',''
  ) );
#4558 = PCURVE('',#4559,#4564);
#4559 = CYLINDRICAL_SURFACE('',#4560,5.1);
#4560 = AXIS2_PLACEMENT_3D('',#4561,#4562,#4563);
#4561 = CARTESIAN_POINT('',(27.300000000004,23.569999999247,-23.57));
#4562 = DIRECTION('',(-1.,1.055180248732E-13,-2.517430708338E-14));
#4563 = DIRECTION('',(-2.517430708338E-14,4.123090757702E-14,1.));
#4564 = DEFINITIONAL_REPRESENTATION('',(#4565),#4569);
#4565 = LINE('',#4566,#4567);
#4566 = CARTESIAN_POINT('',(6.28318530718,0.));
#4567 = VECTOR('',#4568,1.);
#4568 = DIRECTION('',(-1.,0.));
#4569 = ( GEOMETRIC_REPRESENTATION_CONTEXT(2) 
PARAMETRIC_REPRESENTATION_CONTEXT() REPRESENTATION_CONTEXT('2D SPACE',''
  ) );
#4570 = ORIENTED_EDGE('',*,*,#4571,.F.);
#4571 = EDGE_CURVE('',#4572,#4539,#4574,.T.);
#4572 = VERTEX_POINT('',#4573);
#4573 = CARTESIAN_POINT('',(27.300000000005,25.700000000247,-18.47));
#4574 = SURFACE_CURVE('',#4575,(#4579,#4586),.PCURVE_S1.);
#4575 = LINE('',#4576,#4577);
#4576 = CARTESIAN_POINT('',(27.300000000005,25.700000000247,-18.47));
#4577 = VECTOR('',#4578,1.);
#4578 = DIRECTION('',(-1.055180248732E-13,-1.,4.123090757701E-14));
#4579 = PCURVE('',#3288,#4580);
#4580 = DEFINITIONAL_REPRESENTATION('',(#4581),#4585);
#4581 = LINE('',#4582,#4583);
#4582 = CARTESIAN_POINT('',(-34.54,1.42411554771E-12));
#4583 = VECTOR('',#4584,1.);
#4584 = DIRECTION('',(-7.345872749418E-27,-1.));
#4585 = ( GEOMETRIC_REPRESENTATION_CONTEXT(2) 
PARAMETRIC_REPRESENTATION_CONTEXT() REPRESENTATION_CONTEXT('2D SPACE',''
  ) );
#4586 = PCURVE('',#4587,#4592);
#4587 = PLANE('',#4588);
#4588 = AXIS2_PLACEMENT_3D('',#4589,#4590,#4591);
#4589 = CARTESIAN_POINT('',(27.300000000005,25.700000000247,-18.47));
#4590 = DIRECTION('',(2.517430708338E-14,-4.123090757702E-14,-1.));
#4591 = DIRECTION('',(-1.,1.055180248732E-13,-2.517430708338E-14));
#4592 = DEFINITIONAL_REPRESENTATION('',(#4593),#4597);
#4593 = LINE('',#4594,#4595);
#4594 = CARTESIAN_POINT('',(0.,0.));
#4595 = VECTOR('',#4596,1.);
#4596 = DIRECTION('',(-1.03795952867E-27,-1.));
#4597 = ( GEOMETRIC_REPRESENTATION_CONTEXT(2) 
PARAMETRIC_REPRESENTATION_CONTEXT() REPRESENTATION_CONTEXT('2D SPACE',''
  ) );
#4598 = ORIENTED_EDGE('',*,*,#4599,.F.);
#4599 = EDGE_CURVE('',#4600,#4572,#4602,.T.);
#4600 = VERTEX_POINT('',#4601);
#4601 = CARTESIAN_POINT('',(27.3,28.099999999247,-16.07));
#4602 = SURFACE_CURVE('',#4603,(#4608,#4615),.PCURVE_S1.);
#4603 = CIRCLE('',#4604,2.4);
#4604 = AXIS2_PLACEMENT_3D('',#4605,#4606,#4607);
#4605 = CARTESIAN_POINT('',(27.300000000005,25.700000000247,-16.07));
#4606 = DIRECTION('',(-1.,1.055180248732E-13,-2.517430708338E-14));
#4607 = DIRECTION('',(-2.517430708338E-14,4.123090757702E-14,1.));
#4608 = PCURVE('',#3288,#4609);
#4609 = DEFINITIONAL_REPRESENTATION('',(#4610),#4614);
#4610 = CIRCLE('',#4611,2.4);
#4611 = AXIS2_PLACEMENT_2D('',#4612,#4613);
#4612 = CARTESIAN_POINT('',(-32.14,1.325161369525E-12));
#4613 = DIRECTION('',(1.,0.));
#4614 = ( GEOMETRIC_REPRESENTATION_CONTEXT(2) 
PARAMETRIC_REPRESENTATION_CONTEXT() REPRESENTATION_CONTEXT('2D SPACE',''
  ) );
#4615 = PCURVE('',#4616,#4621);
#4616 = CYLINDRICAL_SURFACE('',#4617,2.4);
#4617 = AXIS2_PLACEMENT_3D('',#4618,#4619,#4620);
#4618 = CARTESIAN_POINT('',(27.300000000005,25.700000000247,-16.07));
#4619 = DIRECTION('',(-1.,1.055180248732E-13,-2.517430708338E-14));
#4620 = DIRECTION('',(-2.517430708338E-14,4.123090757702E-14,1.));
#4621 = DEFINITIONAL_REPRESENTATION('',(#4622),#4626);
#4622 = LINE('',#4623,#4624);
#4623 = CARTESIAN_POINT('',(-6.217248937901E-15,-1.42108547152E-14));
#4624 = VECTOR('',#4625,1.);
#4625 = DIRECTION('',(1.,9.04691109394E-15));
#4626 = ( GEOMETRIC_REPRESENTATION_CONTEXT(2) 
PARAMETRIC_REPRESENTATION_CONTEXT() REPRESENTATION_CONTEXT('2D SPACE',''
  ) );
#4627 = ORIENTED_EDGE('',*,*,#4628,.F.);
#4628 = EDGE_CURVE('',#4629,#4600,#4631,.T.);
#4629 = VERTEX_POINT('',#4630);
#4630 = CARTESIAN_POINT('',(27.299999999995,28.099999999247,
    16.069999999996));
#4631 = SURFACE_CURVE('',#4632,(#4636,#4643),.PCURVE_S1.);
#4632 = LINE('',#4633,#4634);
#4633 = CARTESIAN_POINT('',(27.299999999995,28.099999999247,
    16.069999999996));
#4634 = VECTOR('',#4635,1.);
#4635 = DIRECTION('',(2.517430708338E-14,-4.166269935697E-14,-1.));
#4636 = PCURVE('',#3288,#4637);
#4637 = DEFINITIONAL_REPRESENTATION('',(#4638),#4642);
#4638 = LINE('',#4639,#4640);
#4639 = CARTESIAN_POINT('',(9.895417814361E-14,2.399999999));
#4640 = VECTOR('',#4641,1.);
#4641 = DIRECTION('',(-1.,-4.3179177995E-16));
#4642 = ( GEOMETRIC_REPRESENTATION_CONTEXT(2) 
PARAMETRIC_REPRESENTATION_CONTEXT() REPRESENTATION_CONTEXT('2D SPACE',''
  ) );
#4643 = PCURVE('',#4644,#4649);
#4644 = PLANE('',#4645);
#4645 = AXIS2_PLACEMENT_3D('',#4646,#4647,#4648);
#4646 = CARTESIAN_POINT('',(27.299999999995,28.099999999247,
    16.069999999996));
#4647 = DIRECTION('',(1.055180248732E-13,1.,-4.166269935697E-14));
#4648 = DIRECTION('',(2.517430708338E-14,-4.166269935697E-14,-1.));
#4649 = DEFINITIONAL_REPRESENTATION('',(#4650),#4654);
#4650 = LINE('',#4651,#4652);
#4651 = CARTESIAN_POINT('',(0.,0.));
#4652 = VECTOR('',#4653,1.);
#4653 = DIRECTION('',(1.,0.));
#4654 = ( GEOMETRIC_REPRESENTATION_CONTEXT(2) 
PARAMETRIC_REPRESENTATION_CONTEXT() REPRESENTATION_CONTEXT('2D SPACE',''
  ) );
#4655 = ORIENTED_EDGE('',*,*,#4656,.F.);
#4656 = EDGE_CURVE('',#3986,#4629,#4657,.T.);
#4657 = SURFACE_CURVE('',#4658,(#4663,#4670),.PCURVE_S1.);
#4658 = CIRCLE('',#4659,2.4);
#4659 = AXIS2_PLACEMENT_3D('',#4660,#4661,#4662);
#4660 = CARTESIAN_POINT('',(27.299999999995,25.700000000247,
    16.069999999996));
#4661 = DIRECTION('',(-1.,1.055180248732E-13,-2.517430708338E-14));
#4662 = DIRECTION('',(-2.517430708338E-14,4.123090757702E-14,1.));
#4663 = PCURVE('',#3288,#4664);
#4664 = DEFINITIONAL_REPRESENTATION('',(#4665),#4669);
#4665 = CIRCLE('',#4666,2.4);
#4666 = AXIS2_PLACEMENT_2D('',#4667,#4668);
#4667 = CARTESIAN_POINT('',(0.,0.));
#4668 = DIRECTION('',(1.,0.));
#4669 = ( GEOMETRIC_REPRESENTATION_CONTEXT(2) 
PARAMETRIC_REPRESENTATION_CONTEXT() REPRESENTATION_CONTEXT('2D SPACE',''
  ) );
#4670 = PCURVE('',#4671,#4676);
#4671 = CYLINDRICAL_SURFACE('',#4672,2.4);
#4672 = AXIS2_PLACEMENT_3D('',#4673,#4674,#4675);
#4673 = CARTESIAN_POINT('',(27.299999999995,25.700000000247,
    16.069999999996));
#4674 = DIRECTION('',(-1.,1.055180248732E-13,-2.517430708338E-14));
#4675 = DIRECTION('',(-2.517430708338E-14,4.123090757702E-14,1.));
#4676 = DEFINITIONAL_REPRESENTATION('',(#4677),#4681);
#4677 = LINE('',#4678,#4679);
#4678 = CARTESIAN_POINT('',(0.,0.));
#4679 = VECTOR('',#4680,1.);
#4680 = DIRECTION('',(1.,0.));
#4681 = ( GEOMETRIC_REPRESENTATION_CONTEXT(2) 
PARAMETRIC_REPRESENTATION_CONTEXT() REPRESENTATION_CONTEXT('2D SPACE',''
  ) );
#4682 = ADVANCED_FACE('',(#4683,#4709),#1515,.F.);
#4683 = FACE_BOUND('',#4684,.T.);
#4684 = EDGE_LOOP('',(#4685,#4686,#4687,#4688,#4689,#4690,#4691,#4692,
    #4693,#4694,#4695,#4696,#4697,#4698,#4699,#4700,#4701,#4702,#4703,
    #4704,#4705,#4706,#4707,#4708));
#4685 = ORIENTED_EDGE('',*,*,#2347,.F.);
#4686 = ORIENTED_EDGE('',*,*,#2397,.F.);
#4687 = ORIENTED_EDGE('',*,*,#2448,.F.);
#4688 = ORIENTED_EDGE('',*,*,#2500,.F.);
#4689 = ORIENTED_EDGE('',*,*,#2527,.F.);
#4690 = ORIENTED_EDGE('',*,*,#1721,.F.);
#4691 = ORIENTED_EDGE('',*,*,#2577,.F.);
#4692 = ORIENTED_EDGE('',*,*,#2627,.F.);
#4693 = ORIENTED_EDGE('',*,*,#2678,.F.);
#4694 = ORIENTED_EDGE('',*,*,#2730,.F.);
#4695 = ORIENTED_EDGE('',*,*,#2757,.F.);
#4696 = ORIENTED_EDGE('',*,*,#1915,.F.);
#4697 = ORIENTED_EDGE('',*,*,#2807,.F.);
#4698 = ORIENTED_EDGE('',*,*,#2857,.F.);
#4699 = ORIENTED_EDGE('',*,*,#2908,.F.);
#4700 = ORIENTED_EDGE('',*,*,#2960,.F.);
#4701 = ORIENTED_EDGE('',*,*,#2987,.F.);
#4702 = ORIENTED_EDGE('',*,*,#2082,.F.);
#4703 = ORIENTED_EDGE('',*,*,#3037,.F.);
#4704 = ORIENTED_EDGE('',*,*,#3087,.F.);
#4705 = ORIENTED_EDGE('',*,*,#3138,.F.);
#4706 = ORIENTED_EDGE('',*,*,#3190,.F.);
#4707 = ORIENTED_EDGE('',*,*,#3217,.F.);
#4708 = ORIENTED_EDGE('',*,*,#1499,.F.);
#4709 = FACE_BOUND('',#4710,.T.);
#4710 = EDGE_LOOP('',(#4711,#4737,#4760,#4784,#4807,#4835,#4858,#4882,
    #4905,#4929,#4952,#4980,#5003,#5027,#5050,#5074,#5097,#5125,#5148,
    #5172,#5195,#5219,#5242,#5270));
#4711 = ORIENTED_EDGE('',*,*,#4712,.T.);
#4712 = EDGE_CURVE('',#4713,#4715,#4717,.T.);
#4713 = VERTEX_POINT('',#4714);
#4714 = CARTESIAN_POINT('',(-6.700000000005,25.700000000247,
    18.469999999996));
#4715 = VERTEX_POINT('',#4716);
#4716 = CARTESIAN_POINT('',(-6.700000000005,28.099999999247,
    16.069999999996));
#4717 = SURFACE_CURVE('',#4718,(#4723,#4730),.PCURVE_S1.);
#4718 = CIRCLE('',#4719,2.4);
#4719 = AXIS2_PLACEMENT_3D('',#4720,#4721,#4722);
#4720 = CARTESIAN_POINT('',(-6.700000000005,25.700000000247,
    16.069999999996));
#4721 = DIRECTION('',(-1.,1.055180248732E-13,-2.517430708338E-14));
#4722 = DIRECTION('',(-2.517430708338E-14,4.123090757702E-14,1.));
#4723 = PCURVE('',#1515,#4724);
#4724 = DEFINITIONAL_REPRESENTATION('',(#4725),#4729);
#4725 = CIRCLE('',#4726,2.4);
#4726 = AXIS2_PLACEMENT_2D('',#4727,#4728);
#4727 = CARTESIAN_POINT('',(0.,0.));
#4728 = DIRECTION('',(1.,0.));
#4729 = ( GEOMETRIC_REPRESENTATION_CONTEXT(2) 
PARAMETRIC_REPRESENTATION_CONTEXT() REPRESENTATION_CONTEXT('2D SPACE',''
  ) );
#4730 = PCURVE('',#4671,#4731);
#4731 = DEFINITIONAL_REPRESENTATION('',(#4732),#4736);
#4732 = LINE('',#4733,#4734);
#4733 = CARTESIAN_POINT('',(0.,34.));
#4734 = VECTOR('',#4735,1.);
#4735 = DIRECTION('',(1.,-4.523455546971E-15));
#4736 = ( GEOMETRIC_REPRESENTATION_CONTEXT(2) 
PARAMETRIC_REPRESENTATION_CONTEXT() REPRESENTATION_CONTEXT('2D SPACE',''
  ) );
#4737 = ORIENTED_EDGE('',*,*,#4738,.T.);
#4738 = EDGE_CURVE('',#4715,#4739,#4741,.T.);
#4739 = VERTEX_POINT('',#4740);
#4740 = CARTESIAN_POINT('',(-6.700000000003,28.099999999247,-16.07));
#4741 = SURFACE_CURVE('',#4742,(#4746,#4753),.PCURVE_S1.);
#4742 = LINE('',#4743,#4744);
#4743 = CARTESIAN_POINT('',(-6.700000000005,28.099999999247,
    16.069999999996));
#4744 = VECTOR('',#4745,1.);
#4745 = DIRECTION('',(2.517430708338E-14,-4.166269935697E-14,-1.));
#4746 = PCURVE('',#1515,#4747);
#4747 = DEFINITIONAL_REPRESENTATION('',(#4748),#4752);
#4748 = LINE('',#4749,#4750);
#4749 = CARTESIAN_POINT('',(9.895417814361E-14,2.399999999));
#4750 = VECTOR('',#4751,1.);
#4751 = DIRECTION('',(-1.,-4.3179177995E-16));
#4752 = ( GEOMETRIC_REPRESENTATION_CONTEXT(2) 
PARAMETRIC_REPRESENTATION_CONTEXT() REPRESENTATION_CONTEXT('2D SPACE',''
  ) );
#4753 = PCURVE('',#4644,#4754);
#4754 = DEFINITIONAL_REPRESENTATION('',(#4755),#4759);
#4755 = LINE('',#4756,#4757);
#4756 = CARTESIAN_POINT('',(-8.559264408351E-13,34.));
#4757 = VECTOR('',#4758,1.);
#4758 = DIRECTION('',(1.,0.));
#4759 = ( GEOMETRIC_REPRESENTATION_CONTEXT(2) 
PARAMETRIC_REPRESENTATION_CONTEXT() REPRESENTATION_CONTEXT('2D SPACE',''
  ) );
#4760 = ORIENTED_EDGE('',*,*,#4761,.T.);
#4761 = EDGE_CURVE('',#4739,#4762,#4764,.T.);
#4762 = VERTEX_POINT('',#4763);
#4763 = CARTESIAN_POINT('',(-6.699999999995,25.700000000247,-18.47));
#4764 = SURFACE_CURVE('',#4765,(#4770,#4777),.PCURVE_S1.);
#4765 = CIRCLE('',#4766,2.4);
#4766 = AXIS2_PLACEMENT_3D('',#4767,#4768,#4769);
#4767 = CARTESIAN_POINT('',(-6.699999999995,25.700000000247,-16.07));
#4768 = DIRECTION('',(-1.,1.055180248732E-13,-2.517430708338E-14));
#4769 = DIRECTION('',(-2.517430708338E-14,4.123090757702E-14,1.));
#4770 = PCURVE('',#1515,#4771);
#4771 = DEFINITIONAL_REPRESENTATION('',(#4772),#4776);
#4772 = CIRCLE('',#4773,2.4);
#4773 = AXIS2_PLACEMENT_2D('',#4774,#4775);
#4774 = CARTESIAN_POINT('',(-32.14,1.325161369525E-12));
#4775 = DIRECTION('',(1.,0.));
#4776 = ( GEOMETRIC_REPRESENTATION_CONTEXT(2) 
PARAMETRIC_REPRESENTATION_CONTEXT() REPRESENTATION_CONTEXT('2D SPACE',''
  ) );
#4777 = PCURVE('',#4616,#4778);
#4778 = DEFINITIONAL_REPRESENTATION('',(#4779),#4783);
#4779 = LINE('',#4780,#4781);
#4780 = CARTESIAN_POINT('',(-3.61488616818E-13,34.));
#4781 = VECTOR('',#4782,1.);
#4782 = DIRECTION('',(1.,0.));
#4783 = ( GEOMETRIC_REPRESENTATION_CONTEXT(2) 
PARAMETRIC_REPRESENTATION_CONTEXT() REPRESENTATION_CONTEXT('2D SPACE',''
  ) );
#4784 = ORIENTED_EDGE('',*,*,#4785,.T.);
#4785 = EDGE_CURVE('',#4762,#4786,#4788,.T.);
#4786 = VERTEX_POINT('',#4787);
#4787 = CARTESIAN_POINT('',(-6.699999999996,23.569999999247,-18.47));
#4788 = SURFACE_CURVE('',#4789,(#4793,#4800),.PCURVE_S1.);
#4789 = LINE('',#4790,#4791);
#4790 = CARTESIAN_POINT('',(-6.699999999995,25.700000000247,-18.47));
#4791 = VECTOR('',#4792,1.);
#4792 = DIRECTION('',(-1.055180248732E-13,-1.,4.123090757701E-14));
#4793 = PCURVE('',#1515,#4794);
#4794 = DEFINITIONAL_REPRESENTATION('',(#4795),#4799);
#4795 = LINE('',#4796,#4797);
#4796 = CARTESIAN_POINT('',(-34.54,1.42411554771E-12));
#4797 = VECTOR('',#4798,1.);
#4798 = DIRECTION('',(-7.345872749418E-27,-1.));
#4799 = ( GEOMETRIC_REPRESENTATION_CONTEXT(2) 
PARAMETRIC_REPRESENTATION_CONTEXT() REPRESENTATION_CONTEXT('2D SPACE',''
  ) );
#4800 = PCURVE('',#4587,#4801);
#4801 = DEFINITIONAL_REPRESENTATION('',(#4802),#4806);
#4802 = LINE('',#4803,#4804);
#4803 = CARTESIAN_POINT('',(34.,-3.587612845689E-12));
#4804 = VECTOR('',#4805,1.);
#4805 = DIRECTION('',(-1.03795952867E-27,-1.));
#4806 = ( GEOMETRIC_REPRESENTATION_CONTEXT(2) 
PARAMETRIC_REPRESENTATION_CONTEXT() REPRESENTATION_CONTEXT('2D SPACE',''
  ) );
#4807 = ORIENTED_EDGE('',*,*,#4808,.T.);
#4808 = EDGE_CURVE('',#4786,#4809,#4811,.T.);
#4809 = VERTEX_POINT('',#4810);
#4810 = CARTESIAN_POINT('',(-6.699999999996,18.470000000247,-23.57));
#4811 = SURFACE_CURVE('',#4812,(#4817,#4828),.PCURVE_S1.);
#4812 = CIRCLE('',#4813,5.1);
#4813 = AXIS2_PLACEMENT_3D('',#4814,#4815,#4816);
#4814 = CARTESIAN_POINT('',(-6.699999999996,23.569999999247,-23.57));
#4815 = DIRECTION('',(1.,-1.055180248732E-13,2.517430708338E-14));
#4816 = DIRECTION('',(-2.517430708338E-14,4.123090757702E-14,1.));
#4817 = PCURVE('',#1515,#4818);
#4818 = DEFINITIONAL_REPRESENTATION('',(#4819),#4827);
#4819 = ( BOUNDED_CURVE() B_SPLINE_CURVE(2,(#4820,#4821,#4822,#4823,
#4824,#4825,#4826),.UNSPECIFIED.,.T.,.F.) B_SPLINE_CURVE_WITH_KNOTS((1,2
    ,2,2,2,1),(-2.094395102393,0.,2.094395102393,4.188790204786,
6.28318530718,8.377580409573),.UNSPECIFIED.) CURVE() 
GEOMETRIC_REPRESENTATION_ITEM() RATIONAL_B_SPLINE_CURVE((1.,0.5,1.,0.5,
1.,0.5,1.)) REPRESENTATION_ITEM('') );
#4820 = CARTESIAN_POINT('',(-34.54,-2.130000000998));
#4821 = CARTESIAN_POINT('',(-34.54,-10.9634591196));
#4822 = CARTESIAN_POINT('',(-42.19,-6.546729560299));
#4823 = CARTESIAN_POINT('',(-49.84,-2.130000000998));
#4824 = CARTESIAN_POINT('',(-42.19,2.286729558302));
#4825 = CARTESIAN_POINT('',(-34.54,6.703459117603));
#4826 = CARTESIAN_POINT('',(-34.54,-2.130000000998));
#4827 = ( GEOMETRIC_REPRESENTATION_CONTEXT(2) 
PARAMETRIC_REPRESENTATION_CONTEXT() REPRESENTATION_CONTEXT('2D SPACE',''
  ) );
#4828 = PCURVE('',#4559,#4829);
#4829 = DEFINITIONAL_REPRESENTATION('',(#4830),#4834);
#4830 = LINE('',#4831,#4832);
#4831 = CARTESIAN_POINT('',(6.28318530718,34.));
#4832 = VECTOR('',#4833,1.);
#4833 = DIRECTION('',(-1.,0.));
#4834 = ( GEOMETRIC_REPRESENTATION_CONTEXT(2) 
PARAMETRIC_REPRESENTATION_CONTEXT() REPRESENTATION_CONTEXT('2D SPACE',''
  ) );
#4835 = ORIENTED_EDGE('',*,*,#4836,.T.);
#4836 = EDGE_CURVE('',#4809,#4837,#4839,.T.);
#4837 = VERTEX_POINT('',#4838);
#4838 = CARTESIAN_POINT('',(-6.699999999996,18.470000000247,-25.7));
#4839 = SURFACE_CURVE('',#4840,(#4844,#4851),.PCURVE_S1.);
#4840 = LINE('',#4841,#4842);
#4841 = CARTESIAN_POINT('',(-6.699999999996,18.470000000247,-23.57));
#4842 = VECTOR('',#4843,1.);
#4843 = DIRECTION('',(2.517430708338E-14,-3.960205924277E-14,-1.));
#4844 = PCURVE('',#1515,#4845);
#4845 = DEFINITIONAL_REPRESENTATION('',(#4846),#4850);
#4846 = LINE('',#4847,#4848);
#4847 = CARTESIAN_POINT('',(-39.64,-7.229999999998));
#4848 = VECTOR('',#4849,1.);
#4849 = DIRECTION('',(-1.,1.62884833425E-15));
#4850 = ( GEOMETRIC_REPRESENTATION_CONTEXT(2) 
PARAMETRIC_REPRESENTATION_CONTEXT() REPRESENTATION_CONTEXT('2D SPACE',''
  ) );
#4851 = PCURVE('',#4526,#4852);
#4852 = DEFINITIONAL_REPRESENTATION('',(#4853),#4857);
#4853 = LINE('',#4854,#4855);
#4854 = CARTESIAN_POINT('',(-8.559264408351E-13,34.));
#4855 = VECTOR('',#4856,1.);
#4856 = DIRECTION('',(1.,0.));
#4857 = ( GEOMETRIC_REPRESENTATION_CONTEXT(2) 
PARAMETRIC_REPRESENTATION_CONTEXT() REPRESENTATION_CONTEXT('2D SPACE',''
  ) );
#4858 = ORIENTED_EDGE('',*,*,#4859,.T.);
#4859 = EDGE_CURVE('',#4837,#4860,#4862,.T.);
#4860 = VERTEX_POINT('',#4861);
#4861 = CARTESIAN_POINT('',(-6.699999999996,16.069999999247,-28.1));
#4862 = SURFACE_CURVE('',#4863,(#4868,#4875),.PCURVE_S1.);
#4863 = CIRCLE('',#4864,2.4);
#4864 = AXIS2_PLACEMENT_3D('',#4865,#4866,#4867);
#4865 = CARTESIAN_POINT('',(-6.699999999996,16.069999999247,-25.7));
#4866 = DIRECTION('',(-1.,1.055180248732E-13,-2.517430708338E-14));
#4867 = DIRECTION('',(-2.517430708338E-14,4.123090757702E-14,1.));
#4868 = PCURVE('',#1515,#4869);
#4869 = DEFINITIONAL_REPRESENTATION('',(#4870),#4874);
#4870 = CIRCLE('',#4871,2.4);
#4871 = AXIS2_PLACEMENT_2D('',#4872,#4873);
#4872 = CARTESIAN_POINT('',(-41.77,-9.630000000998));
#4873 = DIRECTION('',(1.,0.));
#4874 = ( GEOMETRIC_REPRESENTATION_CONTEXT(2) 
PARAMETRIC_REPRESENTATION_CONTEXT() REPRESENTATION_CONTEXT('2D SPACE',''
  ) );
#4875 = PCURVE('',#4498,#4876);
#4876 = DEFINITIONAL_REPRESENTATION('',(#4877),#4881);
#4877 = LINE('',#4878,#4879);
#4878 = CARTESIAN_POINT('',(-3.61488616818E-13,34.));
#4879 = VECTOR('',#4880,1.);
#4880 = DIRECTION('',(1.,0.));
#4881 = ( GEOMETRIC_REPRESENTATION_CONTEXT(2) 
PARAMETRIC_REPRESENTATION_CONTEXT() REPRESENTATION_CONTEXT('2D SPACE',''
  ) );
#4882 = ORIENTED_EDGE('',*,*,#4883,.T.);
#4883 = EDGE_CURVE('',#4860,#4884,#4886,.T.);
#4884 = VERTEX_POINT('',#4885);
#4885 = CARTESIAN_POINT('',(-6.699999999996,-16.07000000025,-28.1));
#4886 = SURFACE_CURVE('',#4887,(#4891,#4898),.PCURVE_S1.);
#4887 = LINE('',#4888,#4889);
#4888 = CARTESIAN_POINT('',(-6.699999999996,16.069999999247,-28.1));
#4889 = VECTOR('',#4890,1.);
#4890 = DIRECTION('',(-1.055180248732E-13,-1.,4.198654319194E-14));
#4891 = PCURVE('',#1515,#4892);
#4892 = DEFINITIONAL_REPRESENTATION('',(#4893),#4897);
#4893 = LINE('',#4894,#4895);
#4894 = CARTESIAN_POINT('',(-44.17,-9.630000000998));
#4895 = VECTOR('',#4896,1.);
#4896 = DIRECTION('',(7.556356149227E-16,-1.));
#4897 = ( GEOMETRIC_REPRESENTATION_CONTEXT(2) 
PARAMETRIC_REPRESENTATION_CONTEXT() REPRESENTATION_CONTEXT('2D SPACE',''
  ) );
#4898 = PCURVE('',#4469,#4899);
#4899 = DEFINITIONAL_REPRESENTATION('',(#4900),#4904);
#4900 = LINE('',#4901,#4902);
#4901 = CARTESIAN_POINT('',(3.587612845689E-12,34.));
#4902 = VECTOR('',#4903,1.);
#4903 = DIRECTION('',(1.,3.246924933425E-30));
#4904 = ( GEOMETRIC_REPRESENTATION_CONTEXT(2) 
PARAMETRIC_REPRESENTATION_CONTEXT() REPRESENTATION_CONTEXT('2D SPACE',''
  ) );
#4905 = ORIENTED_EDGE('',*,*,#4906,.T.);
#4906 = EDGE_CURVE('',#4884,#4907,#4909,.T.);
#4907 = VERTEX_POINT('',#4908);
#4908 = CARTESIAN_POINT('',(-6.699999999996,-18.47000000025,
    -25.69999999999));
#4909 = SURFACE_CURVE('',#4910,(#4915,#4922),.PCURVE_S1.);
#4910 = CIRCLE('',#4911,2.4);
#4911 = AXIS2_PLACEMENT_3D('',#4912,#4913,#4914);
#4912 = CARTESIAN_POINT('',(-6.699999999996,-16.07000000025,
    -25.69999999999));
#4913 = DIRECTION('',(-1.,1.055180248732E-13,-2.517430708338E-14));
#4914 = DIRECTION('',(-2.517430708338E-14,4.123090757702E-14,1.));
#4915 = PCURVE('',#1515,#4916);
#4916 = DEFINITIONAL_REPRESENTATION('',(#4917),#4921);
#4917 = CIRCLE('',#4918,2.4);
#4918 = AXIS2_PLACEMENT_2D('',#4919,#4920);
#4919 = CARTESIAN_POINT('',(-41.76999999999,-41.77000000049));
#4920 = DIRECTION('',(1.,0.));
#4921 = ( GEOMETRIC_REPRESENTATION_CONTEXT(2) 
PARAMETRIC_REPRESENTATION_CONTEXT() REPRESENTATION_CONTEXT('2D SPACE',''
  ) );
#4922 = PCURVE('',#4441,#4923);
#4923 = DEFINITIONAL_REPRESENTATION('',(#4924),#4928);
#4924 = LINE('',#4925,#4926);
#4925 = CARTESIAN_POINT('',(1.468158927764E-12,34.));
#4926 = VECTOR('',#4927,1.);
#4927 = DIRECTION('',(1.,9.046911093947E-15));
#4928 = ( GEOMETRIC_REPRESENTATION_CONTEXT(2) 
PARAMETRIC_REPRESENTATION_CONTEXT() REPRESENTATION_CONTEXT('2D SPACE',''
  ) );
#4929 = ORIENTED_EDGE('',*,*,#4930,.T.);
#4930 = EDGE_CURVE('',#4907,#4931,#4933,.T.);
#4931 = VERTEX_POINT('',#4932);
#4932 = CARTESIAN_POINT('',(-6.699999999996,-18.47000000025,-23.57));
#4933 = SURFACE_CURVE('',#4934,(#4938,#4945),.PCURVE_S1.);
#4934 = LINE('',#4935,#4936);
#4935 = CARTESIAN_POINT('',(-6.699999999996,-18.47000000025,
    -25.69999999999));
#4936 = VECTOR('',#4937,1.);
#4937 = DIRECTION('',(-2.517430708338E-14,4.285975591127E-14,1.));
#4938 = PCURVE('',#1515,#4939);
#4939 = DEFINITIONAL_REPRESENTATION('',(#4940),#4944);
#4940 = LINE('',#4941,#4942);
#4941 = CARTESIAN_POINT('',(-41.76999999999,-44.17000000049));
#4942 = VECTOR('',#4943,1.);
#4943 = DIRECTION('',(1.,1.62884833425E-15));
#4944 = ( GEOMETRIC_REPRESENTATION_CONTEXT(2) 
PARAMETRIC_REPRESENTATION_CONTEXT() REPRESENTATION_CONTEXT('2D SPACE',''
  ) );
#4945 = PCURVE('',#4412,#4946);
#4946 = DEFINITIONAL_REPRESENTATION('',(#4947),#4951);
#4947 = LINE('',#4948,#4949);
#4948 = CARTESIAN_POINT('',(8.559264408351E-13,34.));
#4949 = VECTOR('',#4950,1.);
#4950 = DIRECTION('',(1.,0.));
#4951 = ( GEOMETRIC_REPRESENTATION_CONTEXT(2) 
PARAMETRIC_REPRESENTATION_CONTEXT() REPRESENTATION_CONTEXT('2D SPACE',''
  ) );
#4952 = ORIENTED_EDGE('',*,*,#4953,.T.);
#4953 = EDGE_CURVE('',#4931,#4954,#4956,.T.);
#4954 = VERTEX_POINT('',#4955);
#4955 = CARTESIAN_POINT('',(-6.699999999996,-23.57000000025,-18.47));
#4956 = SURFACE_CURVE('',#4957,(#4962,#4973),.PCURVE_S1.);
#4957 = CIRCLE('',#4958,5.1);
#4958 = AXIS2_PLACEMENT_3D('',#4959,#4960,#4961);
#4959 = CARTESIAN_POINT('',(-6.699999999996,-23.57000000025,-23.57));
#4960 = DIRECTION('',(1.,-1.055180248732E-13,2.517430708338E-14));
#4961 = DIRECTION('',(-2.517430708338E-14,4.123090757702E-14,1.));
#4962 = PCURVE('',#1515,#4963);
#4963 = DEFINITIONAL_REPRESENTATION('',(#4964),#4972);
#4964 = ( BOUNDED_CURVE() B_SPLINE_CURVE(2,(#4965,#4966,#4967,#4968,
#4969,#4970,#4971),.UNSPECIFIED.,.T.,.F.) B_SPLINE_CURVE_WITH_KNOTS((1,2
    ,2,2,2,1),(-2.094395102393,0.,2.094395102393,4.188790204786,
6.28318530718,8.377580409573),.UNSPECIFIED.) CURVE() 
GEOMETRIC_REPRESENTATION_ITEM() RATIONAL_B_SPLINE_CURVE((1.,0.5,1.,0.5,
1.,0.5,1.)) REPRESENTATION_ITEM('') );
#4965 = CARTESIAN_POINT('',(-34.54,-49.27000000049));
#4966 = CARTESIAN_POINT('',(-34.54,-58.1034591191));
#4967 = CARTESIAN_POINT('',(-42.19,-53.68672955979));
#4968 = CARTESIAN_POINT('',(-49.84,-49.27000000049));
#4969 = CARTESIAN_POINT('',(-42.19,-44.85327044119));
#4970 = CARTESIAN_POINT('',(-34.54,-40.43654088189));
#4971 = CARTESIAN_POINT('',(-34.54,-49.27000000049));
#4972 = ( GEOMETRIC_REPRESENTATION_CONTEXT(2) 
PARAMETRIC_REPRESENTATION_CONTEXT() REPRESENTATION_CONTEXT('2D SPACE',''
  ) );
#4973 = PCURVE('',#4384,#4974);
#4974 = DEFINITIONAL_REPRESENTATION('',(#4975),#4979);
#4975 = LINE('',#4976,#4977);
#4976 = CARTESIAN_POINT('',(6.283185307179,34.));
#4977 = VECTOR('',#4978,1.);
#4978 = DIRECTION('',(-1.,0.));
#4979 = ( GEOMETRIC_REPRESENTATION_CONTEXT(2) 
PARAMETRIC_REPRESENTATION_CONTEXT() REPRESENTATION_CONTEXT('2D SPACE',''
  ) );
#4980 = ORIENTED_EDGE('',*,*,#4981,.T.);
#4981 = EDGE_CURVE('',#4954,#4982,#4984,.T.);
#4982 = VERTEX_POINT('',#4983);
#4983 = CARTESIAN_POINT('',(-6.699999999996,-25.70000000025,-18.47));
#4984 = SURFACE_CURVE('',#4985,(#4989,#4996),.PCURVE_S1.);
#4985 = LINE('',#4986,#4987);
#4986 = CARTESIAN_POINT('',(-6.699999999996,-23.57000000025,-18.47));
#4987 = VECTOR('',#4988,1.);
#4988 = DIRECTION('',(-1.055180248732E-13,-1.,4.123090757701E-14));
#4989 = PCURVE('',#1515,#4990);
#4990 = DEFINITIONAL_REPRESENTATION('',(#4991),#4995);
#4991 = LINE('',#4992,#4993);
#4992 = CARTESIAN_POINT('',(-34.54,-49.27000000049));
#4993 = VECTOR('',#4994,1.);
#4994 = DIRECTION('',(-7.345872749418E-27,-1.));
#4995 = ( GEOMETRIC_REPRESENTATION_CONTEXT(2) 
PARAMETRIC_REPRESENTATION_CONTEXT() REPRESENTATION_CONTEXT('2D SPACE',''
  ) );
#4996 = PCURVE('',#4351,#4997);
#4997 = DEFINITIONAL_REPRESENTATION('',(#4998),#5002);
#4998 = LINE('',#4999,#5000);
#4999 = CARTESIAN_POINT('',(34.,-3.587612845689E-12));
#5000 = VECTOR('',#5001,1.);
#5001 = DIRECTION('',(-1.03795952867E-27,-1.));
#5002 = ( GEOMETRIC_REPRESENTATION_CONTEXT(2) 
PARAMETRIC_REPRESENTATION_CONTEXT() REPRESENTATION_CONTEXT('2D SPACE',''
  ) );
#5003 = ORIENTED_EDGE('',*,*,#5004,.T.);
#5004 = EDGE_CURVE('',#4982,#5005,#5007,.T.);
#5005 = VERTEX_POINT('',#5006);
#5006 = CARTESIAN_POINT('',(-6.699999999996,-28.10000000025,-16.07));
#5007 = SURFACE_CURVE('',#5008,(#5013,#5020),.PCURVE_S1.);
#5008 = CIRCLE('',#5009,2.4);
#5009 = AXIS2_PLACEMENT_3D('',#5010,#5011,#5012);
#5010 = CARTESIAN_POINT('',(-6.699999999996,-25.70000000025,-16.07));
#5011 = DIRECTION('',(-1.,1.055180248732E-13,-2.517430708338E-14));
#5012 = DIRECTION('',(-2.517430708338E-14,4.123090757702E-14,1.));
#5013 = PCURVE('',#1515,#5014);
#5014 = DEFINITIONAL_REPRESENTATION('',(#5015),#5019);
#5015 = CIRCLE('',#5016,2.4);
#5016 = AXIS2_PLACEMENT_2D('',#5017,#5018);
#5017 = CARTESIAN_POINT('',(-32.14,-51.40000000049));
#5018 = DIRECTION('',(1.,0.));
#5019 = ( GEOMETRIC_REPRESENTATION_CONTEXT(2) 
PARAMETRIC_REPRESENTATION_CONTEXT() REPRESENTATION_CONTEXT('2D SPACE',''
  ) );
#5020 = PCURVE('',#4323,#5021);
#5021 = DEFINITIONAL_REPRESENTATION('',(#5022),#5026);
#5022 = LINE('',#5023,#5024);
#5023 = CARTESIAN_POINT('',(1.468158927764E-12,34.));
#5024 = VECTOR('',#5025,1.);
#5025 = DIRECTION('',(1.,9.046911093947E-15));
#5026 = ( GEOMETRIC_REPRESENTATION_CONTEXT(2) 
PARAMETRIC_REPRESENTATION_CONTEXT() REPRESENTATION_CONTEXT('2D SPACE',''
  ) );
#5027 = ORIENTED_EDGE('',*,*,#5028,.T.);
#5028 = EDGE_CURVE('',#5005,#5029,#5031,.T.);
#5029 = VERTEX_POINT('',#5030);
#5030 = CARTESIAN_POINT('',(-6.700000000005,-28.10000000025,
    16.069999999996));
#5031 = SURFACE_CURVE('',#5032,(#5036,#5043),.PCURVE_S1.);
#5032 = LINE('',#5033,#5034);
#5033 = CARTESIAN_POINT('',(-6.699999999996,-28.10000000025,-16.07));
#5034 = VECTOR('',#5035,1.);
#5035 = DIRECTION('',(-2.517430708338E-14,4.047527196209E-14,1.));
#5036 = PCURVE('',#1515,#5037);
#5037 = DEFINITIONAL_REPRESENTATION('',(#5038),#5042);
#5038 = LINE('',#5039,#5040);
#5039 = CARTESIAN_POINT('',(-32.14,-53.80000000049));
#5040 = VECTOR('',#5041,1.);
#5041 = DIRECTION('',(1.,-7.5563561493E-16));
#5042 = ( GEOMETRIC_REPRESENTATION_CONTEXT(2) 
PARAMETRIC_REPRESENTATION_CONTEXT() REPRESENTATION_CONTEXT('2D SPACE',''
  ) );
#5043 = PCURVE('',#4294,#5044);
#5044 = DEFINITIONAL_REPRESENTATION('',(#5045),#5049);
#5045 = LINE('',#5046,#5047);
#5046 = CARTESIAN_POINT('',(8.559264408351E-13,34.));
#5047 = VECTOR('',#5048,1.);
#5048 = DIRECTION('',(1.,0.));
#5049 = ( GEOMETRIC_REPRESENTATION_CONTEXT(2) 
PARAMETRIC_REPRESENTATION_CONTEXT() REPRESENTATION_CONTEXT('2D SPACE',''
  ) );
#5050 = ORIENTED_EDGE('',*,*,#5051,.T.);
#5051 = EDGE_CURVE('',#5029,#5052,#5054,.T.);
#5052 = VERTEX_POINT('',#5053);
#5053 = CARTESIAN_POINT('',(-6.700000000005,-25.70000000025,
    18.469999999996));
#5054 = SURFACE_CURVE('',#5055,(#5060,#5067),.PCURVE_S1.);
#5055 = CIRCLE('',#5056,2.4);
#5056 = AXIS2_PLACEMENT_3D('',#5057,#5058,#5059);
#5057 = CARTESIAN_POINT('',(-6.700000000005,-25.70000000025,
    16.069999999996));
#5058 = DIRECTION('',(-1.,1.055180248732E-13,-2.517430708338E-14));
#5059 = DIRECTION('',(-2.517430708338E-14,4.123090757702E-14,1.));
#5060 = PCURVE('',#1515,#5061);
#5061 = DEFINITIONAL_REPRESENTATION('',(#5062),#5066);
#5062 = CIRCLE('',#5063,2.4);
#5063 = AXIS2_PLACEMENT_2D('',#5064,#5065);
#5064 = CARTESIAN_POINT('',(-2.119268649479E-12,-51.4000000005));
#5065 = DIRECTION('',(1.,0.));
#5066 = ( GEOMETRIC_REPRESENTATION_CONTEXT(2) 
PARAMETRIC_REPRESENTATION_CONTEXT() REPRESENTATION_CONTEXT('2D SPACE',''
  ) );
#5067 = PCURVE('',#4266,#5068);
#5068 = DEFINITIONAL_REPRESENTATION('',(#5069),#5073);
#5069 = LINE('',#5070,#5071);
#5070 = CARTESIAN_POINT('',(3.481659405224E-13,34.));
#5071 = VECTOR('',#5072,1.);
#5072 = DIRECTION('',(1.,-4.523455546971E-15));
#5073 = ( GEOMETRIC_REPRESENTATION_CONTEXT(2) 
PARAMETRIC_REPRESENTATION_CONTEXT() REPRESENTATION_CONTEXT('2D SPACE',''
  ) );
#5074 = ORIENTED_EDGE('',*,*,#5075,.T.);
#5075 = EDGE_CURVE('',#5052,#5076,#5078,.T.);
#5076 = VERTEX_POINT('',#5077);
#5077 = CARTESIAN_POINT('',(-6.700000000005,-23.57000000025,
    18.469999999996));
#5078 = SURFACE_CURVE('',#5079,(#5083,#5090),.PCURVE_S1.);
#5079 = LINE('',#5080,#5081);
#5080 = CARTESIAN_POINT('',(-6.700000000005,-25.70000000025,
    18.469999999996));
#5081 = VECTOR('',#5082,1.);
#5082 = DIRECTION('',(1.055180248732E-13,1.,-4.123090757701E-14));
#5083 = PCURVE('',#1515,#5084);
#5084 = DEFINITIONAL_REPRESENTATION('',(#5085),#5089);
#5085 = LINE('',#5086,#5087);
#5086 = CARTESIAN_POINT('',(2.399999999998,-51.4000000005));
#5087 = VECTOR('',#5088,1.);
#5088 = DIRECTION('',(7.345872749418E-27,1.));
#5089 = ( GEOMETRIC_REPRESENTATION_CONTEXT(2) 
PARAMETRIC_REPRESENTATION_CONTEXT() REPRESENTATION_CONTEXT('2D SPACE',''
  ) );
#5090 = PCURVE('',#4237,#5091);
#5091 = DEFINITIONAL_REPRESENTATION('',(#5092),#5096);
#5092 = LINE('',#5093,#5094);
#5093 = CARTESIAN_POINT('',(-34.,-3.587612845689E-12));
#5094 = VECTOR('',#5095,1.);
#5095 = DIRECTION('',(-1.03795952867E-27,1.));
#5096 = ( GEOMETRIC_REPRESENTATION_CONTEXT(2) 
PARAMETRIC_REPRESENTATION_CONTEXT() REPRESENTATION_CONTEXT('2D SPACE',''
  ) );
#5097 = ORIENTED_EDGE('',*,*,#5098,.T.);
#5098 = EDGE_CURVE('',#5076,#5099,#5101,.T.);
#5099 = VERTEX_POINT('',#5100);
#5100 = CARTESIAN_POINT('',(-6.700000000005,-18.47000000025,
    23.569999999996));
#5101 = SURFACE_CURVE('',#5102,(#5107,#5118),.PCURVE_S1.);
#5102 = CIRCLE('',#5103,5.1);
#5103 = AXIS2_PLACEMENT_3D('',#5104,#5105,#5106);
#5104 = CARTESIAN_POINT('',(-6.700000000005,-23.57000000025,
    23.569999999996));
#5105 = DIRECTION('',(1.,-1.055180248732E-13,2.517430708338E-14));
#5106 = DIRECTION('',(-2.517430708338E-14,4.123090757702E-14,1.));
#5107 = PCURVE('',#1515,#5108);
#5108 = DEFINITIONAL_REPRESENTATION('',(#5109),#5117);
#5109 = ( BOUNDED_CURVE() B_SPLINE_CURVE(2,(#5110,#5111,#5112,#5113,
#5114,#5115,#5116),.UNSPECIFIED.,.T.,.F.) B_SPLINE_CURVE_WITH_KNOTS((1,2
    ,2,2,2,1),(-2.094395102393,0.,2.094395102393,4.188790204786,
6.28318530718,8.377580409573),.UNSPECIFIED.) CURVE() 
GEOMETRIC_REPRESENTATION_ITEM() RATIONAL_B_SPLINE_CURVE((1.,0.5,1.,0.5,
1.,0.5,1.)) REPRESENTATION_ITEM('') );
#5110 = CARTESIAN_POINT('',(12.599999999998,-49.2700000005));
#5111 = CARTESIAN_POINT('',(12.599999999998,-58.1034591191));
#5112 = CARTESIAN_POINT('',(4.949999999998,-53.6867295598));
#5113 = CARTESIAN_POINT('',(-2.700000000002,-49.2700000005));
#5114 = CARTESIAN_POINT('',(4.949999999998,-44.8532704412));
#5115 = CARTESIAN_POINT('',(12.599999999998,-40.43654088189));
#5116 = CARTESIAN_POINT('',(12.599999999998,-49.2700000005));
#5117 = ( GEOMETRIC_REPRESENTATION_CONTEXT(2) 
PARAMETRIC_REPRESENTATION_CONTEXT() REPRESENTATION_CONTEXT('2D SPACE',''
  ) );
#5118 = PCURVE('',#4209,#5119);
#5119 = DEFINITIONAL_REPRESENTATION('',(#5120),#5124);
#5120 = LINE('',#5121,#5122);
#5121 = CARTESIAN_POINT('',(6.28318530718,34.));
#5122 = VECTOR('',#5123,1.);
#5123 = DIRECTION('',(-1.,0.));
#5124 = ( GEOMETRIC_REPRESENTATION_CONTEXT(2) 
PARAMETRIC_REPRESENTATION_CONTEXT() REPRESENTATION_CONTEXT('2D SPACE',''
  ) );
#5125 = ORIENTED_EDGE('',*,*,#5126,.T.);
#5126 = EDGE_CURVE('',#5099,#5127,#5129,.T.);
#5127 = VERTEX_POINT('',#5128);
#5128 = CARTESIAN_POINT('',(-6.700000000005,-18.47000000025,
    25.699999999996));
#5129 = SURFACE_CURVE('',#5130,(#5134,#5141),.PCURVE_S1.);
#5130 = LINE('',#5131,#5132);
#5131 = CARTESIAN_POINT('',(-6.700000000005,-18.47000000025,
    23.569999999996));
#5132 = VECTOR('',#5133,1.);
#5133 = DIRECTION('',(-2.517430708338E-14,4.123090757702E-14,1.));
#5134 = PCURVE('',#1515,#5135);
#5135 = DEFINITIONAL_REPRESENTATION('',(#5136),#5140);
#5136 = LINE('',#5137,#5138);
#5137 = CARTESIAN_POINT('',(7.499999999998,-44.1700000005));
#5138 = VECTOR('',#5139,1.);
#5139 = DIRECTION('',(1.,0.));
#5140 = ( GEOMETRIC_REPRESENTATION_CONTEXT(2) 
PARAMETRIC_REPRESENTATION_CONTEXT() REPRESENTATION_CONTEXT('2D SPACE',''
  ) );
#5141 = PCURVE('',#4176,#5142);
#5142 = DEFINITIONAL_REPRESENTATION('',(#5143),#5147);
#5143 = LINE('',#5144,#5145);
#5144 = CARTESIAN_POINT('',(-34.,8.559264408349E-13));
#5145 = VECTOR('',#5146,1.);
#5146 = DIRECTION('',(-4.351356753199E-27,1.));
#5147 = ( GEOMETRIC_REPRESENTATION_CONTEXT(2) 
PARAMETRIC_REPRESENTATION_CONTEXT() REPRESENTATION_CONTEXT('2D SPACE',''
  ) );
#5148 = ORIENTED_EDGE('',*,*,#5149,.T.);
#5149 = EDGE_CURVE('',#5127,#5150,#5152,.T.);
#5150 = VERTEX_POINT('',#5151);
#5151 = CARTESIAN_POINT('',(-6.700000000005,-16.07000000025,
    28.100000000006));
#5152 = SURFACE_CURVE('',#5153,(#5158,#5165),.PCURVE_S1.);
#5153 = CIRCLE('',#5154,2.4);
#5154 = AXIS2_PLACEMENT_3D('',#5155,#5156,#5157);
#5155 = CARTESIAN_POINT('',(-6.700000000005,-16.07000000025,
    25.699999999996));
#5156 = DIRECTION('',(-1.,1.055180248732E-13,-2.517430708338E-14));
#5157 = DIRECTION('',(-2.517430708338E-14,4.123090757702E-14,1.));
#5158 = PCURVE('',#1515,#5159);
#5159 = DEFINITIONAL_REPRESENTATION('',(#5160),#5164);
#5160 = CIRCLE('',#5161,2.4);
#5161 = AXIS2_PLACEMENT_2D('',#5162,#5163);
#5162 = CARTESIAN_POINT('',(9.629999999998,-41.7700000005));
#5163 = DIRECTION('',(1.,0.));
#5164 = ( GEOMETRIC_REPRESENTATION_CONTEXT(2) 
PARAMETRIC_REPRESENTATION_CONTEXT() REPRESENTATION_CONTEXT('2D SPACE',''
  ) );
#5165 = PCURVE('',#4148,#5166);
#5166 = DEFINITIONAL_REPRESENTATION('',(#5167),#5171);
#5167 = LINE('',#5168,#5169);
#5168 = CARTESIAN_POINT('',(3.481659405224E-13,34.));
#5169 = VECTOR('',#5170,1.);
#5170 = DIRECTION('',(1.,-4.523455546971E-15));
#5171 = ( GEOMETRIC_REPRESENTATION_CONTEXT(2) 
PARAMETRIC_REPRESENTATION_CONTEXT() REPRESENTATION_CONTEXT('2D SPACE',''
  ) );
#5172 = ORIENTED_EDGE('',*,*,#5173,.T.);
#5173 = EDGE_CURVE('',#5150,#5174,#5176,.T.);
#5174 = VERTEX_POINT('',#5175);
#5175 = CARTESIAN_POINT('',(-6.700000000005,16.069999999247,
    28.099999999996));
#5176 = SURFACE_CURVE('',#5177,(#5181,#5188),.PCURVE_S1.);
#5177 = LINE('',#5178,#5179);
#5178 = CARTESIAN_POINT('',(-6.700000000005,-16.07000000025,
    28.100000000006));
#5179 = VECTOR('',#5180,1.);
#5180 = DIRECTION('',(1.055180248732E-13,1.,-4.090706374205E-14));
#5181 = PCURVE('',#1515,#5182);
#5182 = DEFINITIONAL_REPRESENTATION('',(#5183),#5187);
#5183 = LINE('',#5184,#5185);
#5184 = CARTESIAN_POINT('',(12.030000000008,-41.7700000005));
#5185 = VECTOR('',#5186,1.);
#5186 = DIRECTION('',(3.238438349673E-16,1.));
#5187 = ( GEOMETRIC_REPRESENTATION_CONTEXT(2) 
PARAMETRIC_REPRESENTATION_CONTEXT() REPRESENTATION_CONTEXT('2D SPACE',''
  ) );
#5188 = PCURVE('',#4119,#5189);
#5189 = DEFINITIONAL_REPRESENTATION('',(#5190),#5194);
#5190 = LINE('',#5191,#5192);
#5191 = CARTESIAN_POINT('',(-3.587612845689E-12,34.));
#5192 = VECTOR('',#5193,1.);
#5193 = DIRECTION('',(1.,-5.178523128091E-30));
#5194 = ( GEOMETRIC_REPRESENTATION_CONTEXT(2) 
PARAMETRIC_REPRESENTATION_CONTEXT() REPRESENTATION_CONTEXT('2D SPACE',''
  ) );
#5195 = ORIENTED_EDGE('',*,*,#5196,.T.);
#5196 = EDGE_CURVE('',#5174,#5197,#5199,.T.);
#5197 = VERTEX_POINT('',#5198);
#5198 = CARTESIAN_POINT('',(-6.700000000005,18.470000000247,
    25.699999999996));
#5199 = SURFACE_CURVE('',#5200,(#5205,#5212),.PCURVE_S1.);
#5200 = CIRCLE('',#5201,2.4);
#5201 = AXIS2_PLACEMENT_3D('',#5202,#5203,#5204);
#5202 = CARTESIAN_POINT('',(-6.700000000005,16.069999999247,
    25.699999999996));
#5203 = DIRECTION('',(-1.,1.055180248732E-13,-2.517430708338E-14));
#5204 = DIRECTION('',(-2.517430708338E-14,4.123090757702E-14,1.));
#5205 = PCURVE('',#1515,#5206);
#5206 = DEFINITIONAL_REPRESENTATION('',(#5207),#5211);
#5207 = CIRCLE('',#5208,2.4);
#5208 = AXIS2_PLACEMENT_2D('',#5209,#5210);
#5209 = CARTESIAN_POINT('',(9.63,-9.630000001));
#5210 = DIRECTION('',(1.,0.));
#5211 = ( GEOMETRIC_REPRESENTATION_CONTEXT(2) 
PARAMETRIC_REPRESENTATION_CONTEXT() REPRESENTATION_CONTEXT('2D SPACE',''
  ) );
#5212 = PCURVE('',#4091,#5213);
#5213 = DEFINITIONAL_REPRESENTATION('',(#5214),#5218);
#5214 = LINE('',#5215,#5216);
#5215 = CARTESIAN_POINT('',(0.,34.));
#5216 = VECTOR('',#5217,1.);
#5217 = DIRECTION('',(1.,-4.523455546971E-15));
#5218 = ( GEOMETRIC_REPRESENTATION_CONTEXT(2) 
PARAMETRIC_REPRESENTATION_CONTEXT() REPRESENTATION_CONTEXT('2D SPACE',''
  ) );
#5219 = ORIENTED_EDGE('',*,*,#5220,.T.);
#5220 = EDGE_CURVE('',#5197,#5221,#5223,.T.);
#5221 = VERTEX_POINT('',#5222);
#5222 = CARTESIAN_POINT('',(-6.700000000005,18.470000000247,
    23.569999999996));
#5223 = SURFACE_CURVE('',#5224,(#5228,#5235),.PCURVE_S1.);
#5224 = LINE('',#5225,#5226);
#5225 = CARTESIAN_POINT('',(-6.700000000005,18.470000000247,
    25.699999999996));
#5226 = VECTOR('',#5227,1.);
#5227 = DIRECTION('',(2.517430708338E-14,-4.285975591127E-14,-1.));
#5228 = PCURVE('',#1515,#5229);
#5229 = DEFINITIONAL_REPRESENTATION('',(#5230),#5234);
#5230 = LINE('',#5231,#5232);
#5231 = CARTESIAN_POINT('',(9.63,-7.23));
#5232 = VECTOR('',#5233,1.);
#5233 = DIRECTION('',(-1.,-1.62884833425E-15));
#5234 = ( GEOMETRIC_REPRESENTATION_CONTEXT(2) 
PARAMETRIC_REPRESENTATION_CONTEXT() REPRESENTATION_CONTEXT('2D SPACE',''
  ) );
#5235 = PCURVE('',#4062,#5236);
#5236 = DEFINITIONAL_REPRESENTATION('',(#5237),#5241);
#5237 = LINE('',#5238,#5239);
#5238 = CARTESIAN_POINT('',(-8.559264408351E-13,34.));
#5239 = VECTOR('',#5240,1.);
#5240 = DIRECTION('',(1.,0.));
#5241 = ( GEOMETRIC_REPRESENTATION_CONTEXT(2) 
PARAMETRIC_REPRESENTATION_CONTEXT() REPRESENTATION_CONTEXT('2D SPACE',''
  ) );
#5242 = ORIENTED_EDGE('',*,*,#5243,.T.);
#5243 = EDGE_CURVE('',#5221,#5244,#5246,.T.);
#5244 = VERTEX_POINT('',#5245);
#5245 = CARTESIAN_POINT('',(-6.700000000005,23.569999999247,
    18.469999999996));
#5246 = SURFACE_CURVE('',#5247,(#5252,#5263),.PCURVE_S1.);
#5247 = CIRCLE('',#5248,5.1);
#5248 = AXIS2_PLACEMENT_3D('',#5249,#5250,#5251);
#5249 = CARTESIAN_POINT('',(-6.700000000005,23.569999999247,
    23.569999999996));
#5250 = DIRECTION('',(1.,-1.055180248732E-13,2.517430708338E-14));
#5251 = DIRECTION('',(-2.517430708338E-14,4.123090757702E-14,1.));
#5252 = PCURVE('',#1515,#5253);
#5253 = DEFINITIONAL_REPRESENTATION('',(#5254),#5262);
#5254 = ( BOUNDED_CURVE() B_SPLINE_CURVE(2,(#5255,#5256,#5257,#5258,
#5259,#5260,#5261),.UNSPECIFIED.,.T.,.F.) B_SPLINE_CURVE_WITH_KNOTS((1,2
    ,2,2,2,1),(-2.094395102393,0.,2.094395102393,4.188790204786,
6.28318530718,8.377580409573),.UNSPECIFIED.) CURVE() 
GEOMETRIC_REPRESENTATION_ITEM() RATIONAL_B_SPLINE_CURVE((1.,0.5,1.,0.5,
1.,0.5,1.)) REPRESENTATION_ITEM('') );
#5255 = CARTESIAN_POINT('',(12.6,-2.130000001));
#5256 = CARTESIAN_POINT('',(12.6,-10.9634591196));
#5257 = CARTESIAN_POINT('',(4.95,-6.546729560301));
#5258 = CARTESIAN_POINT('',(-2.7,-2.130000001));
#5259 = CARTESIAN_POINT('',(4.95,2.2867295583));
#5260 = CARTESIAN_POINT('',(12.6,6.703459117601));
#5261 = CARTESIAN_POINT('',(12.6,-2.130000001));
#5262 = ( GEOMETRIC_REPRESENTATION_CONTEXT(2) 
PARAMETRIC_REPRESENTATION_CONTEXT() REPRESENTATION_CONTEXT('2D SPACE',''
  ) );
#5263 = PCURVE('',#4034,#5264);
#5264 = DEFINITIONAL_REPRESENTATION('',(#5265),#5269);
#5265 = LINE('',#5266,#5267);
#5266 = CARTESIAN_POINT('',(6.28318530718,34.));
#5267 = VECTOR('',#5268,1.);
#5268 = DIRECTION('',(-1.,0.));
#5269 = ( GEOMETRIC_REPRESENTATION_CONTEXT(2) 
PARAMETRIC_REPRESENTATION_CONTEXT() REPRESENTATION_CONTEXT('2D SPACE',''
  ) );
#5270 = ORIENTED_EDGE('',*,*,#5271,.T.);
#5271 = EDGE_CURVE('',#5244,#4713,#5272,.T.);
#5272 = SURFACE_CURVE('',#5273,(#5277,#5284),.PCURVE_S1.);
#5273 = LINE('',#5274,#5275);
#5274 = CARTESIAN_POINT('',(-6.700000000005,23.569999999247,
    18.469999999996));
#5275 = VECTOR('',#5276,1.);
#5276 = DIRECTION('',(1.055180248732E-13,1.,-4.123090757701E-14));
#5277 = PCURVE('',#1515,#5278);
#5278 = DEFINITIONAL_REPRESENTATION('',(#5279),#5283);
#5279 = LINE('',#5280,#5281);
#5280 = CARTESIAN_POINT('',(2.4,-2.130000001));
#5281 = VECTOR('',#5282,1.);
#5282 = DIRECTION('',(7.345872749418E-27,1.));
#5283 = ( GEOMETRIC_REPRESENTATION_CONTEXT(2) 
PARAMETRIC_REPRESENTATION_CONTEXT() REPRESENTATION_CONTEXT('2D SPACE',''
  ) );
#5284 = PCURVE('',#4001,#5285);
#5285 = DEFINITIONAL_REPRESENTATION('',(#5286),#5290);
#5286 = LINE('',#5287,#5288);
#5287 = CARTESIAN_POINT('',(-34.,-3.587612845689E-12));
#5288 = VECTOR('',#5289,1.);
#5289 = DIRECTION('',(-1.03795952867E-27,1.));
#5290 = ( GEOMETRIC_REPRESENTATION_CONTEXT(2) 
PARAMETRIC_REPRESENTATION_CONTEXT() REPRESENTATION_CONTEXT('2D SPACE',''
  ) );
#5291 = ADVANCED_FACE('',(#5292),#4671,.T.);
#5292 = FACE_BOUND('',#5293,.T.);
#5293 = EDGE_LOOP('',(#5294,#5295,#5316,#5317));
#5294 = ORIENTED_EDGE('',*,*,#4712,.F.);
#5295 = ORIENTED_EDGE('',*,*,#5296,.F.);
#5296 = EDGE_CURVE('',#3986,#4713,#5297,.T.);
#5297 = SURFACE_CURVE('',#5298,(#5302,#5309),.PCURVE_S1.);
#5298 = LINE('',#5299,#5300);
#5299 = CARTESIAN_POINT('',(27.299999999995,25.700000000247,
    18.469999999996));
#5300 = VECTOR('',#5301,1.);
#5301 = DIRECTION('',(-1.,1.055180248732E-13,-2.517430708338E-14));
#5302 = PCURVE('',#4671,#5303);
#5303 = DEFINITIONAL_REPRESENTATION('',(#5304),#5308);
#5304 = LINE('',#5305,#5306);
#5305 = CARTESIAN_POINT('',(0.,-5.684341886081E-14));
#5306 = VECTOR('',#5307,1.);
#5307 = DIRECTION('',(0.,1.));
#5308 = ( GEOMETRIC_REPRESENTATION_CONTEXT(2) 
PARAMETRIC_REPRESENTATION_CONTEXT() REPRESENTATION_CONTEXT('2D SPACE',''
  ) );
#5309 = PCURVE('',#4001,#5310);
#5310 = DEFINITIONAL_REPRESENTATION('',(#5311),#5315);
#5311 = LINE('',#5312,#5313);
#5312 = CARTESIAN_POINT('',(-2.247533930854E-13,2.130000001));
#5313 = VECTOR('',#5314,1.);
#5314 = DIRECTION('',(-1.,2.974021020506E-30));
#5315 = ( GEOMETRIC_REPRESENTATION_CONTEXT(2) 
PARAMETRIC_REPRESENTATION_CONTEXT() REPRESENTATION_CONTEXT('2D SPACE',''
  ) );
#5316 = ORIENTED_EDGE('',*,*,#4656,.T.);
#5317 = ORIENTED_EDGE('',*,*,#5318,.T.);
#5318 = EDGE_CURVE('',#4629,#4715,#5319,.T.);
#5319 = SURFACE_CURVE('',#5320,(#5324,#5331),.PCURVE_S1.);
#5320 = LINE('',#5321,#5322);
#5321 = CARTESIAN_POINT('',(27.299999999995,28.099999999247,
    16.069999999996));
#5322 = VECTOR('',#5323,1.);
#5323 = DIRECTION('',(-1.,1.055180248732E-13,-2.517430708338E-14));
#5324 = PCURVE('',#4671,#5325);
#5325 = DEFINITIONAL_REPRESENTATION('',(#5326),#5330);
#5326 = LINE('',#5327,#5328);
#5327 = CARTESIAN_POINT('',(1.570796326795,2.557953848388E-13));
#5328 = VECTOR('',#5329,1.);
#5329 = DIRECTION('',(0.,1.));
#5330 = ( GEOMETRIC_REPRESENTATION_CONTEXT(2) 
PARAMETRIC_REPRESENTATION_CONTEXT() REPRESENTATION_CONTEXT('2D SPACE',''
  ) );
#5331 = PCURVE('',#4644,#5332);
#5332 = DEFINITIONAL_REPRESENTATION('',(#5333),#5337);
#5333 = LINE('',#5334,#5335);
#5334 = CARTESIAN_POINT('',(0.,0.));
#5335 = VECTOR('',#5336,1.);
#5336 = DIRECTION('',(-4.395532963891E-27,1.));
#5337 = ( GEOMETRIC_REPRESENTATION_CONTEXT(2) 
PARAMETRIC_REPRESENTATION_CONTEXT() REPRESENTATION_CONTEXT('2D SPACE',''
  ) );
#5338 = ADVANCED_FACE('',(#5339),#4001,.T.);
#5339 = FACE_BOUND('',#5340,.T.);
#5340 = EDGE_LOOP('',(#5341,#5342,#5363,#5364));
#5341 = ORIENTED_EDGE('',*,*,#5271,.F.);
#5342 = ORIENTED_EDGE('',*,*,#5343,.F.);
#5343 = EDGE_CURVE('',#3984,#5244,#5344,.T.);
#5344 = SURFACE_CURVE('',#5345,(#5349,#5356),.PCURVE_S1.);
#5345 = LINE('',#5346,#5347);
#5346 = CARTESIAN_POINT('',(27.299999999995,23.569999999247,
    18.469999999996));
#5347 = VECTOR('',#5348,1.);
#5348 = DIRECTION('',(-1.,1.055180248732E-13,-2.517430708338E-14));
#5349 = PCURVE('',#4001,#5350);
#5350 = DEFINITIONAL_REPRESENTATION('',(#5351),#5355);
#5351 = LINE('',#5352,#5353);
#5352 = CARTESIAN_POINT('',(0.,0.));
#5353 = VECTOR('',#5354,1.);
#5354 = DIRECTION('',(-1.,2.974021020506E-30));
#5355 = ( GEOMETRIC_REPRESENTATION_CONTEXT(2) 
PARAMETRIC_REPRESENTATION_CONTEXT() REPRESENTATION_CONTEXT('2D SPACE',''
  ) );
#5356 = PCURVE('',#4034,#5357);
#5357 = DEFINITIONAL_REPRESENTATION('',(#5358),#5362);
#5358 = LINE('',#5359,#5360);
#5359 = CARTESIAN_POINT('',(3.14159265359,1.278976924368E-13));
#5360 = VECTOR('',#5361,1.);
#5361 = DIRECTION('',(-6.530723674266E-16,1.));
#5362 = ( GEOMETRIC_REPRESENTATION_CONTEXT(2) 
PARAMETRIC_REPRESENTATION_CONTEXT() REPRESENTATION_CONTEXT('2D SPACE',''
  ) );
#5363 = ORIENTED_EDGE('',*,*,#3983,.T.);
#5364 = ORIENTED_EDGE('',*,*,#5296,.T.);
#5365 = ADVANCED_FACE('',(#5366),#4034,.F.);
#5366 = FACE_BOUND('',#5367,.F.);
#5367 = EDGE_LOOP('',(#5368,#5369,#5370,#5371));
#5368 = ORIENTED_EDGE('',*,*,#5243,.T.);
#5369 = ORIENTED_EDGE('',*,*,#5343,.F.);
#5370 = ORIENTED_EDGE('',*,*,#4013,.F.);
#5371 = ORIENTED_EDGE('',*,*,#5372,.T.);
#5372 = EDGE_CURVE('',#4014,#5221,#5373,.T.);
#5373 = SURFACE_CURVE('',#5374,(#5378,#5385),.PCURVE_S1.);
#5374 = LINE('',#5375,#5376);
#5375 = CARTESIAN_POINT('',(27.299999999995,18.470000000247,
    23.569999999996));
#5376 = VECTOR('',#5377,1.);
#5377 = DIRECTION('',(-1.,1.055180248732E-13,-2.517430708338E-14));
#5378 = PCURVE('',#4034,#5379);
#5379 = DEFINITIONAL_REPRESENTATION('',(#5380),#5384);
#5380 = LINE('',#5381,#5382);
#5381 = CARTESIAN_POINT('',(4.712388980385,-5.400124791429E-13));
#5382 = VECTOR('',#5383,1.);
#5383 = DIRECTION('',(0.,1.));
#5384 = ( GEOMETRIC_REPRESENTATION_CONTEXT(2) 
PARAMETRIC_REPRESENTATION_CONTEXT() REPRESENTATION_CONTEXT('2D SPACE',''
  ) );
#5385 = PCURVE('',#4062,#5386);
#5386 = DEFINITIONAL_REPRESENTATION('',(#5387),#5391);
#5387 = LINE('',#5388,#5389);
#5388 = CARTESIAN_POINT('',(2.13,5.36212740876E-14));
#5389 = VECTOR('',#5390,1.);
#5390 = DIRECTION('',(-4.521750708727E-27,1.));
#5391 = ( GEOMETRIC_REPRESENTATION_CONTEXT(2) 
PARAMETRIC_REPRESENTATION_CONTEXT() REPRESENTATION_CONTEXT('2D SPACE',''
  ) );
#5392 = ADVANCED_FACE('',(#5393),#4062,.T.);
#5393 = FACE_BOUND('',#5394,.T.);
#5394 = EDGE_LOOP('',(#5395,#5396,#5417,#5418));
#5395 = ORIENTED_EDGE('',*,*,#5220,.F.);
#5396 = ORIENTED_EDGE('',*,*,#5397,.F.);
#5397 = EDGE_CURVE('',#4047,#5197,#5398,.T.);
#5398 = SURFACE_CURVE('',#5399,(#5403,#5410),.PCURVE_S1.);
#5399 = LINE('',#5400,#5401);
#5400 = CARTESIAN_POINT('',(27.299999999995,18.470000000247,
    25.699999999996));
#5401 = VECTOR('',#5402,1.);
#5402 = DIRECTION('',(-1.,1.055180248732E-13,-2.517430708338E-14));
#5403 = PCURVE('',#4062,#5404);
#5404 = DEFINITIONAL_REPRESENTATION('',(#5405),#5409);
#5405 = LINE('',#5406,#5407);
#5406 = CARTESIAN_POINT('',(0.,0.));
#5407 = VECTOR('',#5408,1.);
#5408 = DIRECTION('',(-4.521750708727E-27,1.));
#5409 = ( GEOMETRIC_REPRESENTATION_CONTEXT(2) 
PARAMETRIC_REPRESENTATION_CONTEXT() REPRESENTATION_CONTEXT('2D SPACE',''
  ) );
#5410 = PCURVE('',#4091,#5411);
#5411 = DEFINITIONAL_REPRESENTATION('',(#5412),#5416);
#5412 = LINE('',#5413,#5414);
#5413 = CARTESIAN_POINT('',(1.570796326795,2.557953849084E-13));
#5414 = VECTOR('',#5415,1.);
#5415 = DIRECTION('',(0.,1.));
#5416 = ( GEOMETRIC_REPRESENTATION_CONTEXT(2) 
PARAMETRIC_REPRESENTATION_CONTEXT() REPRESENTATION_CONTEXT('2D SPACE',''
  ) );
#5417 = ORIENTED_EDGE('',*,*,#4046,.T.);
#5418 = ORIENTED_EDGE('',*,*,#5372,.T.);
#5419 = ADVANCED_FACE('',(#5420),#4091,.T.);
#5420 = FACE_BOUND('',#5421,.T.);
#5421 = EDGE_LOOP('',(#5422,#5423,#5444,#5445));
#5422 = ORIENTED_EDGE('',*,*,#5196,.F.);
#5423 = ORIENTED_EDGE('',*,*,#5424,.F.);
#5424 = EDGE_CURVE('',#4075,#5174,#5425,.T.);
#5425 = SURFACE_CURVE('',#5426,(#5430,#5437),.PCURVE_S1.);
#5426 = LINE('',#5427,#5428);
#5427 = CARTESIAN_POINT('',(27.299999999995,16.069999999247,
    28.099999999996));
#5428 = VECTOR('',#5429,1.);
#5429 = DIRECTION('',(-1.,1.055180248732E-13,-2.517430708338E-14));
#5430 = PCURVE('',#4091,#5431);
#5431 = DEFINITIONAL_REPRESENTATION('',(#5432),#5436);
#5432 = LINE('',#5433,#5434);
#5433 = CARTESIAN_POINT('',(0.,-5.684341886081E-14));
#5434 = VECTOR('',#5435,1.);
#5435 = DIRECTION('',(0.,1.));
#5436 = ( GEOMETRIC_REPRESENTATION_CONTEXT(2) 
PARAMETRIC_REPRESENTATION_CONTEXT() REPRESENTATION_CONTEXT('2D SPACE',''
  ) );
#5437 = PCURVE('',#4119,#5438);
#5438 = DEFINITIONAL_REPRESENTATION('',(#5439),#5443);
#5439 = LINE('',#5440,#5441);
#5440 = CARTESIAN_POINT('',(32.1399999995,3.391349319372E-12));
#5441 = VECTOR('',#5442,1.);
#5442 = DIRECTION('',(1.029806984522E-27,1.));
#5443 = ( GEOMETRIC_REPRESENTATION_CONTEXT(2) 
PARAMETRIC_REPRESENTATION_CONTEXT() REPRESENTATION_CONTEXT('2D SPACE',''
  ) );
#5444 = ORIENTED_EDGE('',*,*,#4074,.T.);
#5445 = ORIENTED_EDGE('',*,*,#5397,.T.);
#5446 = ADVANCED_FACE('',(#5447),#4119,.T.);
#5447 = FACE_BOUND('',#5448,.T.);
#5448 = EDGE_LOOP('',(#5449,#5450,#5471,#5472));
#5449 = ORIENTED_EDGE('',*,*,#5173,.F.);
#5450 = ORIENTED_EDGE('',*,*,#5451,.F.);
#5451 = EDGE_CURVE('',#4104,#5150,#5452,.T.);
#5452 = SURFACE_CURVE('',#5453,(#5457,#5464),.PCURVE_S1.);
#5453 = LINE('',#5454,#5455);
#5454 = CARTESIAN_POINT('',(27.299999999995,-16.07000000025,
    28.100000000006));
#5455 = VECTOR('',#5456,1.);
#5456 = DIRECTION('',(-1.,1.055180248732E-13,-2.517430708338E-14));
#5457 = PCURVE('',#4119,#5458);
#5458 = DEFINITIONAL_REPRESENTATION('',(#5459),#5463);
#5459 = LINE('',#5460,#5461);
#5460 = CARTESIAN_POINT('',(0.,0.));
#5461 = VECTOR('',#5462,1.);
#5462 = DIRECTION('',(1.029806984522E-27,1.));
#5463 = ( GEOMETRIC_REPRESENTATION_CONTEXT(2) 
PARAMETRIC_REPRESENTATION_CONTEXT() REPRESENTATION_CONTEXT('2D SPACE',''
  ) );
#5464 = PCURVE('',#4148,#5465);
#5465 = DEFINITIONAL_REPRESENTATION('',(#5466),#5470);
#5466 = LINE('',#5467,#5468);
#5467 = CARTESIAN_POINT('',(6.28318530718,-5.684341886081E-14));
#5468 = VECTOR('',#5469,1.);
#5469 = DIRECTION('',(0.,1.));
#5470 = ( GEOMETRIC_REPRESENTATION_CONTEXT(2) 
PARAMETRIC_REPRESENTATION_CONTEXT() REPRESENTATION_CONTEXT('2D SPACE',''
  ) );
#5471 = ORIENTED_EDGE('',*,*,#4103,.T.);
#5472 = ORIENTED_EDGE('',*,*,#5424,.T.);
#5473 = ADVANCED_FACE('',(#5474),#4148,.T.);
#5474 = FACE_BOUND('',#5475,.T.);
#5475 = EDGE_LOOP('',(#5476,#5477,#5498,#5499));
#5476 = ORIENTED_EDGE('',*,*,#5149,.F.);
#5477 = ORIENTED_EDGE('',*,*,#5478,.F.);
#5478 = EDGE_CURVE('',#4132,#5127,#5479,.T.);
#5479 = SURFACE_CURVE('',#5480,(#5484,#5491),.PCURVE_S1.);
#5480 = LINE('',#5481,#5482);
#5481 = CARTESIAN_POINT('',(27.299999999995,-18.47000000025,
    25.699999999996));
#5482 = VECTOR('',#5483,1.);
#5483 = DIRECTION('',(-1.,1.055180248732E-13,-2.517430708338E-14));
#5484 = PCURVE('',#4148,#5485);
#5485 = DEFINITIONAL_REPRESENTATION('',(#5486),#5490);
#5486 = LINE('',#5487,#5488);
#5487 = CARTESIAN_POINT('',(4.712388980385,-2.557953848736E-13));
#5488 = VECTOR('',#5489,1.);
#5489 = DIRECTION('',(0.,1.));
#5490 = ( GEOMETRIC_REPRESENTATION_CONTEXT(2) 
PARAMETRIC_REPRESENTATION_CONTEXT() REPRESENTATION_CONTEXT('2D SPACE',''
  ) );
#5491 = PCURVE('',#4176,#5492);
#5492 = DEFINITIONAL_REPRESENTATION('',(#5493),#5497);
#5493 = LINE('',#5494,#5495);
#5494 = CARTESIAN_POINT('',(5.362127408759E-14,2.13));
#5495 = VECTOR('',#5496,1.);
#5496 = DIRECTION('',(-1.,0.));
#5497 = ( GEOMETRIC_REPRESENTATION_CONTEXT(2) 
PARAMETRIC_REPRESENTATION_CONTEXT() REPRESENTATION_CONTEXT('2D SPACE',''
  ) );
#5498 = ORIENTED_EDGE('',*,*,#4131,.T.);
#5499 = ORIENTED_EDGE('',*,*,#5451,.T.);
#5500 = ADVANCED_FACE('',(#5501),#4176,.T.);
#5501 = FACE_BOUND('',#5502,.T.);
#5502 = EDGE_LOOP('',(#5503,#5504,#5525,#5526));
#5503 = ORIENTED_EDGE('',*,*,#5126,.F.);
#5504 = ORIENTED_EDGE('',*,*,#5505,.F.);
#5505 = EDGE_CURVE('',#4161,#5099,#5506,.T.);
#5506 = SURFACE_CURVE('',#5507,(#5511,#5518),.PCURVE_S1.);
#5507 = LINE('',#5508,#5509);
#5508 = CARTESIAN_POINT('',(27.299999999995,-18.47000000025,
    23.569999999996));
#5509 = VECTOR('',#5510,1.);
#5510 = DIRECTION('',(-1.,1.055180248732E-13,-2.517430708338E-14));
#5511 = PCURVE('',#4176,#5512);
#5512 = DEFINITIONAL_REPRESENTATION('',(#5513),#5517);
#5513 = LINE('',#5514,#5515);
#5514 = CARTESIAN_POINT('',(0.,0.));
#5515 = VECTOR('',#5516,1.);
#5516 = DIRECTION('',(-1.,0.));
#5517 = ( GEOMETRIC_REPRESENTATION_CONTEXT(2) 
PARAMETRIC_REPRESENTATION_CONTEXT() REPRESENTATION_CONTEXT('2D SPACE',''
  ) );
#5518 = PCURVE('',#4209,#5519);
#5519 = DEFINITIONAL_REPRESENTATION('',(#5520),#5524);
#5520 = LINE('',#5521,#5522);
#5521 = CARTESIAN_POINT('',(1.570796326795,5.400124791777E-13));
#5522 = VECTOR('',#5523,1.);
#5523 = DIRECTION('',(0.,1.));
#5524 = ( GEOMETRIC_REPRESENTATION_CONTEXT(2) 
PARAMETRIC_REPRESENTATION_CONTEXT() REPRESENTATION_CONTEXT('2D SPACE',''
  ) );
#5525 = ORIENTED_EDGE('',*,*,#4160,.T.);
#5526 = ORIENTED_EDGE('',*,*,#5478,.T.);
#5527 = ADVANCED_FACE('',(#5528),#4209,.F.);
#5528 = FACE_BOUND('',#5529,.F.);
#5529 = EDGE_LOOP('',(#5530,#5531,#5532,#5533));
#5530 = ORIENTED_EDGE('',*,*,#5098,.T.);
#5531 = ORIENTED_EDGE('',*,*,#5505,.F.);
#5532 = ORIENTED_EDGE('',*,*,#4188,.F.);
#5533 = ORIENTED_EDGE('',*,*,#5534,.T.);
#5534 = EDGE_CURVE('',#4189,#5076,#5535,.T.);
#5535 = SURFACE_CURVE('',#5536,(#5540,#5547),.PCURVE_S1.);
#5536 = LINE('',#5537,#5538);
#5537 = CARTESIAN_POINT('',(27.299999999995,-23.57000000025,
    18.469999999996));
#5538 = VECTOR('',#5539,1.);
#5539 = DIRECTION('',(-1.,1.055180248732E-13,-2.517430708338E-14));
#5540 = PCURVE('',#4209,#5541);
#5541 = DEFINITIONAL_REPRESENTATION('',(#5542),#5546);
#5542 = LINE('',#5543,#5544);
#5543 = CARTESIAN_POINT('',(3.14159265359,1.278976924368E-13));
#5544 = VECTOR('',#5545,1.);
#5545 = DIRECTION('',(-6.530723674266E-16,1.));
#5546 = ( GEOMETRIC_REPRESENTATION_CONTEXT(2) 
PARAMETRIC_REPRESENTATION_CONTEXT() REPRESENTATION_CONTEXT('2D SPACE',''
  ) );
#5547 = PCURVE('',#4237,#5548);
#5548 = DEFINITIONAL_REPRESENTATION('',(#5549),#5553);
#5549 = LINE('',#5550,#5551);
#5550 = CARTESIAN_POINT('',(-2.247533929799E-13,2.13));
#5551 = VECTOR('',#5552,1.);
#5552 = DIRECTION('',(-1.,2.974021020506E-30));
#5553 = ( GEOMETRIC_REPRESENTATION_CONTEXT(2) 
PARAMETRIC_REPRESENTATION_CONTEXT() REPRESENTATION_CONTEXT('2D SPACE',''
  ) );
#5554 = ADVANCED_FACE('',(#5555),#4237,.T.);
#5555 = FACE_BOUND('',#5556,.T.);
#5556 = EDGE_LOOP('',(#5557,#5558,#5579,#5580));
#5557 = ORIENTED_EDGE('',*,*,#5075,.F.);
#5558 = ORIENTED_EDGE('',*,*,#5559,.F.);
#5559 = EDGE_CURVE('',#4222,#5052,#5560,.T.);
#5560 = SURFACE_CURVE('',#5561,(#5565,#5572),.PCURVE_S1.);
#5561 = LINE('',#5562,#5563);
#5562 = CARTESIAN_POINT('',(27.299999999995,-25.70000000025,
    18.469999999996));
#5563 = VECTOR('',#5564,1.);
#5564 = DIRECTION('',(-1.,1.055180248732E-13,-2.517430708338E-14));
#5565 = PCURVE('',#4237,#5566);
#5566 = DEFINITIONAL_REPRESENTATION('',(#5567),#5571);
#5567 = LINE('',#5568,#5569);
#5568 = CARTESIAN_POINT('',(0.,0.));
#5569 = VECTOR('',#5570,1.);
#5570 = DIRECTION('',(-1.,2.974021020506E-30));
#5571 = ( GEOMETRIC_REPRESENTATION_CONTEXT(2) 
PARAMETRIC_REPRESENTATION_CONTEXT() REPRESENTATION_CONTEXT('2D SPACE',''
  ) );
#5572 = PCURVE('',#4266,#5573);
#5573 = DEFINITIONAL_REPRESENTATION('',(#5574),#5578);
#5574 = LINE('',#5575,#5576);
#5575 = CARTESIAN_POINT('',(6.28318530718,-5.684341886081E-14));
#5576 = VECTOR('',#5577,1.);
#5577 = DIRECTION('',(0.,1.));
#5578 = ( GEOMETRIC_REPRESENTATION_CONTEXT(2) 
PARAMETRIC_REPRESENTATION_CONTEXT() REPRESENTATION_CONTEXT('2D SPACE',''
  ) );
#5579 = ORIENTED_EDGE('',*,*,#4221,.T.);
#5580 = ORIENTED_EDGE('',*,*,#5534,.T.);
#5581 = ADVANCED_FACE('',(#5582),#4266,.T.);
#5582 = FACE_BOUND('',#5583,.T.);
#5583 = EDGE_LOOP('',(#5584,#5585,#5606,#5607));
#5584 = ORIENTED_EDGE('',*,*,#5051,.F.);
#5585 = ORIENTED_EDGE('',*,*,#5586,.F.);
#5586 = EDGE_CURVE('',#4250,#5029,#5587,.T.);
#5587 = SURFACE_CURVE('',#5588,(#5592,#5599),.PCURVE_S1.);
#5588 = LINE('',#5589,#5590);
#5589 = CARTESIAN_POINT('',(27.299999999995,-28.10000000025,
    16.069999999996));
#5590 = VECTOR('',#5591,1.);
#5591 = DIRECTION('',(-1.,1.055180248732E-13,-2.517430708338E-14));
#5592 = PCURVE('',#4266,#5593);
#5593 = DEFINITIONAL_REPRESENTATION('',(#5594),#5598);
#5594 = LINE('',#5595,#5596);
#5595 = CARTESIAN_POINT('',(4.712388980385,-2.557953848736E-13));
#5596 = VECTOR('',#5597,1.);
#5597 = DIRECTION('',(0.,1.));
#5598 = ( GEOMETRIC_REPRESENTATION_CONTEXT(2) 
PARAMETRIC_REPRESENTATION_CONTEXT() REPRESENTATION_CONTEXT('2D SPACE',''
  ) );
#5599 = PCURVE('',#4294,#5600);
#5600 = DEFINITIONAL_REPRESENTATION('',(#5601),#5605);
#5601 = LINE('',#5602,#5603);
#5602 = CARTESIAN_POINT('',(32.14,8.200579659778E-12));
#5603 = VECTOR('',#5604,1.);
#5604 = DIRECTION('',(4.269315219056E-27,1.));
#5605 = ( GEOMETRIC_REPRESENTATION_CONTEXT(2) 
PARAMETRIC_REPRESENTATION_CONTEXT() REPRESENTATION_CONTEXT('2D SPACE',''
  ) );
#5606 = ORIENTED_EDGE('',*,*,#4249,.T.);
#5607 = ORIENTED_EDGE('',*,*,#5559,.T.);
#5608 = ADVANCED_FACE('',(#5609),#4294,.T.);
#5609 = FACE_BOUND('',#5610,.T.);
#5610 = EDGE_LOOP('',(#5611,#5612,#5633,#5634));
#5611 = ORIENTED_EDGE('',*,*,#5028,.F.);
#5612 = ORIENTED_EDGE('',*,*,#5613,.F.);
#5613 = EDGE_CURVE('',#4279,#5005,#5614,.T.);
#5614 = SURFACE_CURVE('',#5615,(#5619,#5626),.PCURVE_S1.);
#5615 = LINE('',#5616,#5617);
#5616 = CARTESIAN_POINT('',(27.300000000004,-28.10000000025,-16.07));
#5617 = VECTOR('',#5618,1.);
#5618 = DIRECTION('',(-1.,1.055180248732E-13,-2.517430708338E-14));
#5619 = PCURVE('',#4294,#5620);
#5620 = DEFINITIONAL_REPRESENTATION('',(#5621),#5625);
#5621 = LINE('',#5622,#5623);
#5622 = CARTESIAN_POINT('',(0.,0.));
#5623 = VECTOR('',#5624,1.);
#5624 = DIRECTION('',(4.269315219056E-27,1.));
#5625 = ( GEOMETRIC_REPRESENTATION_CONTEXT(2) 
PARAMETRIC_REPRESENTATION_CONTEXT() REPRESENTATION_CONTEXT('2D SPACE',''
  ) );
#5626 = PCURVE('',#4323,#5627);
#5627 = DEFINITIONAL_REPRESENTATION('',(#5628),#5632);
#5628 = LINE('',#5629,#5630);
#5629 = CARTESIAN_POINT('',(4.712388980385,-2.557953848736E-13));
#5630 = VECTOR('',#5631,1.);
#5631 = DIRECTION('',(0.,1.));
#5632 = ( GEOMETRIC_REPRESENTATION_CONTEXT(2) 
PARAMETRIC_REPRESENTATION_CONTEXT() REPRESENTATION_CONTEXT('2D SPACE',''
  ) );
#5633 = ORIENTED_EDGE('',*,*,#4278,.T.);
#5634 = ORIENTED_EDGE('',*,*,#5586,.T.);
#5635 = ADVANCED_FACE('',(#5636),#4323,.T.);
#5636 = FACE_BOUND('',#5637,.T.);
#5637 = EDGE_LOOP('',(#5638,#5639,#5660,#5661));
#5638 = ORIENTED_EDGE('',*,*,#5004,.F.);
#5639 = ORIENTED_EDGE('',*,*,#5640,.F.);
#5640 = EDGE_CURVE('',#4307,#4982,#5641,.T.);
#5641 = SURFACE_CURVE('',#5642,(#5646,#5653),.PCURVE_S1.);
#5642 = LINE('',#5643,#5644);
#5643 = CARTESIAN_POINT('',(27.300000000004,-25.70000000025,-18.47));
#5644 = VECTOR('',#5645,1.);
#5645 = DIRECTION('',(-1.,1.055180248732E-13,-2.517430708338E-14));
#5646 = PCURVE('',#4323,#5647);
#5647 = DEFINITIONAL_REPRESENTATION('',(#5648),#5652);
#5648 = LINE('',#5649,#5650);
#5649 = CARTESIAN_POINT('',(3.14159265359,7.105427357601E-14));
#5650 = VECTOR('',#5651,1.);
#5651 = DIRECTION('',(-1.397574866293E-15,1.));
#5652 = ( GEOMETRIC_REPRESENTATION_CONTEXT(2) 
PARAMETRIC_REPRESENTATION_CONTEXT() REPRESENTATION_CONTEXT('2D SPACE',''
  ) );
#5653 = PCURVE('',#4351,#5654);
#5654 = DEFINITIONAL_REPRESENTATION('',(#5655),#5659);
#5655 = LINE('',#5656,#5657);
#5656 = CARTESIAN_POINT('',(-2.247533929799E-13,-2.13));
#5657 = VECTOR('',#5658,1.);
#5658 = DIRECTION('',(1.,2.974021020506E-30));
#5659 = ( GEOMETRIC_REPRESENTATION_CONTEXT(2) 
PARAMETRIC_REPRESENTATION_CONTEXT() REPRESENTATION_CONTEXT('2D SPACE',''
  ) );
#5660 = ORIENTED_EDGE('',*,*,#4306,.T.);
#5661 = ORIENTED_EDGE('',*,*,#5613,.T.);
#5662 = ADVANCED_FACE('',(#5663),#4351,.T.);
#5663 = FACE_BOUND('',#5664,.T.);
#5664 = EDGE_LOOP('',(#5665,#5666,#5687,#5688));
#5665 = ORIENTED_EDGE('',*,*,#4981,.F.);
#5666 = ORIENTED_EDGE('',*,*,#5667,.F.);
#5667 = EDGE_CURVE('',#4336,#4954,#5668,.T.);
#5668 = SURFACE_CURVE('',#5669,(#5673,#5680),.PCURVE_S1.);
#5669 = LINE('',#5670,#5671);
#5670 = CARTESIAN_POINT('',(27.300000000004,-23.57000000025,-18.47));
#5671 = VECTOR('',#5672,1.);
#5672 = DIRECTION('',(-1.,1.055180248732E-13,-2.517430708338E-14));
#5673 = PCURVE('',#4351,#5674);
#5674 = DEFINITIONAL_REPRESENTATION('',(#5675),#5679);
#5675 = LINE('',#5676,#5677);
#5676 = CARTESIAN_POINT('',(0.,0.));
#5677 = VECTOR('',#5678,1.);
#5678 = DIRECTION('',(1.,2.974021020506E-30));
#5679 = ( GEOMETRIC_REPRESENTATION_CONTEXT(2) 
PARAMETRIC_REPRESENTATION_CONTEXT() REPRESENTATION_CONTEXT('2D SPACE',''
  ) );
#5680 = PCURVE('',#4384,#5681);
#5681 = DEFINITIONAL_REPRESENTATION('',(#5682),#5686);
#5682 = LINE('',#5683,#5684);
#5683 = CARTESIAN_POINT('',(0.,-1.278976924368E-13));
#5684 = VECTOR('',#5685,1.);
#5685 = DIRECTION('',(0.,1.));
#5686 = ( GEOMETRIC_REPRESENTATION_CONTEXT(2) 
PARAMETRIC_REPRESENTATION_CONTEXT() REPRESENTATION_CONTEXT('2D SPACE',''
  ) );
#5687 = ORIENTED_EDGE('',*,*,#4335,.T.);
#5688 = ORIENTED_EDGE('',*,*,#5640,.T.);
#5689 = ADVANCED_FACE('',(#5690),#4384,.F.);
#5690 = FACE_BOUND('',#5691,.F.);
#5691 = EDGE_LOOP('',(#5692,#5693,#5694,#5695));
#5692 = ORIENTED_EDGE('',*,*,#4953,.T.);
#5693 = ORIENTED_EDGE('',*,*,#5667,.F.);
#5694 = ORIENTED_EDGE('',*,*,#4363,.F.);
#5695 = ORIENTED_EDGE('',*,*,#5696,.T.);
#5696 = EDGE_CURVE('',#4364,#4931,#5697,.T.);
#5697 = SURFACE_CURVE('',#5698,(#5702,#5709),.PCURVE_S1.);
#5698 = LINE('',#5699,#5700);
#5699 = CARTESIAN_POINT('',(27.300000000004,-18.47000000025,-23.57));
#5700 = VECTOR('',#5701,1.);
#5701 = DIRECTION('',(-1.,1.055180248732E-13,-2.517430708338E-14));
#5702 = PCURVE('',#4384,#5703);
#5703 = DEFINITIONAL_REPRESENTATION('',(#5704),#5708);
#5704 = LINE('',#5705,#5706);
#5705 = CARTESIAN_POINT('',(1.570796326795,5.400124791777E-13));
#5706 = VECTOR('',#5707,1.);
#5707 = DIRECTION('',(0.,1.));
#5708 = ( GEOMETRIC_REPRESENTATION_CONTEXT(2) 
PARAMETRIC_REPRESENTATION_CONTEXT() REPRESENTATION_CONTEXT('2D SPACE',''
  ) );
#5709 = PCURVE('',#4412,#5710);
#5710 = DEFINITIONAL_REPRESENTATION('',(#5711),#5715);
#5711 = LINE('',#5712,#5713);
#5712 = CARTESIAN_POINT('',(2.12999999999,-5.362127408735E-14));
#5713 = VECTOR('',#5714,1.);
#5714 = DIRECTION('',(4.521750708727E-27,1.));
#5715 = ( GEOMETRIC_REPRESENTATION_CONTEXT(2) 
PARAMETRIC_REPRESENTATION_CONTEXT() REPRESENTATION_CONTEXT('2D SPACE',''
  ) );
#5716 = ADVANCED_FACE('',(#5717),#4412,.T.);
#5717 = FACE_BOUND('',#5718,.T.);
#5718 = EDGE_LOOP('',(#5719,#5720,#5741,#5742));
#5719 = ORIENTED_EDGE('',*,*,#4930,.F.);
#5720 = ORIENTED_EDGE('',*,*,#5721,.F.);
#5721 = EDGE_CURVE('',#4397,#4907,#5722,.T.);
#5722 = SURFACE_CURVE('',#5723,(#5727,#5734),.PCURVE_S1.);
#5723 = LINE('',#5724,#5725);
#5724 = CARTESIAN_POINT('',(27.300000000004,-18.47000000025,
    -25.69999999999));
#5725 = VECTOR('',#5726,1.);
#5726 = DIRECTION('',(-1.,1.055180248732E-13,-2.517430708338E-14));
#5727 = PCURVE('',#4412,#5728);
#5728 = DEFINITIONAL_REPRESENTATION('',(#5729),#5733);
#5729 = LINE('',#5730,#5731);
#5730 = CARTESIAN_POINT('',(0.,0.));
#5731 = VECTOR('',#5732,1.);
#5732 = DIRECTION('',(4.521750708727E-27,1.));
#5733 = ( GEOMETRIC_REPRESENTATION_CONTEXT(2) 
PARAMETRIC_REPRESENTATION_CONTEXT() REPRESENTATION_CONTEXT('2D SPACE',''
  ) );
#5734 = PCURVE('',#4441,#5735);
#5735 = DEFINITIONAL_REPRESENTATION('',(#5736),#5740);
#5736 = LINE('',#5737,#5738);
#5737 = CARTESIAN_POINT('',(4.712388980385,-2.557953848736E-13));
#5738 = VECTOR('',#5739,1.);
#5739 = DIRECTION('',(0.,1.));
#5740 = ( GEOMETRIC_REPRESENTATION_CONTEXT(2) 
PARAMETRIC_REPRESENTATION_CONTEXT() REPRESENTATION_CONTEXT('2D SPACE',''
  ) );
#5741 = ORIENTED_EDGE('',*,*,#4396,.T.);
#5742 = ORIENTED_EDGE('',*,*,#5696,.T.);
#5743 = ADVANCED_FACE('',(#5744),#4441,.T.);
#5744 = FACE_BOUND('',#5745,.T.);
#5745 = EDGE_LOOP('',(#5746,#5747,#5768,#5769));
#5746 = ORIENTED_EDGE('',*,*,#4906,.F.);
#5747 = ORIENTED_EDGE('',*,*,#5748,.F.);
#5748 = EDGE_CURVE('',#4425,#4884,#5749,.T.);
#5749 = SURFACE_CURVE('',#5750,(#5754,#5761),.PCURVE_S1.);
#5750 = LINE('',#5751,#5752);
#5751 = CARTESIAN_POINT('',(27.300000000004,-16.07000000025,-28.1));
#5752 = VECTOR('',#5753,1.);
#5753 = DIRECTION('',(-1.,1.055180248732E-13,-2.517430708338E-14));
#5754 = PCURVE('',#4441,#5755);
#5755 = DEFINITIONAL_REPRESENTATION('',(#5756),#5760);
#5756 = LINE('',#5757,#5758);
#5757 = CARTESIAN_POINT('',(3.14159265359,7.105427357601E-14));
#5758 = VECTOR('',#5759,1.);
#5759 = DIRECTION('',(-1.397574866293E-15,1.));
#5760 = ( GEOMETRIC_REPRESENTATION_CONTEXT(2) 
PARAMETRIC_REPRESENTATION_CONTEXT() REPRESENTATION_CONTEXT('2D SPACE',''
  ) );
#5761 = PCURVE('',#4469,#5762);
#5762 = DEFINITIONAL_REPRESENTATION('',(#5763),#5767);
#5763 = LINE('',#5764,#5765);
#5764 = CARTESIAN_POINT('',(32.1399999995,-3.391349319372E-12));
#5765 = VECTOR('',#5766,1.);
#5766 = DIRECTION('',(-1.056982131684E-27,1.));
#5767 = ( GEOMETRIC_REPRESENTATION_CONTEXT(2) 
PARAMETRIC_REPRESENTATION_CONTEXT() REPRESENTATION_CONTEXT('2D SPACE',''
  ) );
#5768 = ORIENTED_EDGE('',*,*,#4424,.T.);
#5769 = ORIENTED_EDGE('',*,*,#5721,.T.);
#5770 = ADVANCED_FACE('',(#5771),#4469,.T.);
#5771 = FACE_BOUND('',#5772,.T.);
#5772 = EDGE_LOOP('',(#5773,#5774,#5795,#5796));
#5773 = ORIENTED_EDGE('',*,*,#4883,.F.);
#5774 = ORIENTED_EDGE('',*,*,#5775,.F.);
#5775 = EDGE_CURVE('',#4454,#4860,#5776,.T.);
#5776 = SURFACE_CURVE('',#5777,(#5781,#5788),.PCURVE_S1.);
#5777 = LINE('',#5778,#5779);
#5778 = CARTESIAN_POINT('',(27.300000000004,16.069999999247,-28.1));
#5779 = VECTOR('',#5780,1.);
#5780 = DIRECTION('',(-1.,1.055180248732E-13,-2.517430708338E-14));
#5781 = PCURVE('',#4469,#5782);
#5782 = DEFINITIONAL_REPRESENTATION('',(#5783),#5787);
#5783 = LINE('',#5784,#5785);
#5784 = CARTESIAN_POINT('',(0.,0.));
#5785 = VECTOR('',#5786,1.);
#5786 = DIRECTION('',(-1.056982131684E-27,1.));
#5787 = ( GEOMETRIC_REPRESENTATION_CONTEXT(2) 
PARAMETRIC_REPRESENTATION_CONTEXT() REPRESENTATION_CONTEXT('2D SPACE',''
  ) );
#5788 = PCURVE('',#4498,#5789);
#5789 = DEFINITIONAL_REPRESENTATION('',(#5790),#5794);
#5790 = LINE('',#5791,#5792);
#5791 = CARTESIAN_POINT('',(3.14159265359,7.105427357601E-14));
#5792 = VECTOR('',#5793,1.);
#5793 = DIRECTION('',(-1.397574866293E-15,1.));
#5794 = ( GEOMETRIC_REPRESENTATION_CONTEXT(2) 
PARAMETRIC_REPRESENTATION_CONTEXT() REPRESENTATION_CONTEXT('2D SPACE',''
  ) );
#5795 = ORIENTED_EDGE('',*,*,#4453,.T.);
#5796 = ORIENTED_EDGE('',*,*,#5748,.T.);
#5797 = ADVANCED_FACE('',(#5798),#4498,.T.);
#5798 = FACE_BOUND('',#5799,.T.);
#5799 = EDGE_LOOP('',(#5800,#5801,#5822,#5823));
#5800 = ORIENTED_EDGE('',*,*,#4859,.F.);
#5801 = ORIENTED_EDGE('',*,*,#5802,.F.);
#5802 = EDGE_CURVE('',#4482,#4837,#5803,.T.);
#5803 = SURFACE_CURVE('',#5804,(#5808,#5815),.PCURVE_S1.);
#5804 = LINE('',#5805,#5806);
#5805 = CARTESIAN_POINT('',(27.300000000004,18.470000000247,-25.7));
#5806 = VECTOR('',#5807,1.);
#5807 = DIRECTION('',(-1.,1.055180248732E-13,-2.517430708338E-14));
#5808 = PCURVE('',#4498,#5809);
#5809 = DEFINITIONAL_REPRESENTATION('',(#5810),#5814);
#5810 = LINE('',#5811,#5812);
#5811 = CARTESIAN_POINT('',(1.570796326795,2.557953849084E-13));
#5812 = VECTOR('',#5813,1.);
#5813 = DIRECTION('',(0.,1.));
#5814 = ( GEOMETRIC_REPRESENTATION_CONTEXT(2) 
PARAMETRIC_REPRESENTATION_CONTEXT() REPRESENTATION_CONTEXT('2D SPACE',''
  ) );
#5815 = PCURVE('',#4526,#5816);
#5816 = DEFINITIONAL_REPRESENTATION('',(#5817),#5821);
#5817 = LINE('',#5818,#5819);
#5818 = CARTESIAN_POINT('',(2.13,5.36212740876E-14));
#5819 = VECTOR('',#5820,1.);
#5820 = DIRECTION('',(-4.17780735405E-27,1.));
#5821 = ( GEOMETRIC_REPRESENTATION_CONTEXT(2) 
PARAMETRIC_REPRESENTATION_CONTEXT() REPRESENTATION_CONTEXT('2D SPACE',''
  ) );
#5822 = ORIENTED_EDGE('',*,*,#4481,.T.);
#5823 = ORIENTED_EDGE('',*,*,#5775,.T.);
#5824 = ADVANCED_FACE('',(#5825),#4526,.T.);
#5825 = FACE_BOUND('',#5826,.T.);
#5826 = EDGE_LOOP('',(#5827,#5828,#5849,#5850));
#5827 = ORIENTED_EDGE('',*,*,#4836,.F.);
#5828 = ORIENTED_EDGE('',*,*,#5829,.F.);
#5829 = EDGE_CURVE('',#4511,#4809,#5830,.T.);
#5830 = SURFACE_CURVE('',#5831,(#5835,#5842),.PCURVE_S1.);
#5831 = LINE('',#5832,#5833);
#5832 = CARTESIAN_POINT('',(27.300000000004,18.470000000247,-23.57));
#5833 = VECTOR('',#5834,1.);
#5834 = DIRECTION('',(-1.,1.055180248732E-13,-2.517430708338E-14));
#5835 = PCURVE('',#4526,#5836);
#5836 = DEFINITIONAL_REPRESENTATION('',(#5837),#5841);
#5837 = LINE('',#5838,#5839);
#5838 = CARTESIAN_POINT('',(0.,0.));
#5839 = VECTOR('',#5840,1.);
#5840 = DIRECTION('',(-4.17780735405E-27,1.));
#5841 = ( GEOMETRIC_REPRESENTATION_CONTEXT(2) 
PARAMETRIC_REPRESENTATION_CONTEXT() REPRESENTATION_CONTEXT('2D SPACE',''
  ) );
#5842 = PCURVE('',#4559,#5843);
#5843 = DEFINITIONAL_REPRESENTATION('',(#5844),#5848);
#5844 = LINE('',#5845,#5846);
#5845 = CARTESIAN_POINT('',(4.712388980385,-5.400124791429E-13));
#5846 = VECTOR('',#5847,1.);
#5847 = DIRECTION('',(0.,1.));
#5848 = ( GEOMETRIC_REPRESENTATION_CONTEXT(2) 
PARAMETRIC_REPRESENTATION_CONTEXT() REPRESENTATION_CONTEXT('2D SPACE',''
  ) );
#5849 = ORIENTED_EDGE('',*,*,#4510,.T.);
#5850 = ORIENTED_EDGE('',*,*,#5802,.T.);
#5851 = ADVANCED_FACE('',(#5852),#4559,.F.);
#5852 = FACE_BOUND('',#5853,.F.);
#5853 = EDGE_LOOP('',(#5854,#5855,#5856,#5857));
#5854 = ORIENTED_EDGE('',*,*,#4808,.T.);
#5855 = ORIENTED_EDGE('',*,*,#5829,.F.);
#5856 = ORIENTED_EDGE('',*,*,#4538,.F.);
#5857 = ORIENTED_EDGE('',*,*,#5858,.T.);
#5858 = EDGE_CURVE('',#4539,#4786,#5859,.T.);
#5859 = SURFACE_CURVE('',#5860,(#5864,#5871),.PCURVE_S1.);
#5860 = LINE('',#5861,#5862);
#5861 = CARTESIAN_POINT('',(27.300000000004,23.569999999247,-18.47));
#5862 = VECTOR('',#5863,1.);
#5863 = DIRECTION('',(-1.,1.055180248732E-13,-2.517430708338E-14));
#5864 = PCURVE('',#4559,#5865);
#5865 = DEFINITIONAL_REPRESENTATION('',(#5866),#5870);
#5866 = LINE('',#5867,#5868);
#5867 = CARTESIAN_POINT('',(6.28318530718,-1.278976924368E-13));
#5868 = VECTOR('',#5869,1.);
#5869 = DIRECTION('',(0.,1.));
#5870 = ( GEOMETRIC_REPRESENTATION_CONTEXT(2) 
PARAMETRIC_REPRESENTATION_CONTEXT() REPRESENTATION_CONTEXT('2D SPACE',''
  ) );
#5871 = PCURVE('',#4587,#5872);
#5872 = DEFINITIONAL_REPRESENTATION('',(#5873),#5877);
#5873 = LINE('',#5874,#5875);
#5874 = CARTESIAN_POINT('',(7.700064369787E-13,-2.130000001));
#5875 = VECTOR('',#5876,1.);
#5876 = DIRECTION('',(1.,2.974021020506E-30));
#5877 = ( GEOMETRIC_REPRESENTATION_CONTEXT(2) 
PARAMETRIC_REPRESENTATION_CONTEXT() REPRESENTATION_CONTEXT('2D SPACE',''
  ) );
#5878 = ADVANCED_FACE('',(#5879),#4587,.T.);
#5879 = FACE_BOUND('',#5880,.T.);
#5880 = EDGE_LOOP('',(#5881,#5882,#5903,#5904));
#5881 = ORIENTED_EDGE('',*,*,#4785,.F.);
#5882 = ORIENTED_EDGE('',*,*,#5883,.F.);
#5883 = EDGE_CURVE('',#4572,#4762,#5884,.T.);
#5884 = SURFACE_CURVE('',#5885,(#5889,#5896),.PCURVE_S1.);
#5885 = LINE('',#5886,#5887);
#5886 = CARTESIAN_POINT('',(27.300000000005,25.700000000247,-18.47));
#5887 = VECTOR('',#5888,1.);
#5888 = DIRECTION('',(-1.,1.055180248732E-13,-2.517430708338E-14));
#5889 = PCURVE('',#4587,#5890);
#5890 = DEFINITIONAL_REPRESENTATION('',(#5891),#5895);
#5891 = LINE('',#5892,#5893);
#5892 = CARTESIAN_POINT('',(0.,0.));
#5893 = VECTOR('',#5894,1.);
#5894 = DIRECTION('',(1.,2.974021020506E-30));
#5895 = ( GEOMETRIC_REPRESENTATION_CONTEXT(2) 
PARAMETRIC_REPRESENTATION_CONTEXT() REPRESENTATION_CONTEXT('2D SPACE',''
  ) );
#5896 = PCURVE('',#4616,#5897);
#5897 = DEFINITIONAL_REPRESENTATION('',(#5898),#5902);
#5898 = LINE('',#5899,#5900);
#5899 = CARTESIAN_POINT('',(3.14159265359,7.105427357601E-14));
#5900 = VECTOR('',#5901,1.);
#5901 = DIRECTION('',(-1.397574866293E-15,1.));
#5902 = ( GEOMETRIC_REPRESENTATION_CONTEXT(2) 
PARAMETRIC_REPRESENTATION_CONTEXT() REPRESENTATION_CONTEXT('2D SPACE',''
  ) );
#5903 = ORIENTED_EDGE('',*,*,#4571,.T.);
#5904 = ORIENTED_EDGE('',*,*,#5858,.T.);
#5905 = ADVANCED_FACE('',(#5906),#4616,.T.);
#5906 = FACE_BOUND('',#5907,.T.);
#5907 = EDGE_LOOP('',(#5908,#5909,#5930,#5931));
#5908 = ORIENTED_EDGE('',*,*,#4761,.F.);
#5909 = ORIENTED_EDGE('',*,*,#5910,.F.);
#5910 = EDGE_CURVE('',#4600,#4739,#5911,.T.);
#5911 = SURFACE_CURVE('',#5912,(#5916,#5923),.PCURVE_S1.);
#5912 = LINE('',#5913,#5914);
#5913 = CARTESIAN_POINT('',(27.300000000005,28.099999999247,-16.07));
#5914 = VECTOR('',#5915,1.);
#5915 = DIRECTION('',(-1.,1.055180248732E-13,-2.517430708338E-14));
#5916 = PCURVE('',#4616,#5917);
#5917 = DEFINITIONAL_REPRESENTATION('',(#5918),#5922);
#5918 = LINE('',#5919,#5920);
#5919 = CARTESIAN_POINT('',(1.570796326795,2.557953848388E-13));
#5920 = VECTOR('',#5921,1.);
#5921 = DIRECTION('',(0.,1.));
#5922 = ( GEOMETRIC_REPRESENTATION_CONTEXT(2) 
PARAMETRIC_REPRESENTATION_CONTEXT() REPRESENTATION_CONTEXT('2D SPACE',''
  ) );
#5923 = PCURVE('',#4644,#5924);
#5924 = DEFINITIONAL_REPRESENTATION('',(#5925),#5929);
#5925 = LINE('',#5926,#5927);
#5926 = CARTESIAN_POINT('',(32.14,-9.195339489842E-12));
#5927 = VECTOR('',#5928,1.);
#5928 = DIRECTION('',(-4.395532963891E-27,1.));
#5929 = ( GEOMETRIC_REPRESENTATION_CONTEXT(2) 
PARAMETRIC_REPRESENTATION_CONTEXT() REPRESENTATION_CONTEXT('2D SPACE',''
  ) );
#5930 = ORIENTED_EDGE('',*,*,#4599,.T.);
#5931 = ORIENTED_EDGE('',*,*,#5883,.T.);
#5932 = ADVANCED_FACE('',(#5933),#4644,.T.);
#5933 = FACE_BOUND('',#5934,.T.);
#5934 = EDGE_LOOP('',(#5935,#5936,#5937,#5938));
#5935 = ORIENTED_EDGE('',*,*,#4738,.F.);
#5936 = ORIENTED_EDGE('',*,*,#5318,.F.);
#5937 = ORIENTED_EDGE('',*,*,#4628,.T.);
#5938 = ORIENTED_EDGE('',*,*,#5910,.T.);
#5939 = ADVANCED_FACE('',(#5940),#5955,.F.);
#5940 = FACE_BOUND('',#5941,.T.);
#5941 = EDGE_LOOP('',(#5942,#5977,#6000,#6024,#6047,#6075,#6098,#6126,
    #6149,#6173,#6196,#6224,#6247,#6275,#6298,#6322,#6345,#6373,#6396,
    #6424,#6447,#6471,#6494,#6522));
#5942 = ORIENTED_EDGE('',*,*,#5943,.T.);
#5943 = EDGE_CURVE('',#5944,#5946,#5948,.T.);
#5944 = VERTEX_POINT('',#5945);
#5945 = CARTESIAN_POINT('',(38.299999999995,28.200000000247,
    16.069999999996));
#5946 = VERTEX_POINT('',#5947);
#5947 = CARTESIAN_POINT('',(38.299999999995,25.700000000247,
    18.569999999996));
#5948 = SURFACE_CURVE('',#5949,(#5954,#5970),.PCURVE_S1.);
#5949 = CIRCLE('',#5950,2.5);
#5950 = AXIS2_PLACEMENT_3D('',#5951,#5952,#5953);
#5951 = CARTESIAN_POINT('',(38.299999999995,25.700000000247,
    16.069999999996));
#5952 = DIRECTION('',(1.,-1.055180248732E-13,2.517430708338E-14));
#5953 = DIRECTION('',(-2.517430708338E-14,4.123090757702E-14,1.));
#5954 = PCURVE('',#5955,#5960);
#5955 = PLANE('',#5956);
#5956 = AXIS2_PLACEMENT_3D('',#5957,#5958,#5959);
#5957 = CARTESIAN_POINT('',(38.299999999995,25.700000000247,
    16.069999999996));
#5958 = DIRECTION('',(-1.,1.055180248732E-13,-2.517430708338E-14));
#5959 = DIRECTION('',(-2.517430708338E-14,4.123090757702E-14,1.));
#5960 = DEFINITIONAL_REPRESENTATION('',(#5961),#5969);
#5961 = ( BOUNDED_CURVE() B_SPLINE_CURVE(2,(#5962,#5963,#5964,#5965,
#5966,#5967,#5968),.UNSPECIFIED.,.T.,.F.) B_SPLINE_CURVE_WITH_KNOTS((1,2
    ,2,2,2,1),(-2.094395102393,0.,2.094395102393,4.188790204786,
6.28318530718,8.377580409573),.UNSPECIFIED.) CURVE() 
GEOMETRIC_REPRESENTATION_ITEM() RATIONAL_B_SPLINE_CURVE((1.,0.5,1.,0.5,
1.,0.5,1.)) REPRESENTATION_ITEM('') );
#5962 = CARTESIAN_POINT('',(2.5,0.));
#5963 = CARTESIAN_POINT('',(2.5,-4.330127018922));
#5964 = CARTESIAN_POINT('',(-1.25,-2.165063509461));
#5965 = CARTESIAN_POINT('',(-5.,-6.123233995737E-16));
#5966 = CARTESIAN_POINT('',(-1.25,2.165063509461));
#5967 = CARTESIAN_POINT('',(2.5,4.330127018922));
#5968 = CARTESIAN_POINT('',(2.5,0.));
#5969 = ( GEOMETRIC_REPRESENTATION_CONTEXT(2) 
PARAMETRIC_REPRESENTATION_CONTEXT() REPRESENTATION_CONTEXT('2D SPACE',''
  ) );
#5970 = PCURVE('',#3300,#5971);
#5971 = DEFINITIONAL_REPRESENTATION('',(#5972),#5976);
#5972 = LINE('',#5973,#5974);
#5973 = CARTESIAN_POINT('',(6.28318530718,0.));
#5974 = VECTOR('',#5975,1.);
#5975 = DIRECTION('',(-1.,0.));
#5976 = ( GEOMETRIC_REPRESENTATION_CONTEXT(2) 
PARAMETRIC_REPRESENTATION_CONTEXT() REPRESENTATION_CONTEXT('2D SPACE',''
  ) );
#5977 = ORIENTED_EDGE('',*,*,#5978,.T.);
#5978 = EDGE_CURVE('',#5946,#5979,#5981,.T.);
#5979 = VERTEX_POINT('',#5980);
#5980 = CARTESIAN_POINT('',(38.299999999995,23.569999999247,
    18.569999999996));
#5981 = SURFACE_CURVE('',#5982,(#5986,#5993),.PCURVE_S1.);
#5982 = LINE('',#5983,#5984);
#5983 = CARTESIAN_POINT('',(38.299999999995,23.569999999247,
    18.569999999996));
#5984 = VECTOR('',#5985,1.);
#5985 = DIRECTION('',(-1.055180248732E-13,-1.,4.123090757701E-14));
#5986 = PCURVE('',#5955,#5987);
#5987 = DEFINITIONAL_REPRESENTATION('',(#5988),#5992);
#5988 = LINE('',#5989,#5990);
#5989 = CARTESIAN_POINT('',(2.5,-2.130000001));
#5990 = VECTOR('',#5991,1.);
#5991 = DIRECTION('',(-7.345872749418E-27,-1.));
#5992 = ( GEOMETRIC_REPRESENTATION_CONTEXT(2) 
PARAMETRIC_REPRESENTATION_CONTEXT() REPRESENTATION_CONTEXT('2D SPACE',''
  ) );
#5993 = PCURVE('',#3969,#5994);
#5994 = DEFINITIONAL_REPRESENTATION('',(#5995),#5999);
#5995 = LINE('',#5996,#5997);
#5996 = CARTESIAN_POINT('',(0.,0.));
#5997 = VECTOR('',#5998,1.);
#5998 = DIRECTION('',(-1.03795952867E-27,-1.));
#5999 = ( GEOMETRIC_REPRESENTATION_CONTEXT(2) 
PARAMETRIC_REPRESENTATION_CONTEXT() REPRESENTATION_CONTEXT('2D SPACE',''
  ) );
#6000 = ORIENTED_EDGE('',*,*,#6001,.T.);
#6001 = EDGE_CURVE('',#5979,#6002,#6004,.T.);
#6002 = VERTEX_POINT('',#6003);
#6003 = CARTESIAN_POINT('',(38.299999999995,18.569999999247,
    23.569999999996));
#6004 = SURFACE_CURVE('',#6005,(#6010,#6017),.PCURVE_S1.);
#6005 = CIRCLE('',#6006,5.);
#6006 = AXIS2_PLACEMENT_3D('',#6007,#6008,#6009);
#6007 = CARTESIAN_POINT('',(38.299999999995,23.569999999247,
    23.569999999996));
#6008 = DIRECTION('',(-1.,1.055180248732E-13,-2.517430708338E-14));
#6009 = DIRECTION('',(2.517430708338E-14,-4.123090757702E-14,-1.));
#6010 = PCURVE('',#5955,#6011);
#6011 = DEFINITIONAL_REPRESENTATION('',(#6012),#6016);
#6012 = CIRCLE('',#6013,5.);
#6013 = AXIS2_PLACEMENT_2D('',#6014,#6015);
#6014 = CARTESIAN_POINT('',(7.5,-2.130000001));
#6015 = DIRECTION('',(-1.,0.));
#6016 = ( GEOMETRIC_REPRESENTATION_CONTEXT(2) 
PARAMETRIC_REPRESENTATION_CONTEXT() REPRESENTATION_CONTEXT('2D SPACE',''
  ) );
#6017 = PCURVE('',#3943,#6018);
#6018 = DEFINITIONAL_REPRESENTATION('',(#6019),#6023);
#6019 = LINE('',#6020,#6021);
#6020 = CARTESIAN_POINT('',(3.14159265359,0.));
#6021 = VECTOR('',#6022,1.);
#6022 = DIRECTION('',(1.,-9.046911093941E-15));
#6023 = ( GEOMETRIC_REPRESENTATION_CONTEXT(2) 
PARAMETRIC_REPRESENTATION_CONTEXT() REPRESENTATION_CONTEXT('2D SPACE',''
  ) );
#6024 = ORIENTED_EDGE('',*,*,#6025,.T.);
#6025 = EDGE_CURVE('',#6002,#6026,#6028,.T.);
#6026 = VERTEX_POINT('',#6027);
#6027 = CARTESIAN_POINT('',(38.299999999995,18.569999999247,
    25.699999999996));
#6028 = SURFACE_CURVE('',#6029,(#6033,#6040),.PCURVE_S1.);
#6029 = LINE('',#6030,#6031);
#6030 = CARTESIAN_POINT('',(38.299999999995,18.569999999247,
    23.569999999996));
#6031 = VECTOR('',#6032,1.);
#6032 = DIRECTION('',(-2.517430708338E-14,4.285975591127E-14,1.));
#6033 = PCURVE('',#5955,#6034);
#6034 = DEFINITIONAL_REPRESENTATION('',(#6035),#6039);
#6035 = LINE('',#6036,#6037);
#6036 = CARTESIAN_POINT('',(7.5,-7.130000001));
#6037 = VECTOR('',#6038,1.);
#6038 = DIRECTION('',(1.,1.62884833425E-15));
#6039 = ( GEOMETRIC_REPRESENTATION_CONTEXT(2) 
PARAMETRIC_REPRESENTATION_CONTEXT() REPRESENTATION_CONTEXT('2D SPACE',''
  ) );
#6040 = PCURVE('',#3910,#6041);
#6041 = DEFINITIONAL_REPRESENTATION('',(#6042),#6046);
#6042 = LINE('',#6043,#6044);
#6043 = CARTESIAN_POINT('',(0.,0.));
#6044 = VECTOR('',#6045,1.);
#6045 = DIRECTION('',(1.,0.));
#6046 = ( GEOMETRIC_REPRESENTATION_CONTEXT(2) 
PARAMETRIC_REPRESENTATION_CONTEXT() REPRESENTATION_CONTEXT('2D SPACE',''
  ) );
#6047 = ORIENTED_EDGE('',*,*,#6048,.T.);
#6048 = EDGE_CURVE('',#6026,#6049,#6051,.T.);
#6049 = VERTEX_POINT('',#6050);
#6050 = CARTESIAN_POINT('',(38.299999999995,16.069999999247,
    28.199999999996));
#6051 = SURFACE_CURVE('',#6052,(#6057,#6068),.PCURVE_S1.);
#6052 = CIRCLE('',#6053,2.5);
#6053 = AXIS2_PLACEMENT_3D('',#6054,#6055,#6056);
#6054 = CARTESIAN_POINT('',(38.299999999995,16.069999999247,
    25.699999999996));
#6055 = DIRECTION('',(1.,-1.055180248732E-13,2.517430708338E-14));
#6056 = DIRECTION('',(2.517430708338E-14,-4.123090757702E-14,-1.));
#6057 = PCURVE('',#5955,#6058);
#6058 = DEFINITIONAL_REPRESENTATION('',(#6059),#6067);
#6059 = ( BOUNDED_CURVE() B_SPLINE_CURVE(2,(#6060,#6061,#6062,#6063,
#6064,#6065,#6066),.UNSPECIFIED.,.T.,.F.) B_SPLINE_CURVE_WITH_KNOTS((1,2
    ,2,2,2,1),(-2.094395102393,0.,2.094395102393,4.188790204786,
6.28318530718,8.377580409573),.UNSPECIFIED.) CURVE() 
GEOMETRIC_REPRESENTATION_ITEM() RATIONAL_B_SPLINE_CURVE((1.,0.5,1.,0.5,
1.,0.5,1.)) REPRESENTATION_ITEM('') );
#6060 = CARTESIAN_POINT('',(7.13,-9.630000001));
#6061 = CARTESIAN_POINT('',(7.13,-5.299872982078));
#6062 = CARTESIAN_POINT('',(10.88,-7.464936491539));
#6063 = CARTESIAN_POINT('',(14.63,-9.630000001));
#6064 = CARTESIAN_POINT('',(10.88,-11.79506351046));
#6065 = CARTESIAN_POINT('',(7.13,-13.96012701992));
#6066 = CARTESIAN_POINT('',(7.13,-9.630000001));
#6067 = ( GEOMETRIC_REPRESENTATION_CONTEXT(2) 
PARAMETRIC_REPRESENTATION_CONTEXT() REPRESENTATION_CONTEXT('2D SPACE',''
  ) );
#6068 = PCURVE('',#3882,#6069);
#6069 = DEFINITIONAL_REPRESENTATION('',(#6070),#6074);
#6070 = LINE('',#6071,#6072);
#6071 = CARTESIAN_POINT('',(3.14159265359,-2.84217094304E-14));
#6072 = VECTOR('',#6073,1.);
#6073 = DIRECTION('',(-1.,9.046911093941E-15));
#6074 = ( GEOMETRIC_REPRESENTATION_CONTEXT(2) 
PARAMETRIC_REPRESENTATION_CONTEXT() REPRESENTATION_CONTEXT('2D SPACE',''
  ) );
#6075 = ORIENTED_EDGE('',*,*,#6076,.T.);
#6076 = EDGE_CURVE('',#6049,#6077,#6079,.T.);
#6077 = VERTEX_POINT('',#6078);
#6078 = CARTESIAN_POINT('',(38.299999999995,-16.07000000025,
    28.199999999996));
#6079 = SURFACE_CURVE('',#6080,(#6084,#6091),.PCURVE_S1.);
#6080 = LINE('',#6081,#6082);
#6081 = CARTESIAN_POINT('',(38.299999999995,16.069999999247,
    28.199999999996));
#6082 = VECTOR('',#6083,1.);
#6083 = DIRECTION('',(-1.055180248732E-13,-1.,4.101501168704E-14));
#6084 = PCURVE('',#5955,#6085);
#6085 = DEFINITIONAL_REPRESENTATION('',(#6086),#6090);
#6086 = LINE('',#6087,#6088);
#6087 = CARTESIAN_POINT('',(12.13,-9.630000001));
#6088 = VECTOR('',#6089,1.);
#6089 = DIRECTION('',(-2.158958899773E-16,-1.));
#6090 = ( GEOMETRIC_REPRESENTATION_CONTEXT(2) 
PARAMETRIC_REPRESENTATION_CONTEXT() REPRESENTATION_CONTEXT('2D SPACE',''
  ) );
#6091 = PCURVE('',#3853,#6092);
#6092 = DEFINITIONAL_REPRESENTATION('',(#6093),#6097);
#6093 = LINE('',#6094,#6095);
#6094 = CARTESIAN_POINT('',(-51.19999999999,39.669999999505));
#6095 = VECTOR('',#6096,1.);
#6096 = DIRECTION('',(-1.03795952867E-27,-1.));
#6097 = ( GEOMETRIC_REPRESENTATION_CONTEXT(2) 
PARAMETRIC_REPRESENTATION_CONTEXT() REPRESENTATION_CONTEXT('2D SPACE',''
  ) );
#6098 = ORIENTED_EDGE('',*,*,#6099,.T.);
#6099 = EDGE_CURVE('',#6077,#6100,#6102,.T.);
#6100 = VERTEX_POINT('',#6101);
#6101 = CARTESIAN_POINT('',(38.299999999995,-18.57000000025,
    25.699999999996));
#6102 = SURFACE_CURVE('',#6103,(#6108,#6119),.PCURVE_S1.);
#6103 = CIRCLE('',#6104,2.5);
#6104 = AXIS2_PLACEMENT_3D('',#6105,#6106,#6107);
#6105 = CARTESIAN_POINT('',(38.299999999995,-16.07000000025,
    25.699999999996));
#6106 = DIRECTION('',(1.,-1.055180248732E-13,2.517430708338E-14));
#6107 = DIRECTION('',(-2.517430708338E-14,4.123090757702E-14,1.));
#6108 = PCURVE('',#5955,#6109);
#6109 = DEFINITIONAL_REPRESENTATION('',(#6110),#6118);
#6110 = ( BOUNDED_CURVE() B_SPLINE_CURVE(2,(#6111,#6112,#6113,#6114,
#6115,#6116,#6117),.UNSPECIFIED.,.T.,.F.) B_SPLINE_CURVE_WITH_KNOTS((1,2
    ,2,2,2,1),(-2.094395102393,0.,2.094395102393,4.188790204786,
6.28318530718,8.377580409573),.UNSPECIFIED.) CURVE() 
GEOMETRIC_REPRESENTATION_ITEM() RATIONAL_B_SPLINE_CURVE((1.,0.5,1.,0.5,
1.,0.5,1.)) REPRESENTATION_ITEM('') );
#6111 = CARTESIAN_POINT('',(12.129999999998,-41.7700000005));
#6112 = CARTESIAN_POINT('',(12.129999999998,-46.10012701942));
#6113 = CARTESIAN_POINT('',(8.379999999998,-43.93506350996));
#6114 = CARTESIAN_POINT('',(4.629999999998,-41.7700000005));
#6115 = CARTESIAN_POINT('',(8.379999999998,-39.60493649103));
#6116 = CARTESIAN_POINT('',(12.129999999998,-37.43987298157));
#6117 = CARTESIAN_POINT('',(12.129999999998,-41.7700000005));
#6118 = ( GEOMETRIC_REPRESENTATION_CONTEXT(2) 
PARAMETRIC_REPRESENTATION_CONTEXT() REPRESENTATION_CONTEXT('2D SPACE',''
  ) );
#6119 = PCURVE('',#3825,#6120);
#6120 = DEFINITIONAL_REPRESENTATION('',(#6121),#6125);
#6121 = LINE('',#6122,#6123);
#6122 = CARTESIAN_POINT('',(6.28318530718,0.));
#6123 = VECTOR('',#6124,1.);
#6124 = DIRECTION('',(-1.,9.04691109394E-15));
#6125 = ( GEOMETRIC_REPRESENTATION_CONTEXT(2) 
PARAMETRIC_REPRESENTATION_CONTEXT() REPRESENTATION_CONTEXT('2D SPACE',''
  ) );
#6126 = ORIENTED_EDGE('',*,*,#6127,.T.);
#6127 = EDGE_CURVE('',#6100,#6128,#6130,.T.);
#6128 = VERTEX_POINT('',#6129);
#6129 = CARTESIAN_POINT('',(38.299999999995,-18.57000000025,
    23.569999999996));
#6130 = SURFACE_CURVE('',#6131,(#6135,#6142),.PCURVE_S1.);
#6131 = LINE('',#6132,#6133);
#6132 = CARTESIAN_POINT('',(38.299999999995,-18.57000000025,
    23.569999999996));
#6133 = VECTOR('',#6134,1.);
#6134 = DIRECTION('',(2.517430708338E-14,-3.960205924277E-14,-1.));
#6135 = PCURVE('',#5955,#6136);
#6136 = DEFINITIONAL_REPRESENTATION('',(#6137),#6141);
#6137 = LINE('',#6138,#6139);
#6138 = CARTESIAN_POINT('',(7.499999999998,-44.2700000005));
#6139 = VECTOR('',#6140,1.);
#6140 = DIRECTION('',(-1.,1.62884833425E-15));
#6141 = ( GEOMETRIC_REPRESENTATION_CONTEXT(2) 
PARAMETRIC_REPRESENTATION_CONTEXT() REPRESENTATION_CONTEXT('2D SPACE',''
  ) );
#6142 = PCURVE('',#3796,#6143);
#6143 = DEFINITIONAL_REPRESENTATION('',(#6144),#6148);
#6144 = LINE('',#6145,#6146);
#6145 = CARTESIAN_POINT('',(0.,0.));
#6146 = VECTOR('',#6147,1.);
#6147 = DIRECTION('',(1.,0.));
#6148 = ( GEOMETRIC_REPRESENTATION_CONTEXT(2) 
PARAMETRIC_REPRESENTATION_CONTEXT() REPRESENTATION_CONTEXT('2D SPACE',''
  ) );
#6149 = ORIENTED_EDGE('',*,*,#6150,.T.);
#6150 = EDGE_CURVE('',#6128,#6151,#6153,.T.);
#6151 = VERTEX_POINT('',#6152);
#6152 = CARTESIAN_POINT('',(38.299999999995,-23.57000000025,
    18.569999999996));
#6153 = SURFACE_CURVE('',#6154,(#6159,#6166),.PCURVE_S1.);
#6154 = CIRCLE('',#6155,5.);
#6155 = AXIS2_PLACEMENT_3D('',#6156,#6157,#6158);
#6156 = CARTESIAN_POINT('',(38.299999999995,-23.57000000025,
    23.569999999996));
#6157 = DIRECTION('',(-1.,1.055180248732E-13,-2.517430708338E-14));
#6158 = DIRECTION('',(-2.517430708338E-14,4.123090757702E-14,1.));
#6159 = PCURVE('',#5955,#6160);
#6160 = DEFINITIONAL_REPRESENTATION('',(#6161),#6165);
#6161 = CIRCLE('',#6162,5.);
#6162 = AXIS2_PLACEMENT_2D('',#6163,#6164);
#6163 = CARTESIAN_POINT('',(7.499999999998,-49.2700000005));
#6164 = DIRECTION('',(1.,0.));
#6165 = ( GEOMETRIC_REPRESENTATION_CONTEXT(2) 
PARAMETRIC_REPRESENTATION_CONTEXT() REPRESENTATION_CONTEXT('2D SPACE',''
  ) );
#6166 = PCURVE('',#3768,#6167);
#6167 = DEFINITIONAL_REPRESENTATION('',(#6168),#6172);
#6168 = LINE('',#6169,#6170);
#6169 = CARTESIAN_POINT('',(7.105427357601E-15,2.84217094304E-14));
#6170 = VECTOR('',#6171,1.);
#6171 = DIRECTION('',(1.,-9.04691109394E-15));
#6172 = ( GEOMETRIC_REPRESENTATION_CONTEXT(2) 
PARAMETRIC_REPRESENTATION_CONTEXT() REPRESENTATION_CONTEXT('2D SPACE',''
  ) );
#6173 = ORIENTED_EDGE('',*,*,#6174,.T.);
#6174 = EDGE_CURVE('',#6151,#6175,#6177,.T.);
#6175 = VERTEX_POINT('',#6176);
#6176 = CARTESIAN_POINT('',(38.299999999995,-25.70000000025,
    18.569999999996));
#6177 = SURFACE_CURVE('',#6178,(#6182,#6189),.PCURVE_S1.);
#6178 = LINE('',#6179,#6180);
#6179 = CARTESIAN_POINT('',(38.299999999995,-23.57000000025,
    18.569999999996));
#6180 = VECTOR('',#6181,1.);
#6181 = DIRECTION('',(-1.055180248732E-13,-1.,4.123090757701E-14));
#6182 = PCURVE('',#5955,#6183);
#6183 = DEFINITIONAL_REPRESENTATION('',(#6184),#6188);
#6184 = LINE('',#6185,#6186);
#6185 = CARTESIAN_POINT('',(2.499999999998,-49.2700000005));
#6186 = VECTOR('',#6187,1.);
#6187 = DIRECTION('',(-7.345872749418E-27,-1.));
#6188 = ( GEOMETRIC_REPRESENTATION_CONTEXT(2) 
PARAMETRIC_REPRESENTATION_CONTEXT() REPRESENTATION_CONTEXT('2D SPACE',''
  ) );
#6189 = PCURVE('',#3735,#6190);
#6190 = DEFINITIONAL_REPRESENTATION('',(#6191),#6195);
#6191 = LINE('',#6192,#6193);
#6192 = CARTESIAN_POINT('',(0.,0.));
#6193 = VECTOR('',#6194,1.);
#6194 = DIRECTION('',(-1.03795952867E-27,-1.));
#6195 = ( GEOMETRIC_REPRESENTATION_CONTEXT(2) 
PARAMETRIC_REPRESENTATION_CONTEXT() REPRESENTATION_CONTEXT('2D SPACE',''
  ) );
#6196 = ORIENTED_EDGE('',*,*,#6197,.T.);
#6197 = EDGE_CURVE('',#6175,#6198,#6200,.T.);
#6198 = VERTEX_POINT('',#6199);
#6199 = CARTESIAN_POINT('',(38.299999999995,-28.20000000025,
    16.069999999996));
#6200 = SURFACE_CURVE('',#6201,(#6206,#6217),.PCURVE_S1.);
#6201 = CIRCLE('',#6202,2.5);
#6202 = AXIS2_PLACEMENT_3D('',#6203,#6204,#6205);
#6203 = CARTESIAN_POINT('',(38.299999999995,-25.70000000025,
    16.069999999996));
#6204 = DIRECTION('',(1.,-1.055180248732E-13,2.517430708338E-14));
#6205 = DIRECTION('',(2.517430708338E-14,-4.123090757702E-14,-1.));
#6206 = PCURVE('',#5955,#6207);
#6207 = DEFINITIONAL_REPRESENTATION('',(#6208),#6216);
#6208 = ( BOUNDED_CURVE() B_SPLINE_CURVE(2,(#6209,#6210,#6211,#6212,
#6213,#6214,#6215),.UNSPECIFIED.,.T.,.F.) B_SPLINE_CURVE_WITH_KNOTS((1,2
    ,2,2,2,1),(-2.094395102393,0.,2.094395102393,4.188790204786,
6.28318530718,8.377580409573),.UNSPECIFIED.) CURVE() 
GEOMETRIC_REPRESENTATION_ITEM() RATIONAL_B_SPLINE_CURVE((1.,0.5,1.,0.5,
1.,0.5,1.)) REPRESENTATION_ITEM('') );
#6209 = CARTESIAN_POINT('',(-2.500000000002,-51.4000000005));
#6210 = CARTESIAN_POINT('',(-2.500000000002,-47.06987298157));
#6211 = CARTESIAN_POINT('',(1.249999999998,-49.23493649103));
#6212 = CARTESIAN_POINT('',(4.999999999998,-51.4000000005));
#6213 = CARTESIAN_POINT('',(1.249999999998,-53.56506350996));
#6214 = CARTESIAN_POINT('',(-2.500000000002,-55.73012701942));
#6215 = CARTESIAN_POINT('',(-2.500000000002,-51.4000000005));
#6216 = ( GEOMETRIC_REPRESENTATION_CONTEXT(2) 
PARAMETRIC_REPRESENTATION_CONTEXT() REPRESENTATION_CONTEXT('2D SPACE',''
  ) );
#6217 = PCURVE('',#3707,#6218);
#6218 = DEFINITIONAL_REPRESENTATION('',(#6219),#6223);
#6219 = LINE('',#6220,#6221);
#6220 = CARTESIAN_POINT('',(9.424777960769,0.));
#6221 = VECTOR('',#6222,1.);
#6222 = DIRECTION('',(-1.,0.));
#6223 = ( GEOMETRIC_REPRESENTATION_CONTEXT(2) 
PARAMETRIC_REPRESENTATION_CONTEXT() REPRESENTATION_CONTEXT('2D SPACE',''
  ) );
#6224 = ORIENTED_EDGE('',*,*,#6225,.T.);
#6225 = EDGE_CURVE('',#6198,#6226,#6228,.T.);
#6226 = VERTEX_POINT('',#6227);
#6227 = CARTESIAN_POINT('',(38.300000000004,-28.20000000025,-16.07));
#6228 = SURFACE_CURVE('',#6229,(#6233,#6240),.PCURVE_S1.);
#6229 = LINE('',#6230,#6231);
#6230 = CARTESIAN_POINT('',(38.300000000004,-28.20000000025,-16.07));
#6231 = VECTOR('',#6232,1.);
#6232 = DIRECTION('',(2.517430708338E-14,-4.079911579706E-14,-1.));
#6233 = PCURVE('',#5955,#6234);
#6234 = DEFINITIONAL_REPRESENTATION('',(#6235),#6239);
#6235 = LINE('',#6236,#6237);
#6236 = CARTESIAN_POINT('',(-32.14,-53.90000000049));
#6237 = VECTOR('',#6238,1.);
#6238 = DIRECTION('',(-1.,4.3179177996E-16));
#6239 = ( GEOMETRIC_REPRESENTATION_CONTEXT(2) 
PARAMETRIC_REPRESENTATION_CONTEXT() REPRESENTATION_CONTEXT('2D SPACE',''
  ) );
#6240 = PCURVE('',#3678,#6241);
#6241 = DEFINITIONAL_REPRESENTATION('',(#6242),#6246);
#6242 = LINE('',#6243,#6244);
#6243 = CARTESIAN_POINT('',(-7.529999999999,-51.2));
#6244 = VECTOR('',#6245,1.);
#6245 = DIRECTION('',(1.,3.155443620884E-29));
#6246 = ( GEOMETRIC_REPRESENTATION_CONTEXT(2) 
PARAMETRIC_REPRESENTATION_CONTEXT() REPRESENTATION_CONTEXT('2D SPACE',''
  ) );
#6247 = ORIENTED_EDGE('',*,*,#6248,.T.);
#6248 = EDGE_CURVE('',#6226,#6249,#6251,.T.);
#6249 = VERTEX_POINT('',#6250);
#6250 = CARTESIAN_POINT('',(38.300000000004,-25.70000000025,-18.57));
#6251 = SURFACE_CURVE('',#6252,(#6257,#6268),.PCURVE_S1.);
#6252 = CIRCLE('',#6253,2.5);
#6253 = AXIS2_PLACEMENT_3D('',#6254,#6255,#6256);
#6254 = CARTESIAN_POINT('',(38.300000000004,-25.70000000025,-16.07));
#6255 = DIRECTION('',(1.,-1.055180248732E-13,2.517430708338E-14));
#6256 = DIRECTION('',(-2.517430708338E-14,4.123090757702E-14,1.));
#6257 = PCURVE('',#5955,#6258);
#6258 = DEFINITIONAL_REPRESENTATION('',(#6259),#6267);
#6259 = ( BOUNDED_CURVE() B_SPLINE_CURVE(2,(#6260,#6261,#6262,#6263,
#6264,#6265,#6266),.UNSPECIFIED.,.T.,.F.) B_SPLINE_CURVE_WITH_KNOTS((1,2
    ,2,2,2,1),(-2.094395102393,0.,2.094395102393,4.188790204786,
6.28318530718,8.377580409573),.UNSPECIFIED.) CURVE() 
GEOMETRIC_REPRESENTATION_ITEM() RATIONAL_B_SPLINE_CURVE((1.,0.5,1.,0.5,
1.,0.5,1.)) REPRESENTATION_ITEM('') );
#6260 = CARTESIAN_POINT('',(-29.64,-51.40000000049));
#6261 = CARTESIAN_POINT('',(-29.64,-55.73012701942));
#6262 = CARTESIAN_POINT('',(-33.39,-53.56506350996));
#6263 = CARTESIAN_POINT('',(-37.14,-51.40000000049));
#6264 = CARTESIAN_POINT('',(-33.39,-49.23493649103));
#6265 = CARTESIAN_POINT('',(-29.64,-47.06987298157));
#6266 = CARTESIAN_POINT('',(-29.64,-51.40000000049));
#6267 = ( GEOMETRIC_REPRESENTATION_CONTEXT(2) 
PARAMETRIC_REPRESENTATION_CONTEXT() REPRESENTATION_CONTEXT('2D SPACE',''
  ) );
#6268 = PCURVE('',#3650,#6269);
#6269 = DEFINITIONAL_REPRESENTATION('',(#6270),#6274);
#6270 = LINE('',#6271,#6272);
#6271 = CARTESIAN_POINT('',(6.28318530718,-1.42108547152E-14));
#6272 = VECTOR('',#6273,1.);
#6273 = DIRECTION('',(-1.,9.046911093941E-15));
#6274 = ( GEOMETRIC_REPRESENTATION_CONTEXT(2) 
PARAMETRIC_REPRESENTATION_CONTEXT() REPRESENTATION_CONTEXT('2D SPACE',''
  ) );
#6275 = ORIENTED_EDGE('',*,*,#6276,.T.);
#6276 = EDGE_CURVE('',#6249,#6277,#6279,.T.);
#6277 = VERTEX_POINT('',#6278);
#6278 = CARTESIAN_POINT('',(38.300000000004,-23.57000000025,-18.57));
#6279 = SURFACE_CURVE('',#6280,(#6284,#6291),.PCURVE_S1.);
#6280 = LINE('',#6281,#6282);
#6281 = CARTESIAN_POINT('',(38.300000000004,-23.57000000025,-18.57));
#6282 = VECTOR('',#6283,1.);
#6283 = DIRECTION('',(1.055180248732E-13,1.,-4.123090757701E-14));
#6284 = PCURVE('',#5955,#6285);
#6285 = DEFINITIONAL_REPRESENTATION('',(#6286),#6290);
#6286 = LINE('',#6287,#6288);
#6287 = CARTESIAN_POINT('',(-34.64,-49.27000000049));
#6288 = VECTOR('',#6289,1.);
#6289 = DIRECTION('',(7.345872749418E-27,1.));
#6290 = ( GEOMETRIC_REPRESENTATION_CONTEXT(2) 
PARAMETRIC_REPRESENTATION_CONTEXT() REPRESENTATION_CONTEXT('2D SPACE',''
  ) );
#6291 = PCURVE('',#3621,#6292);
#6292 = DEFINITIONAL_REPRESENTATION('',(#6293),#6297);
#6293 = LINE('',#6294,#6295);
#6294 = CARTESIAN_POINT('',(0.,0.));
#6295 = VECTOR('',#6296,1.);
#6296 = DIRECTION('',(-1.03795952867E-27,1.));
#6297 = ( GEOMETRIC_REPRESENTATION_CONTEXT(2) 
PARAMETRIC_REPRESENTATION_CONTEXT() REPRESENTATION_CONTEXT('2D SPACE',''
  ) );
#6298 = ORIENTED_EDGE('',*,*,#6299,.T.);
#6299 = EDGE_CURVE('',#6277,#6300,#6302,.T.);
#6300 = VERTEX_POINT('',#6301);
#6301 = CARTESIAN_POINT('',(38.300000000004,-18.57000000025,-23.57));
#6302 = SURFACE_CURVE('',#6303,(#6308,#6315),.PCURVE_S1.);
#6303 = CIRCLE('',#6304,5.);
#6304 = AXIS2_PLACEMENT_3D('',#6305,#6306,#6307);
#6305 = CARTESIAN_POINT('',(38.300000000004,-23.57000000025,-23.57));
#6306 = DIRECTION('',(-1.,1.055180248732E-13,-2.517430708338E-14));
#6307 = DIRECTION('',(2.517430708338E-14,-4.123090757702E-14,-1.));
#6308 = PCURVE('',#5955,#6309);
#6309 = DEFINITIONAL_REPRESENTATION('',(#6310),#6314);
#6310 = CIRCLE('',#6311,5.);
#6311 = AXIS2_PLACEMENT_2D('',#6312,#6313);
#6312 = CARTESIAN_POINT('',(-39.64,-49.27000000049));
#6313 = DIRECTION('',(-1.,0.));
#6314 = ( GEOMETRIC_REPRESENTATION_CONTEXT(2) 
PARAMETRIC_REPRESENTATION_CONTEXT() REPRESENTATION_CONTEXT('2D SPACE',''
  ) );
#6315 = PCURVE('',#3593,#6316);
#6316 = DEFINITIONAL_REPRESENTATION('',(#6317),#6321);
#6317 = LINE('',#6318,#6319);
#6318 = CARTESIAN_POINT('',(-3.14159265359,-2.84217094304E-14));
#6319 = VECTOR('',#6320,1.);
#6320 = DIRECTION('',(1.,9.046911093941E-15));
#6321 = ( GEOMETRIC_REPRESENTATION_CONTEXT(2) 
PARAMETRIC_REPRESENTATION_CONTEXT() REPRESENTATION_CONTEXT('2D SPACE',''
  ) );
#6322 = ORIENTED_EDGE('',*,*,#6323,.T.);
#6323 = EDGE_CURVE('',#6300,#6324,#6326,.T.);
#6324 = VERTEX_POINT('',#6325);
#6325 = CARTESIAN_POINT('',(38.300000000004,-18.57000000025,
    -25.69999999999));
#6326 = SURFACE_CURVE('',#6327,(#6331,#6338),.PCURVE_S1.);
#6327 = LINE('',#6328,#6329);
#6328 = CARTESIAN_POINT('',(38.300000000004,-18.57000000025,-23.57));
#6329 = VECTOR('',#6330,1.);
#6330 = DIRECTION('',(2.517430708338E-14,-4.285975591127E-14,-1.));
#6331 = PCURVE('',#5955,#6332);
#6332 = DEFINITIONAL_REPRESENTATION('',(#6333),#6337);
#6333 = LINE('',#6334,#6335);
#6334 = CARTESIAN_POINT('',(-39.64,-44.27000000049));
#6335 = VECTOR('',#6336,1.);
#6336 = DIRECTION('',(-1.,-1.62884833425E-15));
#6337 = ( GEOMETRIC_REPRESENTATION_CONTEXT(2) 
PARAMETRIC_REPRESENTATION_CONTEXT() REPRESENTATION_CONTEXT('2D SPACE',''
  ) );
#6338 = PCURVE('',#3560,#6339);
#6339 = DEFINITIONAL_REPRESENTATION('',(#6340),#6344);
#6340 = LINE('',#6341,#6342);
#6341 = CARTESIAN_POINT('',(0.,0.));
#6342 = VECTOR('',#6343,1.);
#6343 = DIRECTION('',(1.,0.));
#6344 = ( GEOMETRIC_REPRESENTATION_CONTEXT(2) 
PARAMETRIC_REPRESENTATION_CONTEXT() REPRESENTATION_CONTEXT('2D SPACE',''
  ) );
#6345 = ORIENTED_EDGE('',*,*,#6346,.T.);
#6346 = EDGE_CURVE('',#6324,#6347,#6349,.T.);
#6347 = VERTEX_POINT('',#6348);
#6348 = CARTESIAN_POINT('',(38.300000000004,-16.07000000025,
    -28.19999999999));
#6349 = SURFACE_CURVE('',#6350,(#6355,#6366),.PCURVE_S1.);
#6350 = CIRCLE('',#6351,2.5);
#6351 = AXIS2_PLACEMENT_3D('',#6352,#6353,#6354);
#6352 = CARTESIAN_POINT('',(38.300000000004,-16.07000000025,
    -25.69999999999));
#6353 = DIRECTION('',(1.,-1.055180248732E-13,2.517430708338E-14));
#6354 = DIRECTION('',(2.517430708338E-14,-4.123090757702E-14,-1.));
#6355 = PCURVE('',#5955,#6356);
#6356 = DEFINITIONAL_REPRESENTATION('',(#6357),#6365);
#6357 = ( BOUNDED_CURVE() B_SPLINE_CURVE(2,(#6358,#6359,#6360,#6361,
#6362,#6363,#6364),.UNSPECIFIED.,.T.,.F.) B_SPLINE_CURVE_WITH_KNOTS((1,2
    ,2,2,2,1),(-2.094395102393,0.,2.094395102393,4.188790204786,
6.28318530718,8.377580409573),.UNSPECIFIED.) CURVE() 
GEOMETRIC_REPRESENTATION_ITEM() RATIONAL_B_SPLINE_CURVE((1.,0.5,1.,0.5,
1.,0.5,1.)) REPRESENTATION_ITEM('') );
#6358 = CARTESIAN_POINT('',(-44.26999999999,-41.77000000049));
#6359 = CARTESIAN_POINT('',(-44.26999999999,-37.43987298157));
#6360 = CARTESIAN_POINT('',(-40.51999999999,-39.60493649103));
#6361 = CARTESIAN_POINT('',(-36.76999999999,-41.77000000049));
#6362 = CARTESIAN_POINT('',(-40.51999999999,-43.93506350995));
#6363 = CARTESIAN_POINT('',(-44.26999999999,-46.10012701942));
#6364 = CARTESIAN_POINT('',(-44.26999999999,-41.77000000049));
#6365 = ( GEOMETRIC_REPRESENTATION_CONTEXT(2) 
PARAMETRIC_REPRESENTATION_CONTEXT() REPRESENTATION_CONTEXT('2D SPACE',''
  ) );
#6366 = PCURVE('',#3532,#6367);
#6367 = DEFINITIONAL_REPRESENTATION('',(#6368),#6372);
#6368 = LINE('',#6369,#6370);
#6369 = CARTESIAN_POINT('',(9.424777960769,1.42108547152E-14));
#6370 = VECTOR('',#6371,1.);
#6371 = DIRECTION('',(-1.,0.));
#6372 = ( GEOMETRIC_REPRESENTATION_CONTEXT(2) 
PARAMETRIC_REPRESENTATION_CONTEXT() REPRESENTATION_CONTEXT('2D SPACE',''
  ) );
#6373 = ORIENTED_EDGE('',*,*,#6374,.T.);
#6374 = EDGE_CURVE('',#6347,#6375,#6377,.T.);
#6375 = VERTEX_POINT('',#6376);
#6376 = CARTESIAN_POINT('',(38.300000000004,16.069999999247,-28.2));
#6377 = SURFACE_CURVE('',#6378,(#6382,#6389),.PCURVE_S1.);
#6378 = LINE('',#6379,#6380);
#6379 = CARTESIAN_POINT('',(38.300000000004,16.069999999247,-28.2));
#6380 = VECTOR('',#6381,1.);
#6381 = DIRECTION('',(1.055180248732E-13,1.,-4.209449113693E-14));
#6382 = PCURVE('',#5955,#6383);
#6383 = DEFINITIONAL_REPRESENTATION('',(#6384),#6388);
#6384 = LINE('',#6385,#6386);
#6385 = CARTESIAN_POINT('',(-44.27,-9.630000000998));
#6386 = VECTOR('',#6387,1.);
#6387 = DIRECTION('',(-8.635835599127E-16,1.));
#6388 = ( GEOMETRIC_REPRESENTATION_CONTEXT(2) 
PARAMETRIC_REPRESENTATION_CONTEXT() REPRESENTATION_CONTEXT('2D SPACE',''
  ) );
#6389 = PCURVE('',#3503,#6390);
#6390 = DEFINITIONAL_REPRESENTATION('',(#6391),#6395);
#6391 = LINE('',#6392,#6393);
#6392 = CARTESIAN_POINT('',(51.199999999996,39.669999999505));
#6393 = VECTOR('',#6394,1.);
#6394 = DIRECTION('',(-1.063203077638E-27,1.));
#6395 = ( GEOMETRIC_REPRESENTATION_CONTEXT(2) 
PARAMETRIC_REPRESENTATION_CONTEXT() REPRESENTATION_CONTEXT('2D SPACE',''
  ) );
#6396 = ORIENTED_EDGE('',*,*,#6397,.T.);
#6397 = EDGE_CURVE('',#6375,#6398,#6400,.T.);
#6398 = VERTEX_POINT('',#6399);
#6399 = CARTESIAN_POINT('',(38.300000000004,18.569999999247,-25.7));
#6400 = SURFACE_CURVE('',#6401,(#6406,#6417),.PCURVE_S1.);
#6401 = CIRCLE('',#6402,2.5);
#6402 = AXIS2_PLACEMENT_3D('',#6403,#6404,#6405);
#6403 = CARTESIAN_POINT('',(38.300000000004,16.069999999247,-25.7));
#6404 = DIRECTION('',(1.,-1.055180248732E-13,2.517430708338E-14));
#6405 = DIRECTION('',(-2.517430708338E-14,4.123090757702E-14,1.));
#6406 = PCURVE('',#5955,#6407);
#6407 = DEFINITIONAL_REPRESENTATION('',(#6408),#6416);
#6408 = ( BOUNDED_CURVE() B_SPLINE_CURVE(2,(#6409,#6410,#6411,#6412,
#6413,#6414,#6415),.UNSPECIFIED.,.T.,.F.) B_SPLINE_CURVE_WITH_KNOTS((1,2
    ,2,2,2,1),(-2.094395102393,0.,2.094395102393,4.188790204786,
6.28318530718,8.377580409573),.UNSPECIFIED.) CURVE() 
GEOMETRIC_REPRESENTATION_ITEM() RATIONAL_B_SPLINE_CURVE((1.,0.5,1.,0.5,
1.,0.5,1.)) REPRESENTATION_ITEM('') );
#6409 = CARTESIAN_POINT('',(-39.27,-9.630000000998));
#6410 = CARTESIAN_POINT('',(-39.27,-13.96012701992));
#6411 = CARTESIAN_POINT('',(-43.02,-11.79506351045));
#6412 = CARTESIAN_POINT('',(-46.77,-9.630000000998));
#6413 = CARTESIAN_POINT('',(-43.02,-7.464936491537));
#6414 = CARTESIAN_POINT('',(-39.27,-5.299872982076));
#6415 = CARTESIAN_POINT('',(-39.27,-9.630000000998));
#6416 = ( GEOMETRIC_REPRESENTATION_CONTEXT(2) 
PARAMETRIC_REPRESENTATION_CONTEXT() REPRESENTATION_CONTEXT('2D SPACE',''
  ) );
#6417 = PCURVE('',#3475,#6418);
#6418 = DEFINITIONAL_REPRESENTATION('',(#6419),#6423);
#6419 = LINE('',#6420,#6421);
#6420 = CARTESIAN_POINT('',(6.28318530718,7.105427357601E-14));
#6421 = VECTOR('',#6422,1.);
#6422 = DIRECTION('',(-1.,-1.809382218788E-14));
#6423 = ( GEOMETRIC_REPRESENTATION_CONTEXT(2) 
PARAMETRIC_REPRESENTATION_CONTEXT() REPRESENTATION_CONTEXT('2D SPACE',''
  ) );
#6424 = ORIENTED_EDGE('',*,*,#6425,.T.);
#6425 = EDGE_CURVE('',#6398,#6426,#6428,.T.);
#6426 = VERTEX_POINT('',#6427);
#6427 = CARTESIAN_POINT('',(38.300000000004,18.569999999247,-23.57));
#6428 = SURFACE_CURVE('',#6429,(#6433,#6440),.PCURVE_S1.);
#6429 = LINE('',#6430,#6431);
#6430 = CARTESIAN_POINT('',(38.300000000004,18.569999999247,-23.57));
#6431 = VECTOR('',#6432,1.);
#6432 = DIRECTION('',(-2.517430708338E-14,3.960205924277E-14,1.));
#6433 = PCURVE('',#5955,#6434);
#6434 = DEFINITIONAL_REPRESENTATION('',(#6435),#6439);
#6435 = LINE('',#6436,#6437);
#6436 = CARTESIAN_POINT('',(-39.64,-7.130000000998));
#6437 = VECTOR('',#6438,1.);
#6438 = DIRECTION('',(1.,-1.62884833425E-15));
#6439 = ( GEOMETRIC_REPRESENTATION_CONTEXT(2) 
PARAMETRIC_REPRESENTATION_CONTEXT() REPRESENTATION_CONTEXT('2D SPACE',''
  ) );
#6440 = PCURVE('',#3446,#6441);
#6441 = DEFINITIONAL_REPRESENTATION('',(#6442),#6446);
#6442 = LINE('',#6443,#6444);
#6443 = CARTESIAN_POINT('',(0.,0.));
#6444 = VECTOR('',#6445,1.);
#6445 = DIRECTION('',(1.,0.));
#6446 = ( GEOMETRIC_REPRESENTATION_CONTEXT(2) 
PARAMETRIC_REPRESENTATION_CONTEXT() REPRESENTATION_CONTEXT('2D SPACE',''
  ) );
#6447 = ORIENTED_EDGE('',*,*,#6448,.T.);
#6448 = EDGE_CURVE('',#6426,#6449,#6451,.T.);
#6449 = VERTEX_POINT('',#6450);
#6450 = CARTESIAN_POINT('',(38.300000000004,23.569999999247,-18.57));
#6451 = SURFACE_CURVE('',#6452,(#6457,#6464),.PCURVE_S1.);
#6452 = CIRCLE('',#6453,5.);
#6453 = AXIS2_PLACEMENT_3D('',#6454,#6455,#6456);
#6454 = CARTESIAN_POINT('',(38.300000000004,23.569999999247,-23.57));
#6455 = DIRECTION('',(-1.,1.055180248732E-13,-2.517430708338E-14));
#6456 = DIRECTION('',(-2.517430708338E-14,4.123090757702E-14,1.));
#6457 = PCURVE('',#5955,#6458);
#6458 = DEFINITIONAL_REPRESENTATION('',(#6459),#6463);
#6459 = CIRCLE('',#6460,5.);
#6460 = AXIS2_PLACEMENT_2D('',#6461,#6462);
#6461 = CARTESIAN_POINT('',(-39.64,-2.130000000998));
#6462 = DIRECTION('',(1.,0.));
#6463 = ( GEOMETRIC_REPRESENTATION_CONTEXT(2) 
PARAMETRIC_REPRESENTATION_CONTEXT() REPRESENTATION_CONTEXT('2D SPACE',''
  ) );
#6464 = PCURVE('',#3418,#6465);
#6465 = DEFINITIONAL_REPRESENTATION('',(#6466),#6470);
#6466 = LINE('',#6467,#6468);
#6467 = CARTESIAN_POINT('',(-4.440892098501E-15,-5.684341886081E-14));
#6468 = VECTOR('',#6469,1.);
#6469 = DIRECTION('',(1.,9.04691109394E-15));
#6470 = ( GEOMETRIC_REPRESENTATION_CONTEXT(2) 
PARAMETRIC_REPRESENTATION_CONTEXT() REPRESENTATION_CONTEXT('2D SPACE',''
  ) );
#6471 = ORIENTED_EDGE('',*,*,#6472,.T.);
#6472 = EDGE_CURVE('',#6449,#6473,#6475,.T.);
#6473 = VERTEX_POINT('',#6474);
#6474 = CARTESIAN_POINT('',(38.300000000005,25.700000000247,-18.57));
#6475 = SURFACE_CURVE('',#6476,(#6480,#6487),.PCURVE_S1.);
#6476 = LINE('',#6477,#6478);
#6477 = CARTESIAN_POINT('',(38.300000000004,23.569999999247,-18.57));
#6478 = VECTOR('',#6479,1.);
#6479 = DIRECTION('',(1.055180248732E-13,1.,-4.123090757701E-14));
#6480 = PCURVE('',#5955,#6481);
#6481 = DEFINITIONAL_REPRESENTATION('',(#6482),#6486);
#6482 = LINE('',#6483,#6484);
#6483 = CARTESIAN_POINT('',(-34.64,-2.130000000999));
#6484 = VECTOR('',#6485,1.);
#6485 = DIRECTION('',(7.345872749418E-27,1.));
#6486 = ( GEOMETRIC_REPRESENTATION_CONTEXT(2) 
PARAMETRIC_REPRESENTATION_CONTEXT() REPRESENTATION_CONTEXT('2D SPACE',''
  ) );
#6487 = PCURVE('',#3385,#6488);
#6488 = DEFINITIONAL_REPRESENTATION('',(#6489),#6493);
#6489 = LINE('',#6490,#6491);
#6490 = CARTESIAN_POINT('',(0.,0.));
#6491 = VECTOR('',#6492,1.);
#6492 = DIRECTION('',(-1.03795952867E-27,1.));
#6493 = ( GEOMETRIC_REPRESENTATION_CONTEXT(2) 
PARAMETRIC_REPRESENTATION_CONTEXT() REPRESENTATION_CONTEXT('2D SPACE',''
  ) );
#6494 = ORIENTED_EDGE('',*,*,#6495,.T.);
#6495 = EDGE_CURVE('',#6473,#6496,#6498,.T.);
#6496 = VERTEX_POINT('',#6497);
#6497 = CARTESIAN_POINT('',(38.300000000005,28.200000000247,-16.07));
#6498 = SURFACE_CURVE('',#6499,(#6504,#6515),.PCURVE_S1.);
#6499 = CIRCLE('',#6500,2.5);
#6500 = AXIS2_PLACEMENT_3D('',#6501,#6502,#6503);
#6501 = CARTESIAN_POINT('',(38.300000000005,25.700000000247,-16.07));
#6502 = DIRECTION('',(1.,-1.055180248732E-13,2.517430708338E-14));
#6503 = DIRECTION('',(2.517430708338E-14,-4.123090757702E-14,-1.));
#6504 = PCURVE('',#5955,#6505);
#6505 = DEFINITIONAL_REPRESENTATION('',(#6506),#6514);
#6506 = ( BOUNDED_CURVE() B_SPLINE_CURVE(2,(#6507,#6508,#6509,#6510,
#6511,#6512,#6513),.UNSPECIFIED.,.T.,.F.) B_SPLINE_CURVE_WITH_KNOTS((1,2
    ,2,2,2,1),(-2.094395102393,0.,2.094395102393,4.188790204786,
6.28318530718,8.377580409573),.UNSPECIFIED.) CURVE() 
GEOMETRIC_REPRESENTATION_ITEM() RATIONAL_B_SPLINE_CURVE((1.,0.5,1.,0.5,
1.,0.5,1.)) REPRESENTATION_ITEM('') );
#6507 = CARTESIAN_POINT('',(-34.64,1.325161369525E-12));
#6508 = CARTESIAN_POINT('',(-34.64,4.330127018924));
#6509 = CARTESIAN_POINT('',(-30.89,2.165063509462));
#6510 = CARTESIAN_POINT('',(-27.14,1.325773692925E-12));
#6511 = CARTESIAN_POINT('',(-30.89,-2.16506350946));
#6512 = CARTESIAN_POINT('',(-34.64,-4.330127018921));
#6513 = CARTESIAN_POINT('',(-34.64,1.325161369525E-12));
#6514 = ( GEOMETRIC_REPRESENTATION_CONTEXT(2) 
PARAMETRIC_REPRESENTATION_CONTEXT() REPRESENTATION_CONTEXT('2D SPACE',''
  ) );
#6515 = PCURVE('',#3357,#6516);
#6516 = DEFINITIONAL_REPRESENTATION('',(#6517),#6521);
#6517 = LINE('',#6518,#6519);
#6518 = CARTESIAN_POINT('',(3.14159265359,1.42108547152E-14));
#6519 = VECTOR('',#6520,1.);
#6520 = DIRECTION('',(-1.,-9.04691109394E-15));
#6521 = ( GEOMETRIC_REPRESENTATION_CONTEXT(2) 
PARAMETRIC_REPRESENTATION_CONTEXT() REPRESENTATION_CONTEXT('2D SPACE',''
  ) );
#6522 = ORIENTED_EDGE('',*,*,#6523,.T.);
#6523 = EDGE_CURVE('',#6496,#5944,#6524,.T.);
#6524 = SURFACE_CURVE('',#6525,(#6529,#6536),.PCURVE_S1.);
#6525 = LINE('',#6526,#6527);
#6526 = CARTESIAN_POINT('',(38.300000000005,28.200000000247,-16.07));
#6527 = VECTOR('',#6528,1.);
#6528 = DIRECTION('',(-2.517430708338E-14,4.166269935697E-14,1.));
#6529 = PCURVE('',#5955,#6530);
#6530 = DEFINITIONAL_REPRESENTATION('',(#6531),#6535);
#6531 = LINE('',#6532,#6533);
#6532 = CARTESIAN_POINT('',(-32.14,2.500000000001));
#6533 = VECTOR('',#6534,1.);
#6534 = DIRECTION('',(1.,4.3179177995E-16));
#6535 = ( GEOMETRIC_REPRESENTATION_CONTEXT(2) 
PARAMETRIC_REPRESENTATION_CONTEXT() REPRESENTATION_CONTEXT('2D SPACE',''
  ) );
#6536 = PCURVE('',#3328,#6537);
#6537 = DEFINITIONAL_REPRESENTATION('',(#6538),#6542);
#6538 = LINE('',#6539,#6540);
#6539 = CARTESIAN_POINT('',(7.529999999999,-51.2));
#6540 = VECTOR('',#6541,1.);
#6541 = DIRECTION('',(1.,5.99534287968E-29));
#6542 = ( GEOMETRIC_REPRESENTATION_CONTEXT(2) 
PARAMETRIC_REPRESENTATION_CONTEXT() REPRESENTATION_CONTEXT('2D SPACE',''
  ) );
#6543 = ADVANCED_FACE('',(#6544),#3882,.T.);
#6544 = FACE_BOUND('',#6545,.T.);
#6545 = EDGE_LOOP('',(#6546,#6547,#6568,#6569));
#6546 = ORIENTED_EDGE('',*,*,#3865,.F.);
#6547 = ORIENTED_EDGE('',*,*,#6548,.F.);
#6548 = EDGE_CURVE('',#6049,#3838,#6549,.T.);
#6549 = SURFACE_CURVE('',#6550,(#6554,#6561),.PCURVE_S1.);
#6550 = LINE('',#6551,#6552);
#6551 = CARTESIAN_POINT('',(38.299999999995,16.069999999247,
    28.199999999996));
#6552 = VECTOR('',#6553,1.);
#6553 = DIRECTION('',(-1.,1.055180248732E-13,-2.517430708338E-14));
#6554 = PCURVE('',#3882,#6555);
#6555 = DEFINITIONAL_REPRESENTATION('',(#6556),#6560);
#6556 = LINE('',#6557,#6558);
#6557 = CARTESIAN_POINT('',(0.,-5.684341886081E-14));
#6558 = VECTOR('',#6559,1.);
#6559 = DIRECTION('',(0.,1.));
#6560 = ( GEOMETRIC_REPRESENTATION_CONTEXT(2) 
PARAMETRIC_REPRESENTATION_CONTEXT() REPRESENTATION_CONTEXT('2D SPACE',''
  ) );
#6561 = PCURVE('',#3853,#6562);
#6562 = DEFINITIONAL_REPRESENTATION('',(#6563),#6567);
#6563 = LINE('',#6564,#6565);
#6564 = CARTESIAN_POINT('',(-51.19999999999,39.669999999505));
#6565 = VECTOR('',#6566,1.);
#6566 = DIRECTION('',(1.,2.974021020506E-30));
#6567 = ( GEOMETRIC_REPRESENTATION_CONTEXT(2) 
PARAMETRIC_REPRESENTATION_CONTEXT() REPRESENTATION_CONTEXT('2D SPACE',''
  ) );
#6568 = ORIENTED_EDGE('',*,*,#6048,.F.);
#6569 = ORIENTED_EDGE('',*,*,#6570,.T.);
#6570 = EDGE_CURVE('',#6026,#3866,#6571,.T.);
#6571 = SURFACE_CURVE('',#6572,(#6576,#6583),.PCURVE_S1.);
#6572 = LINE('',#6573,#6574);
#6573 = CARTESIAN_POINT('',(38.299999999995,18.569999999247,
    25.699999999996));
#6574 = VECTOR('',#6575,1.);
#6575 = DIRECTION('',(-1.,1.055180248732E-13,-2.517430708338E-14));
#6576 = PCURVE('',#3882,#6577);
#6577 = DEFINITIONAL_REPRESENTATION('',(#6578),#6582);
#6578 = LINE('',#6579,#6580);
#6579 = CARTESIAN_POINT('',(1.570796326795,2.557953848736E-13));
#6580 = VECTOR('',#6581,1.);
#6581 = DIRECTION('',(0.,1.));
#6582 = ( GEOMETRIC_REPRESENTATION_CONTEXT(2) 
PARAMETRIC_REPRESENTATION_CONTEXT() REPRESENTATION_CONTEXT('2D SPACE',''
  ) );
#6583 = PCURVE('',#3910,#6584);
#6584 = DEFINITIONAL_REPRESENTATION('',(#6585),#6589);
#6585 = LINE('',#6586,#6587);
#6586 = CARTESIAN_POINT('',(2.13,-5.36212740876E-14));
#6587 = VECTOR('',#6588,1.);
#6588 = DIRECTION('',(4.521750708727E-27,1.));
#6589 = ( GEOMETRIC_REPRESENTATION_CONTEXT(2) 
PARAMETRIC_REPRESENTATION_CONTEXT() REPRESENTATION_CONTEXT('2D SPACE',''
  ) );
#6590 = ADVANCED_FACE('',(#6591),#3910,.F.);
#6591 = FACE_BOUND('',#6592,.T.);
#6592 = EDGE_LOOP('',(#6593,#6594,#6595,#6596));
#6593 = ORIENTED_EDGE('',*,*,#3894,.F.);
#6594 = ORIENTED_EDGE('',*,*,#6570,.F.);
#6595 = ORIENTED_EDGE('',*,*,#6025,.F.);
#6596 = ORIENTED_EDGE('',*,*,#6597,.T.);
#6597 = EDGE_CURVE('',#6002,#3895,#6598,.T.);
#6598 = SURFACE_CURVE('',#6599,(#6603,#6610),.PCURVE_S1.);
#6599 = LINE('',#6600,#6601);
#6600 = CARTESIAN_POINT('',(38.299999999995,18.569999999247,
    23.569999999996));
#6601 = VECTOR('',#6602,1.);
#6602 = DIRECTION('',(-1.,1.055180248732E-13,-2.517430708338E-14));
#6603 = PCURVE('',#3910,#6604);
#6604 = DEFINITIONAL_REPRESENTATION('',(#6605),#6609);
#6605 = LINE('',#6606,#6607);
#6606 = CARTESIAN_POINT('',(0.,0.));
#6607 = VECTOR('',#6608,1.);
#6608 = DIRECTION('',(4.521750708727E-27,1.));
#6609 = ( GEOMETRIC_REPRESENTATION_CONTEXT(2) 
PARAMETRIC_REPRESENTATION_CONTEXT() REPRESENTATION_CONTEXT('2D SPACE',''
  ) );
#6610 = PCURVE('',#3943,#6611);
#6611 = DEFINITIONAL_REPRESENTATION('',(#6612),#6616);
#6612 = LINE('',#6613,#6614);
#6613 = CARTESIAN_POINT('',(4.712388980385,-5.400124791777E-13));
#6614 = VECTOR('',#6615,1.);
#6615 = DIRECTION('',(0.,1.));
#6616 = ( GEOMETRIC_REPRESENTATION_CONTEXT(2) 
PARAMETRIC_REPRESENTATION_CONTEXT() REPRESENTATION_CONTEXT('2D SPACE',''
  ) );
#6617 = ADVANCED_FACE('',(#6618),#3943,.F.);
#6618 = FACE_BOUND('',#6619,.F.);
#6619 = EDGE_LOOP('',(#6620,#6621,#6642,#6643));
#6620 = ORIENTED_EDGE('',*,*,#3922,.T.);
#6621 = ORIENTED_EDGE('',*,*,#6622,.F.);
#6622 = EDGE_CURVE('',#5979,#3923,#6623,.T.);
#6623 = SURFACE_CURVE('',#6624,(#6628,#6635),.PCURVE_S1.);
#6624 = LINE('',#6625,#6626);
#6625 = CARTESIAN_POINT('',(38.299999999995,23.569999999247,
    18.569999999996));
#6626 = VECTOR('',#6627,1.);
#6627 = DIRECTION('',(-1.,1.055180248732E-13,-2.517430708338E-14));
#6628 = PCURVE('',#3943,#6629);
#6629 = DEFINITIONAL_REPRESENTATION('',(#6630),#6634);
#6630 = LINE('',#6631,#6632);
#6631 = CARTESIAN_POINT('',(3.14159265359,1.278976924368E-13));
#6632 = VECTOR('',#6633,1.);
#6633 = DIRECTION('',(0.,1.));
#6634 = ( GEOMETRIC_REPRESENTATION_CONTEXT(2) 
PARAMETRIC_REPRESENTATION_CONTEXT() REPRESENTATION_CONTEXT('2D SPACE',''
  ) );
#6635 = PCURVE('',#3969,#6636);
#6636 = DEFINITIONAL_REPRESENTATION('',(#6637),#6641);
#6637 = LINE('',#6638,#6639);
#6638 = CARTESIAN_POINT('',(0.,0.));
#6639 = VECTOR('',#6640,1.);
#6640 = DIRECTION('',(1.,2.974021020506E-30));
#6641 = ( GEOMETRIC_REPRESENTATION_CONTEXT(2) 
PARAMETRIC_REPRESENTATION_CONTEXT() REPRESENTATION_CONTEXT('2D SPACE',''
  ) );
#6642 = ORIENTED_EDGE('',*,*,#6001,.T.);
#6643 = ORIENTED_EDGE('',*,*,#6597,.T.);
#6644 = ADVANCED_FACE('',(#6645),#3969,.F.);
#6645 = FACE_BOUND('',#6646,.T.);
#6646 = EDGE_LOOP('',(#6647,#6648,#6649,#6650));
#6647 = ORIENTED_EDGE('',*,*,#3955,.F.);
#6648 = ORIENTED_EDGE('',*,*,#6622,.F.);
#6649 = ORIENTED_EDGE('',*,*,#5978,.F.);
#6650 = ORIENTED_EDGE('',*,*,#6651,.T.);
#6651 = EDGE_CURVE('',#5946,#3277,#6652,.T.);
#6652 = SURFACE_CURVE('',#6653,(#6657,#6664),.PCURVE_S1.);
#6653 = LINE('',#6654,#6655);
#6654 = CARTESIAN_POINT('',(38.299999999995,25.700000000247,
    18.569999999996));
#6655 = VECTOR('',#6656,1.);
#6656 = DIRECTION('',(-1.,1.055180248732E-13,-2.517430708338E-14));
#6657 = PCURVE('',#3969,#6658);
#6658 = DEFINITIONAL_REPRESENTATION('',(#6659),#6663);
#6659 = LINE('',#6660,#6661);
#6660 = CARTESIAN_POINT('',(2.247533930854E-13,2.130000001));
#6661 = VECTOR('',#6662,1.);
#6662 = DIRECTION('',(1.,2.974021020506E-30));
#6663 = ( GEOMETRIC_REPRESENTATION_CONTEXT(2) 
PARAMETRIC_REPRESENTATION_CONTEXT() REPRESENTATION_CONTEXT('2D SPACE',''
  ) );
#6664 = PCURVE('',#3300,#6665);
#6665 = DEFINITIONAL_REPRESENTATION('',(#6666),#6670);
#6666 = LINE('',#6667,#6668);
#6667 = CARTESIAN_POINT('',(0.,-5.684341886081E-14));
#6668 = VECTOR('',#6669,1.);
#6669 = DIRECTION('',(0.,1.));
#6670 = ( GEOMETRIC_REPRESENTATION_CONTEXT(2) 
PARAMETRIC_REPRESENTATION_CONTEXT() REPRESENTATION_CONTEXT('2D SPACE',''
  ) );
#6671 = ADVANCED_FACE('',(#6672),#3300,.T.);
#6672 = FACE_BOUND('',#6673,.T.);
#6673 = EDGE_LOOP('',(#6674,#6675,#6676,#6677));
#6674 = ORIENTED_EDGE('',*,*,#3276,.F.);
#6675 = ORIENTED_EDGE('',*,*,#6651,.F.);
#6676 = ORIENTED_EDGE('',*,*,#5943,.F.);
#6677 = ORIENTED_EDGE('',*,*,#6678,.T.);
#6678 = EDGE_CURVE('',#5944,#3279,#6679,.T.);
#6679 = SURFACE_CURVE('',#6680,(#6684,#6691),.PCURVE_S1.);
#6680 = LINE('',#6681,#6682);
#6681 = CARTESIAN_POINT('',(38.299999999995,28.200000000247,
    16.069999999996));
#6682 = VECTOR('',#6683,1.);
#6683 = DIRECTION('',(-1.,1.055180248732E-13,-2.517430708338E-14));
#6684 = PCURVE('',#3300,#6685);
#6685 = DEFINITIONAL_REPRESENTATION('',(#6686),#6690);
#6686 = LINE('',#6687,#6688);
#6687 = CARTESIAN_POINT('',(1.570796326795,2.700062395888E-13));
#6688 = VECTOR('',#6689,1.);
#6689 = DIRECTION('',(0.,1.));
#6690 = ( GEOMETRIC_REPRESENTATION_CONTEXT(2) 
PARAMETRIC_REPRESENTATION_CONTEXT() REPRESENTATION_CONTEXT('2D SPACE',''
  ) );
#6691 = PCURVE('',#3328,#6692);
#6692 = DEFINITIONAL_REPRESENTATION('',(#6693),#6697);
#6693 = LINE('',#6694,#6695);
#6694 = CARTESIAN_POINT('',(39.669999999999,-51.19999999999));
#6695 = VECTOR('',#6696,1.);
#6696 = DIRECTION('',(4.335579535095E-27,1.));
#6697 = ( GEOMETRIC_REPRESENTATION_CONTEXT(2) 
PARAMETRIC_REPRESENTATION_CONTEXT() REPRESENTATION_CONTEXT('2D SPACE',''
  ) );
#6698 = ADVANCED_FACE('',(#6699),#3707,.T.);
#6699 = FACE_BOUND('',#6700,.T.);
#6700 = EDGE_LOOP('',(#6701,#6702,#6723,#6724));
#6701 = ORIENTED_EDGE('',*,*,#3690,.F.);
#6702 = ORIENTED_EDGE('',*,*,#6703,.F.);
#6703 = EDGE_CURVE('',#6198,#3663,#6704,.T.);
#6704 = SURFACE_CURVE('',#6705,(#6709,#6716),.PCURVE_S1.);
#6705 = LINE('',#6706,#6707);
#6706 = CARTESIAN_POINT('',(38.299999999995,-28.20000000025,
    16.069999999996));
#6707 = VECTOR('',#6708,1.);
#6708 = DIRECTION('',(-1.,1.055180248732E-13,-2.517430708338E-14));
#6709 = PCURVE('',#3707,#6710);
#6710 = DEFINITIONAL_REPRESENTATION('',(#6711),#6715);
#6711 = LINE('',#6712,#6713);
#6712 = CARTESIAN_POINT('',(4.712388980385,-2.700062395888E-13));
#6713 = VECTOR('',#6714,1.);
#6714 = DIRECTION('',(0.,1.));
#6715 = ( GEOMETRIC_REPRESENTATION_CONTEXT(2) 
PARAMETRIC_REPRESENTATION_CONTEXT() REPRESENTATION_CONTEXT('2D SPACE',''
  ) );
#6716 = PCURVE('',#3678,#6717);
#6717 = DEFINITIONAL_REPRESENTATION('',(#6718),#6722);
#6718 = LINE('',#6719,#6720);
#6719 = CARTESIAN_POINT('',(-39.66999999999,-51.19999999999));
#6720 = VECTOR('',#6721,1.);
#6721 = DIRECTION('',(-4.335579535095E-27,1.));
#6722 = ( GEOMETRIC_REPRESENTATION_CONTEXT(2) 
PARAMETRIC_REPRESENTATION_CONTEXT() REPRESENTATION_CONTEXT('2D SPACE',''
  ) );
#6723 = ORIENTED_EDGE('',*,*,#6197,.F.);
#6724 = ORIENTED_EDGE('',*,*,#6725,.T.);
#6725 = EDGE_CURVE('',#6175,#3691,#6726,.T.);
#6726 = SURFACE_CURVE('',#6727,(#6731,#6738),.PCURVE_S1.);
#6727 = LINE('',#6728,#6729);
#6728 = CARTESIAN_POINT('',(38.299999999995,-25.70000000025,
    18.569999999996));
#6729 = VECTOR('',#6730,1.);
#6730 = DIRECTION('',(-1.,1.055180248732E-13,-2.517430708338E-14));
#6731 = PCURVE('',#3707,#6732);
#6732 = DEFINITIONAL_REPRESENTATION('',(#6733),#6737);
#6733 = LINE('',#6734,#6735);
#6734 = CARTESIAN_POINT('',(6.28318530718,-5.684341886081E-14));
#6735 = VECTOR('',#6736,1.);
#6736 = DIRECTION('',(0.,1.));
#6737 = ( GEOMETRIC_REPRESENTATION_CONTEXT(2) 
PARAMETRIC_REPRESENTATION_CONTEXT() REPRESENTATION_CONTEXT('2D SPACE',''
  ) );
#6738 = PCURVE('',#3735,#6739);
#6739 = DEFINITIONAL_REPRESENTATION('',(#6740),#6744);
#6740 = LINE('',#6741,#6742);
#6741 = CARTESIAN_POINT('',(-2.247533929799E-13,-2.13));
#6742 = VECTOR('',#6743,1.);
#6743 = DIRECTION('',(1.,2.974021020506E-30));
#6744 = ( GEOMETRIC_REPRESENTATION_CONTEXT(2) 
PARAMETRIC_REPRESENTATION_CONTEXT() REPRESENTATION_CONTEXT('2D SPACE',''
  ) );
#6745 = ADVANCED_FACE('',(#6746),#3735,.F.);
#6746 = FACE_BOUND('',#6747,.T.);
#6747 = EDGE_LOOP('',(#6748,#6749,#6750,#6751));
#6748 = ORIENTED_EDGE('',*,*,#3719,.F.);
#6749 = ORIENTED_EDGE('',*,*,#6725,.F.);
#6750 = ORIENTED_EDGE('',*,*,#6174,.F.);
#6751 = ORIENTED_EDGE('',*,*,#6752,.T.);
#6752 = EDGE_CURVE('',#6151,#3720,#6753,.T.);
#6753 = SURFACE_CURVE('',#6754,(#6758,#6765),.PCURVE_S1.);
#6754 = LINE('',#6755,#6756);
#6755 = CARTESIAN_POINT('',(38.299999999995,-23.57000000025,
    18.569999999996));
#6756 = VECTOR('',#6757,1.);
#6757 = DIRECTION('',(-1.,1.055180248732E-13,-2.517430708338E-14));
#6758 = PCURVE('',#3735,#6759);
#6759 = DEFINITIONAL_REPRESENTATION('',(#6760),#6764);
#6760 = LINE('',#6761,#6762);
#6761 = CARTESIAN_POINT('',(0.,0.));
#6762 = VECTOR('',#6763,1.);
#6763 = DIRECTION('',(1.,2.974021020506E-30));
#6764 = ( GEOMETRIC_REPRESENTATION_CONTEXT(2) 
PARAMETRIC_REPRESENTATION_CONTEXT() REPRESENTATION_CONTEXT('2D SPACE',''
  ) );
#6765 = PCURVE('',#3768,#6766);
#6766 = DEFINITIONAL_REPRESENTATION('',(#6767),#6771);
#6767 = LINE('',#6768,#6769);
#6768 = CARTESIAN_POINT('',(3.14159265359,1.278976924368E-13));
#6769 = VECTOR('',#6770,1.);
#6770 = DIRECTION('',(0.,1.));
#6771 = ( GEOMETRIC_REPRESENTATION_CONTEXT(2) 
PARAMETRIC_REPRESENTATION_CONTEXT() REPRESENTATION_CONTEXT('2D SPACE',''
  ) );
#6772 = ADVANCED_FACE('',(#6773),#3768,.F.);
#6773 = FACE_BOUND('',#6774,.F.);
#6774 = EDGE_LOOP('',(#6775,#6776,#6797,#6798));
#6775 = ORIENTED_EDGE('',*,*,#3747,.T.);
#6776 = ORIENTED_EDGE('',*,*,#6777,.F.);
#6777 = EDGE_CURVE('',#6128,#3748,#6778,.T.);
#6778 = SURFACE_CURVE('',#6779,(#6783,#6790),.PCURVE_S1.);
#6779 = LINE('',#6780,#6781);
#6780 = CARTESIAN_POINT('',(38.299999999995,-18.57000000025,
    23.569999999996));
#6781 = VECTOR('',#6782,1.);
#6782 = DIRECTION('',(-1.,1.055180248732E-13,-2.517430708338E-14));
#6783 = PCURVE('',#3768,#6784);
#6784 = DEFINITIONAL_REPRESENTATION('',(#6785),#6789);
#6785 = LINE('',#6786,#6787);
#6786 = CARTESIAN_POINT('',(1.570796326795,5.400124791777E-13));
#6787 = VECTOR('',#6788,1.);
#6788 = DIRECTION('',(0.,1.));
#6789 = ( GEOMETRIC_REPRESENTATION_CONTEXT(2) 
PARAMETRIC_REPRESENTATION_CONTEXT() REPRESENTATION_CONTEXT('2D SPACE',''
  ) );
#6790 = PCURVE('',#3796,#6791);
#6791 = DEFINITIONAL_REPRESENTATION('',(#6792),#6796);
#6792 = LINE('',#6793,#6794);
#6793 = CARTESIAN_POINT('',(0.,0.));
#6794 = VECTOR('',#6795,1.);
#6795 = DIRECTION('',(-4.17780735405E-27,1.));
#6796 = ( GEOMETRIC_REPRESENTATION_CONTEXT(2) 
PARAMETRIC_REPRESENTATION_CONTEXT() REPRESENTATION_CONTEXT('2D SPACE',''
  ) );
#6797 = ORIENTED_EDGE('',*,*,#6150,.T.);
#6798 = ORIENTED_EDGE('',*,*,#6752,.T.);
#6799 = ADVANCED_FACE('',(#6800),#3796,.F.);
#6800 = FACE_BOUND('',#6801,.T.);
#6801 = EDGE_LOOP('',(#6802,#6803,#6804,#6805));
#6802 = ORIENTED_EDGE('',*,*,#3780,.F.);
#6803 = ORIENTED_EDGE('',*,*,#6777,.F.);
#6804 = ORIENTED_EDGE('',*,*,#6127,.F.);
#6805 = ORIENTED_EDGE('',*,*,#6806,.T.);
#6806 = EDGE_CURVE('',#6100,#3781,#6807,.T.);
#6807 = SURFACE_CURVE('',#6808,(#6812,#6819),.PCURVE_S1.);
#6808 = LINE('',#6809,#6810);
#6809 = CARTESIAN_POINT('',(38.299999999995,-18.57000000025,
    25.699999999996));
#6810 = VECTOR('',#6811,1.);
#6811 = DIRECTION('',(-1.,1.055180248732E-13,-2.517430708338E-14));
#6812 = PCURVE('',#3796,#6813);
#6813 = DEFINITIONAL_REPRESENTATION('',(#6814),#6818);
#6814 = LINE('',#6815,#6816);
#6815 = CARTESIAN_POINT('',(-2.13,-5.36212740876E-14));
#6816 = VECTOR('',#6817,1.);
#6817 = DIRECTION('',(-4.17780735405E-27,1.));
#6818 = ( GEOMETRIC_REPRESENTATION_CONTEXT(2) 
PARAMETRIC_REPRESENTATION_CONTEXT() REPRESENTATION_CONTEXT('2D SPACE',''
  ) );
#6819 = PCURVE('',#3825,#6820);
#6820 = DEFINITIONAL_REPRESENTATION('',(#6821),#6825);
#6821 = LINE('',#6822,#6823);
#6822 = CARTESIAN_POINT('',(4.712388980385,-2.557953848736E-13));
#6823 = VECTOR('',#6824,1.);
#6824 = DIRECTION('',(0.,1.));
#6825 = ( GEOMETRIC_REPRESENTATION_CONTEXT(2) 
PARAMETRIC_REPRESENTATION_CONTEXT() REPRESENTATION_CONTEXT('2D SPACE',''
  ) );
#6826 = ADVANCED_FACE('',(#6827),#3825,.T.);
#6827 = FACE_BOUND('',#6828,.T.);
#6828 = EDGE_LOOP('',(#6829,#6830,#6831,#6832));
#6829 = ORIENTED_EDGE('',*,*,#3808,.F.);
#6830 = ORIENTED_EDGE('',*,*,#6806,.F.);
#6831 = ORIENTED_EDGE('',*,*,#6099,.F.);
#6832 = ORIENTED_EDGE('',*,*,#6833,.T.);
#6833 = EDGE_CURVE('',#6077,#3809,#6834,.T.);
#6834 = SURFACE_CURVE('',#6835,(#6839,#6846),.PCURVE_S1.);
#6835 = LINE('',#6836,#6837);
#6836 = CARTESIAN_POINT('',(38.299999999995,-16.07000000025,
    28.199999999996));
#6837 = VECTOR('',#6838,1.);
#6838 = DIRECTION('',(-1.,1.055180248732E-13,-2.517430708338E-14));
#6839 = PCURVE('',#3825,#6840);
#6840 = DEFINITIONAL_REPRESENTATION('',(#6841),#6845);
#6841 = LINE('',#6842,#6843);
#6842 = CARTESIAN_POINT('',(6.28318530718,-5.684341886081E-14));
#6843 = VECTOR('',#6844,1.);
#6844 = DIRECTION('',(0.,1.));
#6845 = ( GEOMETRIC_REPRESENTATION_CONTEXT(2) 
PARAMETRIC_REPRESENTATION_CONTEXT() REPRESENTATION_CONTEXT('2D SPACE',''
  ) );
#6846 = PCURVE('',#3853,#6847);
#6847 = DEFINITIONAL_REPRESENTATION('',(#6848),#6852);
#6848 = LINE('',#6849,#6850);
#6849 = CARTESIAN_POINT('',(-51.2,7.530000000005));
#6850 = VECTOR('',#6851,1.);
#6851 = DIRECTION('',(1.,2.974021020506E-30));
#6852 = ( GEOMETRIC_REPRESENTATION_CONTEXT(2) 
PARAMETRIC_REPRESENTATION_CONTEXT() REPRESENTATION_CONTEXT('2D SPACE',''
  ) );
#6853 = ADVANCED_FACE('',(#6854),#3532,.T.);
#6854 = FACE_BOUND('',#6855,.T.);
#6855 = EDGE_LOOP('',(#6856,#6857,#6878,#6879));
#6856 = ORIENTED_EDGE('',*,*,#3515,.F.);
#6857 = ORIENTED_EDGE('',*,*,#6858,.F.);
#6858 = EDGE_CURVE('',#6347,#3488,#6859,.T.);
#6859 = SURFACE_CURVE('',#6860,(#6864,#6871),.PCURVE_S1.);
#6860 = LINE('',#6861,#6862);
#6861 = CARTESIAN_POINT('',(38.300000000004,-16.07000000025,
    -28.19999999999));
#6862 = VECTOR('',#6863,1.);
#6863 = DIRECTION('',(-1.,1.055180248732E-13,-2.517430708338E-14));
#6864 = PCURVE('',#3532,#6865);
#6865 = DEFINITIONAL_REPRESENTATION('',(#6866),#6870);
#6866 = LINE('',#6867,#6868);
#6867 = CARTESIAN_POINT('',(3.14159265359,7.105427357601E-14));
#6868 = VECTOR('',#6869,1.);
#6869 = DIRECTION('',(0.,1.));
#6870 = ( GEOMETRIC_REPRESENTATION_CONTEXT(2) 
PARAMETRIC_REPRESENTATION_CONTEXT() REPRESENTATION_CONTEXT('2D SPACE',''
  ) );
#6871 = PCURVE('',#3503,#6872);
#6872 = DEFINITIONAL_REPRESENTATION('',(#6873),#6877);
#6873 = LINE('',#6874,#6875);
#6874 = CARTESIAN_POINT('',(51.199999999999,7.530000000005));
#6875 = VECTOR('',#6876,1.);
#6876 = DIRECTION('',(-1.,2.974021020506E-30));
#6877 = ( GEOMETRIC_REPRESENTATION_CONTEXT(2) 
PARAMETRIC_REPRESENTATION_CONTEXT() REPRESENTATION_CONTEXT('2D SPACE',''
  ) );
#6878 = ORIENTED_EDGE('',*,*,#6346,.F.);
#6879 = ORIENTED_EDGE('',*,*,#6880,.T.);
#6880 = EDGE_CURVE('',#6324,#3516,#6881,.T.);
#6881 = SURFACE_CURVE('',#6882,(#6886,#6893),.PCURVE_S1.);
#6882 = LINE('',#6883,#6884);
#6883 = CARTESIAN_POINT('',(38.300000000004,-18.57000000025,
    -25.69999999999));
#6884 = VECTOR('',#6885,1.);
#6885 = DIRECTION('',(-1.,1.055180248732E-13,-2.517430708338E-14));
#6886 = PCURVE('',#3532,#6887);
#6887 = DEFINITIONAL_REPRESENTATION('',(#6888),#6892);
#6888 = LINE('',#6889,#6890);
#6889 = CARTESIAN_POINT('',(4.712388980385,-2.557953848736E-13));
#6890 = VECTOR('',#6891,1.);
#6891 = DIRECTION('',(0.,1.));
#6892 = ( GEOMETRIC_REPRESENTATION_CONTEXT(2) 
PARAMETRIC_REPRESENTATION_CONTEXT() REPRESENTATION_CONTEXT('2D SPACE',''
  ) );
#6893 = PCURVE('',#3560,#6894);
#6894 = DEFINITIONAL_REPRESENTATION('',(#6895),#6899);
#6895 = LINE('',#6896,#6897);
#6896 = CARTESIAN_POINT('',(2.12999999999,5.362127408735E-14));
#6897 = VECTOR('',#6898,1.);
#6898 = DIRECTION('',(-4.521750708727E-27,1.));
#6899 = ( GEOMETRIC_REPRESENTATION_CONTEXT(2) 
PARAMETRIC_REPRESENTATION_CONTEXT() REPRESENTATION_CONTEXT('2D SPACE',''
  ) );
#6900 = ADVANCED_FACE('',(#6901),#3560,.F.);
#6901 = FACE_BOUND('',#6902,.T.);
#6902 = EDGE_LOOP('',(#6903,#6904,#6905,#6906));
#6903 = ORIENTED_EDGE('',*,*,#3544,.F.);
#6904 = ORIENTED_EDGE('',*,*,#6880,.F.);
#6905 = ORIENTED_EDGE('',*,*,#6323,.F.);
#6906 = ORIENTED_EDGE('',*,*,#6907,.T.);
#6907 = EDGE_CURVE('',#6300,#3545,#6908,.T.);
#6908 = SURFACE_CURVE('',#6909,(#6913,#6920),.PCURVE_S1.);
#6909 = LINE('',#6910,#6911);
#6910 = CARTESIAN_POINT('',(38.300000000004,-18.57000000025,-23.57));
#6911 = VECTOR('',#6912,1.);
#6912 = DIRECTION('',(-1.,1.055180248732E-13,-2.517430708338E-14));
#6913 = PCURVE('',#3560,#6914);
#6914 = DEFINITIONAL_REPRESENTATION('',(#6915),#6919);
#6915 = LINE('',#6916,#6917);
#6916 = CARTESIAN_POINT('',(0.,0.));
#6917 = VECTOR('',#6918,1.);
#6918 = DIRECTION('',(-4.521750708727E-27,1.));
#6919 = ( GEOMETRIC_REPRESENTATION_CONTEXT(2) 
PARAMETRIC_REPRESENTATION_CONTEXT() REPRESENTATION_CONTEXT('2D SPACE',''
  ) );
#6920 = PCURVE('',#3593,#6921);
#6921 = DEFINITIONAL_REPRESENTATION('',(#6922),#6926);
#6922 = LINE('',#6923,#6924);
#6923 = CARTESIAN_POINT('',(1.570796326795,5.400124791777E-13));
#6924 = VECTOR('',#6925,1.);
#6925 = DIRECTION('',(0.,1.));
#6926 = ( GEOMETRIC_REPRESENTATION_CONTEXT(2) 
PARAMETRIC_REPRESENTATION_CONTEXT() REPRESENTATION_CONTEXT('2D SPACE',''
  ) );
#6927 = ADVANCED_FACE('',(#6928),#3593,.F.);
#6928 = FACE_BOUND('',#6929,.F.);
#6929 = EDGE_LOOP('',(#6930,#6931,#6952,#6953));
#6930 = ORIENTED_EDGE('',*,*,#3572,.T.);
#6931 = ORIENTED_EDGE('',*,*,#6932,.F.);
#6932 = EDGE_CURVE('',#6277,#3573,#6933,.T.);
#6933 = SURFACE_CURVE('',#6934,(#6938,#6945),.PCURVE_S1.);
#6934 = LINE('',#6935,#6936);
#6935 = CARTESIAN_POINT('',(38.300000000004,-23.57000000025,-18.57));
#6936 = VECTOR('',#6937,1.);
#6937 = DIRECTION('',(-1.,1.055180248732E-13,-2.517430708338E-14));
#6938 = PCURVE('',#3593,#6939);
#6939 = DEFINITIONAL_REPRESENTATION('',(#6940),#6944);
#6940 = LINE('',#6941,#6942);
#6941 = CARTESIAN_POINT('',(0.,-1.278976924368E-13));
#6942 = VECTOR('',#6943,1.);
#6943 = DIRECTION('',(0.,1.));
#6944 = ( GEOMETRIC_REPRESENTATION_CONTEXT(2) 
PARAMETRIC_REPRESENTATION_CONTEXT() REPRESENTATION_CONTEXT('2D SPACE',''
  ) );
#6945 = PCURVE('',#3621,#6946);
#6946 = DEFINITIONAL_REPRESENTATION('',(#6947),#6951);
#6947 = LINE('',#6948,#6949);
#6948 = CARTESIAN_POINT('',(0.,0.));
#6949 = VECTOR('',#6950,1.);
#6950 = DIRECTION('',(-1.,2.974021020506E-30));
#6951 = ( GEOMETRIC_REPRESENTATION_CONTEXT(2) 
PARAMETRIC_REPRESENTATION_CONTEXT() REPRESENTATION_CONTEXT('2D SPACE',''
  ) );
#6952 = ORIENTED_EDGE('',*,*,#6299,.T.);
#6953 = ORIENTED_EDGE('',*,*,#6907,.T.);
#6954 = ADVANCED_FACE('',(#6955),#3621,.F.);
#6955 = FACE_BOUND('',#6956,.T.);
#6956 = EDGE_LOOP('',(#6957,#6958,#6959,#6960));
#6957 = ORIENTED_EDGE('',*,*,#3605,.F.);
#6958 = ORIENTED_EDGE('',*,*,#6932,.F.);
#6959 = ORIENTED_EDGE('',*,*,#6276,.F.);
#6960 = ORIENTED_EDGE('',*,*,#6961,.T.);
#6961 = EDGE_CURVE('',#6249,#3606,#6962,.T.);
#6962 = SURFACE_CURVE('',#6963,(#6967,#6974),.PCURVE_S1.);
#6963 = LINE('',#6964,#6965);
#6964 = CARTESIAN_POINT('',(38.300000000004,-25.70000000025,-18.57));
#6965 = VECTOR('',#6966,1.);
#6966 = DIRECTION('',(-1.,1.055180248732E-13,-2.517430708338E-14));
#6967 = PCURVE('',#3621,#6968);
#6968 = DEFINITIONAL_REPRESENTATION('',(#6969),#6973);
#6969 = LINE('',#6970,#6971);
#6970 = CARTESIAN_POINT('',(2.247533929799E-13,-2.13));
#6971 = VECTOR('',#6972,1.);
#6972 = DIRECTION('',(-1.,2.974021020506E-30));
#6973 = ( GEOMETRIC_REPRESENTATION_CONTEXT(2) 
PARAMETRIC_REPRESENTATION_CONTEXT() REPRESENTATION_CONTEXT('2D SPACE',''
  ) );
#6974 = PCURVE('',#3650,#6975);
#6975 = DEFINITIONAL_REPRESENTATION('',(#6976),#6980);
#6976 = LINE('',#6977,#6978);
#6977 = CARTESIAN_POINT('',(3.14159265359,7.105427357601E-14));
#6978 = VECTOR('',#6979,1.);
#6979 = DIRECTION('',(0.,1.));
#6980 = ( GEOMETRIC_REPRESENTATION_CONTEXT(2) 
PARAMETRIC_REPRESENTATION_CONTEXT() REPRESENTATION_CONTEXT('2D SPACE',''
  ) );
#6981 = ADVANCED_FACE('',(#6982),#3650,.T.);
#6982 = FACE_BOUND('',#6983,.T.);
#6983 = EDGE_LOOP('',(#6984,#6985,#6986,#6987));
#6984 = ORIENTED_EDGE('',*,*,#3633,.F.);
#6985 = ORIENTED_EDGE('',*,*,#6961,.F.);
#6986 = ORIENTED_EDGE('',*,*,#6248,.F.);
#6987 = ORIENTED_EDGE('',*,*,#6988,.T.);
#6988 = EDGE_CURVE('',#6226,#3634,#6989,.T.);
#6989 = SURFACE_CURVE('',#6990,(#6994,#7001),.PCURVE_S1.);
#6990 = LINE('',#6991,#6992);
#6991 = CARTESIAN_POINT('',(38.300000000004,-28.20000000025,-16.07));
#6992 = VECTOR('',#6993,1.);
#6993 = DIRECTION('',(-1.,1.055180248732E-13,-2.517430708338E-14));
#6994 = PCURVE('',#3650,#6995);
#6995 = DEFINITIONAL_REPRESENTATION('',(#6996),#7000);
#6996 = LINE('',#6997,#6998);
#6997 = CARTESIAN_POINT('',(4.712388980385,-2.700062395888E-13));
#6998 = VECTOR('',#6999,1.);
#6999 = DIRECTION('',(0.,1.));
#7000 = ( GEOMETRIC_REPRESENTATION_CONTEXT(2) 
PARAMETRIC_REPRESENTATION_CONTEXT() REPRESENTATION_CONTEXT('2D SPACE',''
  ) );
#7001 = PCURVE('',#3678,#7002);
#7002 = DEFINITIONAL_REPRESENTATION('',(#7003),#7007);
#7003 = LINE('',#7004,#7005);
#7004 = CARTESIAN_POINT('',(-7.529999999999,-51.2));
#7005 = VECTOR('',#7006,1.);
#7006 = DIRECTION('',(-4.335579535095E-27,1.));
#7007 = ( GEOMETRIC_REPRESENTATION_CONTEXT(2) 
PARAMETRIC_REPRESENTATION_CONTEXT() REPRESENTATION_CONTEXT('2D SPACE',''
  ) );
#7008 = ADVANCED_FACE('',(#7009),#3357,.T.);
#7009 = FACE_BOUND('',#7010,.T.);
#7010 = EDGE_LOOP('',(#7011,#7012,#7033,#7034));
#7011 = ORIENTED_EDGE('',*,*,#3340,.F.);
#7012 = ORIENTED_EDGE('',*,*,#7013,.F.);
#7013 = EDGE_CURVE('',#6496,#3313,#7014,.T.);
#7014 = SURFACE_CURVE('',#7015,(#7019,#7026),.PCURVE_S1.);
#7015 = LINE('',#7016,#7017);
#7016 = CARTESIAN_POINT('',(38.300000000005,28.200000000247,-16.07));
#7017 = VECTOR('',#7018,1.);
#7018 = DIRECTION('',(-1.,1.055180248732E-13,-2.517430708338E-14));
#7019 = PCURVE('',#3357,#7020);
#7020 = DEFINITIONAL_REPRESENTATION('',(#7021),#7025);
#7021 = LINE('',#7022,#7023);
#7022 = CARTESIAN_POINT('',(1.570796326795,2.700062395888E-13));
#7023 = VECTOR('',#7024,1.);
#7024 = DIRECTION('',(0.,1.));
#7025 = ( GEOMETRIC_REPRESENTATION_CONTEXT(2) 
PARAMETRIC_REPRESENTATION_CONTEXT() REPRESENTATION_CONTEXT('2D SPACE',''
  ) );
#7026 = PCURVE('',#3328,#7027);
#7027 = DEFINITIONAL_REPRESENTATION('',(#7028),#7032);
#7028 = LINE('',#7029,#7030);
#7029 = CARTESIAN_POINT('',(7.529999999999,-51.2));
#7030 = VECTOR('',#7031,1.);
#7031 = DIRECTION('',(4.335579535095E-27,1.));
#7032 = ( GEOMETRIC_REPRESENTATION_CONTEXT(2) 
PARAMETRIC_REPRESENTATION_CONTEXT() REPRESENTATION_CONTEXT('2D SPACE',''
  ) );
#7033 = ORIENTED_EDGE('',*,*,#6495,.F.);
#7034 = ORIENTED_EDGE('',*,*,#7035,.T.);
#7035 = EDGE_CURVE('',#6473,#3341,#7036,.T.);
#7036 = SURFACE_CURVE('',#7037,(#7041,#7048),.PCURVE_S1.);
#7037 = LINE('',#7038,#7039);
#7038 = CARTESIAN_POINT('',(38.300000000005,25.700000000247,-18.57));
#7039 = VECTOR('',#7040,1.);
#7040 = DIRECTION('',(-1.,1.055180248732E-13,-2.517430708338E-14));
#7041 = PCURVE('',#3357,#7042);
#7042 = DEFINITIONAL_REPRESENTATION('',(#7043),#7047);
#7043 = LINE('',#7044,#7045);
#7044 = CARTESIAN_POINT('',(3.14159265359,7.105427357601E-14));
#7045 = VECTOR('',#7046,1.);
#7046 = DIRECTION('',(0.,1.));
#7047 = ( GEOMETRIC_REPRESENTATION_CONTEXT(2) 
PARAMETRIC_REPRESENTATION_CONTEXT() REPRESENTATION_CONTEXT('2D SPACE',''
  ) );
#7048 = PCURVE('',#3385,#7049);
#7049 = DEFINITIONAL_REPRESENTATION('',(#7050),#7054);
#7050 = LINE('',#7051,#7052);
#7051 = CARTESIAN_POINT('',(7.700064369787E-13,2.130000001));
#7052 = VECTOR('',#7053,1.);
#7053 = DIRECTION('',(-1.,2.974021020506E-30));
#7054 = ( GEOMETRIC_REPRESENTATION_CONTEXT(2) 
PARAMETRIC_REPRESENTATION_CONTEXT() REPRESENTATION_CONTEXT('2D SPACE',''
  ) );
#7055 = ADVANCED_FACE('',(#7056),#3385,.F.);
#7056 = FACE_BOUND('',#7057,.T.);
#7057 = EDGE_LOOP('',(#7058,#7059,#7060,#7061));
#7058 = ORIENTED_EDGE('',*,*,#3369,.F.);
#7059 = ORIENTED_EDGE('',*,*,#7035,.F.);
#7060 = ORIENTED_EDGE('',*,*,#6472,.F.);
#7061 = ORIENTED_EDGE('',*,*,#7062,.T.);
#7062 = EDGE_CURVE('',#6449,#3370,#7063,.T.);
#7063 = SURFACE_CURVE('',#7064,(#7068,#7075),.PCURVE_S1.);
#7064 = LINE('',#7065,#7066);
#7065 = CARTESIAN_POINT('',(38.300000000004,23.569999999247,-18.57));
#7066 = VECTOR('',#7067,1.);
#7067 = DIRECTION('',(-1.,1.055180248732E-13,-2.517430708338E-14));
#7068 = PCURVE('',#3385,#7069);
#7069 = DEFINITIONAL_REPRESENTATION('',(#7070),#7074);
#7070 = LINE('',#7071,#7072);
#7071 = CARTESIAN_POINT('',(0.,0.));
#7072 = VECTOR('',#7073,1.);
#7073 = DIRECTION('',(-1.,2.974021020506E-30));
#7074 = ( GEOMETRIC_REPRESENTATION_CONTEXT(2) 
PARAMETRIC_REPRESENTATION_CONTEXT() REPRESENTATION_CONTEXT('2D SPACE',''
  ) );
#7075 = PCURVE('',#3418,#7076);
#7076 = DEFINITIONAL_REPRESENTATION('',(#7077),#7081);
#7077 = LINE('',#7078,#7079);
#7078 = CARTESIAN_POINT('',(6.28318530718,-1.278976924368E-13));
#7079 = VECTOR('',#7080,1.);
#7080 = DIRECTION('',(0.,1.));
#7081 = ( GEOMETRIC_REPRESENTATION_CONTEXT(2) 
PARAMETRIC_REPRESENTATION_CONTEXT() REPRESENTATION_CONTEXT('2D SPACE',''
  ) );
#7082 = ADVANCED_FACE('',(#7083),#3418,.F.);
#7083 = FACE_BOUND('',#7084,.F.);
#7084 = EDGE_LOOP('',(#7085,#7086,#7107,#7108));
#7085 = ORIENTED_EDGE('',*,*,#3397,.T.);
#7086 = ORIENTED_EDGE('',*,*,#7087,.F.);
#7087 = EDGE_CURVE('',#6426,#3398,#7088,.T.);
#7088 = SURFACE_CURVE('',#7089,(#7093,#7100),.PCURVE_S1.);
#7089 = LINE('',#7090,#7091);
#7090 = CARTESIAN_POINT('',(38.300000000004,18.569999999247,-23.57));
#7091 = VECTOR('',#7092,1.);
#7092 = DIRECTION('',(-1.,1.055180248732E-13,-2.517430708338E-14));
#7093 = PCURVE('',#3418,#7094);
#7094 = DEFINITIONAL_REPRESENTATION('',(#7095),#7099);
#7095 = LINE('',#7096,#7097);
#7096 = CARTESIAN_POINT('',(4.712388980385,-5.400124791777E-13));
#7097 = VECTOR('',#7098,1.);
#7098 = DIRECTION('',(0.,1.));
#7099 = ( GEOMETRIC_REPRESENTATION_CONTEXT(2) 
PARAMETRIC_REPRESENTATION_CONTEXT() REPRESENTATION_CONTEXT('2D SPACE',''
  ) );
#7100 = PCURVE('',#3446,#7101);
#7101 = DEFINITIONAL_REPRESENTATION('',(#7102),#7106);
#7102 = LINE('',#7103,#7104);
#7103 = CARTESIAN_POINT('',(0.,0.));
#7104 = VECTOR('',#7105,1.);
#7105 = DIRECTION('',(4.17780735405E-27,1.));
#7106 = ( GEOMETRIC_REPRESENTATION_CONTEXT(2) 
PARAMETRIC_REPRESENTATION_CONTEXT() REPRESENTATION_CONTEXT('2D SPACE',''
  ) );
#7107 = ORIENTED_EDGE('',*,*,#6448,.T.);
#7108 = ORIENTED_EDGE('',*,*,#7062,.T.);
#7109 = ADVANCED_FACE('',(#7110),#3446,.F.);
#7110 = FACE_BOUND('',#7111,.T.);
#7111 = EDGE_LOOP('',(#7112,#7113,#7114,#7115));
#7112 = ORIENTED_EDGE('',*,*,#3430,.F.);
#7113 = ORIENTED_EDGE('',*,*,#7087,.F.);
#7114 = ORIENTED_EDGE('',*,*,#6425,.F.);
#7115 = ORIENTED_EDGE('',*,*,#7116,.T.);
#7116 = EDGE_CURVE('',#6398,#3431,#7117,.T.);
#7117 = SURFACE_CURVE('',#7118,(#7122,#7129),.PCURVE_S1.);
#7118 = LINE('',#7119,#7120);
#7119 = CARTESIAN_POINT('',(38.300000000004,18.569999999247,-25.7));
#7120 = VECTOR('',#7121,1.);
#7121 = DIRECTION('',(-1.,1.055180248732E-13,-2.517430708338E-14));
#7122 = PCURVE('',#3446,#7123);
#7123 = DEFINITIONAL_REPRESENTATION('',(#7124),#7128);
#7124 = LINE('',#7125,#7126);
#7125 = CARTESIAN_POINT('',(-2.13,5.36212740876E-14));
#7126 = VECTOR('',#7127,1.);
#7127 = DIRECTION('',(4.17780735405E-27,1.));
#7128 = ( GEOMETRIC_REPRESENTATION_CONTEXT(2) 
PARAMETRIC_REPRESENTATION_CONTEXT() REPRESENTATION_CONTEXT('2D SPACE',''
  ) );
#7129 = PCURVE('',#3475,#7130);
#7130 = DEFINITIONAL_REPRESENTATION('',(#7131),#7135);
#7131 = LINE('',#7132,#7133);
#7132 = CARTESIAN_POINT('',(1.570796326795,2.557953848736E-13));
#7133 = VECTOR('',#7134,1.);
#7134 = DIRECTION('',(0.,1.));
#7135 = ( GEOMETRIC_REPRESENTATION_CONTEXT(2) 
PARAMETRIC_REPRESENTATION_CONTEXT() REPRESENTATION_CONTEXT('2D SPACE',''
  ) );
#7136 = ADVANCED_FACE('',(#7137),#3475,.T.);
#7137 = FACE_BOUND('',#7138,.T.);
#7138 = EDGE_LOOP('',(#7139,#7140,#7141,#7142));
#7139 = ORIENTED_EDGE('',*,*,#3458,.F.);
#7140 = ORIENTED_EDGE('',*,*,#7116,.F.);
#7141 = ORIENTED_EDGE('',*,*,#6397,.F.);
#7142 = ORIENTED_EDGE('',*,*,#7143,.T.);
#7143 = EDGE_CURVE('',#6375,#3459,#7144,.T.);
#7144 = SURFACE_CURVE('',#7145,(#7149,#7156),.PCURVE_S1.);
#7145 = LINE('',#7146,#7147);
#7146 = CARTESIAN_POINT('',(38.300000000004,16.069999999247,-28.2));
#7147 = VECTOR('',#7148,1.);
#7148 = DIRECTION('',(-1.,1.055180248732E-13,-2.517430708338E-14));
#7149 = PCURVE('',#3475,#7150);
#7150 = DEFINITIONAL_REPRESENTATION('',(#7151),#7155);
#7151 = LINE('',#7152,#7153);
#7152 = CARTESIAN_POINT('',(3.14159265359,7.105427357601E-14));
#7153 = VECTOR('',#7154,1.);
#7154 = DIRECTION('',(0.,1.));
#7155 = ( GEOMETRIC_REPRESENTATION_CONTEXT(2) 
PARAMETRIC_REPRESENTATION_CONTEXT() REPRESENTATION_CONTEXT('2D SPACE',''
  ) );
#7156 = PCURVE('',#3503,#7157);
#7157 = DEFINITIONAL_REPRESENTATION('',(#7158),#7162);
#7158 = LINE('',#7159,#7160);
#7159 = CARTESIAN_POINT('',(51.199999999996,39.669999999505));
#7160 = VECTOR('',#7161,1.);
#7161 = DIRECTION('',(-1.,2.974021020506E-30));
#7162 = ( GEOMETRIC_REPRESENTATION_CONTEXT(2) 
PARAMETRIC_REPRESENTATION_CONTEXT() REPRESENTATION_CONTEXT('2D SPACE',''
  ) );
#7163 = ADVANCED_FACE('',(#7164),#3503,.F.);
#7164 = FACE_BOUND('',#7165,.T.);
#7165 = EDGE_LOOP('',(#7166,#7167,#7168,#7169));
#7166 = ORIENTED_EDGE('',*,*,#3487,.F.);
#7167 = ORIENTED_EDGE('',*,*,#7143,.F.);
#7168 = ORIENTED_EDGE('',*,*,#6374,.F.);
#7169 = ORIENTED_EDGE('',*,*,#6858,.T.);
#7170 = ADVANCED_FACE('',(#7171),#3678,.F.);
#7171 = FACE_BOUND('',#7172,.T.);
#7172 = EDGE_LOOP('',(#7173,#7174,#7175,#7176));
#7173 = ORIENTED_EDGE('',*,*,#3662,.F.);
#7174 = ORIENTED_EDGE('',*,*,#6988,.F.);
#7175 = ORIENTED_EDGE('',*,*,#6225,.F.);
#7176 = ORIENTED_EDGE('',*,*,#6703,.T.);
#7177 = ADVANCED_FACE('',(#7178),#3853,.F.);
#7178 = FACE_BOUND('',#7179,.T.);
#7179 = EDGE_LOOP('',(#7180,#7181,#7182,#7183));
#7180 = ORIENTED_EDGE('',*,*,#3837,.F.);
#7181 = ORIENTED_EDGE('',*,*,#6833,.F.);
#7182 = ORIENTED_EDGE('',*,*,#6076,.F.);
#7183 = ORIENTED_EDGE('',*,*,#6548,.T.);
#7184 = ADVANCED_FACE('',(#7185),#3328,.F.);
#7185 = FACE_BOUND('',#7186,.T.);
#7186 = EDGE_LOOP('',(#7187,#7188,#7189,#7190));
#7187 = ORIENTED_EDGE('',*,*,#3312,.F.);
#7188 = ORIENTED_EDGE('',*,*,#6678,.F.);
#7189 = ORIENTED_EDGE('',*,*,#6523,.F.);
#7190 = ORIENTED_EDGE('',*,*,#7013,.T.);
#7191 = ( GEOMETRIC_REPRESENTATION_CONTEXT(3) 
GLOBAL_UNCERTAINTY_ASSIGNED_CONTEXT((#7195)) 
GLOBAL_UNIT_ASSIGNED_CONTEXT((#7192,#7193,#7194)) REPRESENTATION_CONTEXT
('Context #1','3D Context with UNIT and UNCERTAINTY') );
#7192 = ( LENGTH_UNIT() NAMED_UNIT(*) SI_UNIT(.MILLI.,.METRE.) );
#7193 = ( NAMED_UNIT(*) PLANE_ANGLE_UNIT() SI_UNIT($,.RADIAN.) );
#7194 = ( NAMED_UNIT(*) SI_UNIT($,.STERADIAN.) SOLID_ANGLE_UNIT() );
#7195 = UNCERTAINTY_MEASURE_WITH_UNIT(LENGTH_MEASURE(1.E-07),#7192,
  'distance_accuracy_value','confusion accuracy');
#7196 = PRODUCT_RELATED_PRODUCT_CATEGORY('part',$,(#7));
ENDSEC;
END-ISO-10303-21;
